Customer ID,total_revenue,total_orders,first_purchase,last_purchase,lifespan_days,AOV,Segment
12346,77556.46,12,2009-12-14 08:34:00,2011-01-18 10:01:00,400,6463.038333333334,At risk
12347,5408.5,7,2010-10-31 14:20:00,2011-10-31 12:25:00,364,772.6428571428571,Champions
12348,2019.4,5,2010-09-27 14:59:00,2011-09-25 13:13:00,362,403.88,Loyal
12349,4428.69,4,2010-04-29 13:20:00,2011-11-21 09:51:00,570,1107.1725,Loyal
12350,334.4,1,2011-02-02 16:01:00,2011-02-02 16:01:00,1,334.4,Lost
12351,300.93,1,2010-11-29 15:23:00,2010-11-29 15:23:00,1,300.93,Lost
12352,2849.84,10,2010-11-12 10:20:00,2011-11-03 14:37:00,356,284.98400000000004,Champions
12353,406.76,2,2010-10-27 12:44:00,2011-05-19 17:47:00,204,203.38,Lost
12354,1079.4,1,2011-04-21 13:11:00,2011-04-21 13:11:00,1,1079.4,Lost
12355,947.61,2,2010-05-21 11:59:00,2011-05-09 13:49:00,353,473.805,Lost
12356,6373.68,6,2010-10-11 09:42:00,2011-11-17 08:40:00,401,1062.28,Champions
12357,18287.66,3,2010-11-16 10:05:00,2011-11-06 16:07:00,355,6095.886666666666,Loyal
12358,3203.87,4,2009-12-08 07:59:00,2011-07-12 10:04:00,581,800.9675,Loyal
12359,8935.94,10,2009-12-05 13:32:00,2011-10-13 12:47:00,676,893.594,Champions
12360,4252.89,8,2010-02-22 09:32:00,2011-10-18 15:22:00,603,531.61125,Champions
12361,511.25,4,2010-01-26 14:37:00,2011-02-25 13:51:00,394,127.8125,At risk
12362,4827.19,10,2009-12-01 10:10:00,2011-11-04 09:07:00,702,482.71899999999994,Champions
12363,552.0,2,2011-04-11 13:29:00,2011-08-22 10:18:00,132,276.0,Potential loyalists
12364,1313.1,4,2011-08-19 15:24:00,2011-12-02 10:22:00,104,328.275,Loyal
12365,641.38,2,2011-02-21 13:51:00,2011-02-21 14:04:00,1,320.69,Lost
12366,500.24,1,2010-03-16 10:28:00,2010-03-16 10:28:00,1,500.24,Lost
12368,917.6999999999999,1,2010-03-21 15:56:00,2010-03-21 15:56:00,1,917.6999999999999,Lost
12369,1791.15,3,2010-03-08 08:09:00,2010-10-22 13:13:00,228,597.0500000000001,At risk
12370,4320.31,7,2010-02-09 09:41:00,2011-10-19 14:51:00,617,617.1871428571429,Champions
12371,4067.38,5,2010-03-04 18:23:00,2011-10-26 10:16:00,600,813.476,Champions
12372,1298.04,3,2011-02-16 12:46:00,2011-09-29 12:12:00,224,432.68,Loyal
12373,1127.65,3,2010-02-04 12:08:00,2011-02-01 13:10:00,362,375.8833333333334,At risk
12374,2989.2200000000003,4,2010-04-30 14:01:00,2011-11-14 15:37:00,563,747.3050000000001,Loyal
12375,457.5,2,2011-09-02 14:23:00,2011-11-29 10:36:00,87,228.75,New customers
12376,503.15,2,2010-10-18 08:42:00,2010-11-15 12:15:00,28,251.575,Lost
12377,3426.32,4,2010-04-29 15:34:00,2011-01-28 15:45:00,274,856.58,At risk
12378,5416.32,2,2010-05-26 14:07:00,2011-08-02 10:34:00,432,2708.16,Potential loyalists
12379,1620.22,4,2010-06-23 12:49:00,2011-09-19 10:09:00,452,405.055,Loyal
12380,9676.300000000001,11,2010-02-15 12:05:00,2011-11-18 11:27:00,640,879.6636363636364,Champions
12381,1698.3,4,2011-08-12 09:57:00,2011-11-06 13:36:00,86,424.575,Loyal
12383,1850.56,5,2010-12-22 14:28:00,2011-06-08 08:02:00,167,370.11199999999997,Loyal
12384,585.27,2,2011-08-10 11:23:00,2011-11-11 08:39:00,92,292.635,New customers
12385,1938.4,1,2010-11-25 15:14:00,2010-11-25 15:14:00,1,1938.4,Lost
12386,660.8,2,2010-12-08 09:53:00,2011-01-06 12:37:00,29,330.4,Lost
12387,143.94,1,2010-10-20 16:27:00,2010-10-20 16:27:00,1,143.94,Lost
12388,3901.11,8,2010-05-06 12:54:00,2011-11-24 12:30:00,566,487.63875,Champions
12389,1433.33,3,2010-02-22 10:15:00,2010-11-02 11:52:00,253,477.77666666666664,At risk
12390,549.84,1,2011-09-21 09:33:00,2011-09-21 09:33:00,1,549.84,Potential loyalists
12391,2773.42,6,2010-02-15 10:12:00,2011-11-18 12:07:00,641,462.2366666666667,Champions
12392,234.75000000000003,1,2010-04-27 14:04:00,2010-04-27 14:04:00,1,234.75000000000003,Lost
12393,2399.4500000000003,6,2010-10-07 13:49:00,2011-09-28 15:41:00,356,399.90833333333336,Loyal
12394,1272.48,2,2011-05-06 14:01:00,2011-10-07 08:08:00,153,636.24,New customers
12395,5067.27,15,2010-04-16 10:16:00,2011-11-20 15:21:00,583,337.81800000000004,Champions
12396,931.43,1,2010-02-03 13:22:00,2010-02-03 13:22:00,1,931.43,Lost
12397,2409.9,2,2011-07-27 14:21:00,2011-11-04 09:52:00,99,1204.95,New customers
12398,1635.6599999999999,1,2011-10-25 10:27:00,2011-10-25 10:27:00,1,1635.6599999999999,New customers
12399,1962.3,7,2010-03-05 08:45:00,2011-08-12 13:15:00,525,280.3285714285714,Loyal
12400,205.25,1,2010-10-21 13:45:00,2010-10-21 13:45:00,1,205.25,Lost
12401,84.3,1,2011-02-09 13:50:00,2011-02-09 13:50:00,1,84.3,Lost
12402,1256.9,6,2010-02-07 12:41:00,2011-01-20 13:49:00,347,209.48333333333335,At risk
12403,1019.36,2,2010-07-06 11:39:00,2011-10-21 10:51:00,471,509.68,New customers
12404,63.24,1,2010-01-26 16:25:00,2010-01-26 16:25:00,1,63.24,Lost
12405,1710.39,1,2011-07-14 08:52:00,2011-07-14 08:52:00,1,1710.39,Potential loyalists
12406,6390.36,5,2010-01-11 14:04:00,2011-11-17 19:22:00,675,1278.072,Champions
12407,1708.1200000000001,5,2011-03-20 13:21:00,2011-10-21 10:11:00,214,341.624,Champions
12408,4340.7699999999995,8,2010-07-29 13:27:00,2011-11-07 12:27:00,465,542.5962499999999,Champions
12409,23419.29,7,2010-05-23 15:21:00,2011-09-22 10:38:00,486,3345.612857142857,Loyal
12410,1013.71,3,2010-07-25 13:26:00,2011-02-04 10:39:00,193,337.90333333333336,At risk
12411,346.9,1,2010-10-26 09:25:00,2010-10-26 09:25:00,1,346.9,Lost
12412,2596.93,6,2010-06-18 13:22:00,2011-09-26 10:16:00,464,432.82166666666666,Loyal
12413,999.45,4,2010-11-02 13:26:00,2011-10-04 09:00:00,335,249.8625,Loyal
12414,952.41,6,2010-09-02 12:22:00,2011-05-06 14:51:00,246,158.73499999999999,At risk
12415,144458.37,28,2010-06-30 08:30:00,2011-11-15 14:22:00,503,5159.2275,Champions
12416,202.56,1,2010-02-21 10:19:00,2010-02-21 10:19:00,1,202.56,Lost
12417,6447.18,19,2009-12-06 10:30:00,2011-10-31 16:02:00,694,339.32526315789477,Champions
12418,2021.2,4,2010-03-19 14:47:00,2011-08-19 11:08:00,517,505.3,Loyal
12419,503.01,2,2010-10-22 10:40:00,2010-11-19 10:04:00,27,251.505,Lost
12420,600.39,1,2011-10-07 08:55:00,2011-10-07 08:55:00,1,600.39,New customers
12421,1098.6,6,2010-07-22 13:57:00,2011-11-24 09:07:00,489,183.1,Champions
12422,5231.8,17,2009-12-18 12:44:00,2011-09-05 09:48:00,625,307.7529411764706,Loyal
12423,2413.75,9,2010-08-31 09:31:00,2011-08-31 08:55:00,364,268.19444444444446,Loyal
12424,3340.03,4,2010-06-09 15:15:00,2011-06-30 12:06:00,385,835.0075,Loyal
12425,1741.41,2,2010-09-17 14:10:00,2011-09-22 17:31:00,370,870.705,Potential loyalists
12426,1345.21,2,2010-02-15 08:41:00,2011-05-29 12:26:00,468,672.605,Potential loyalists
12427,1129.3,3,2010-12-03 10:44:00,2011-11-18 08:56:00,349,376.43333333333334,Loyal
12428,7956.46,9,2011-03-01 09:33:00,2011-11-14 08:22:00,257,884.0511111111111,Champions
12429,7485.91,8,2010-06-11 13:28:00,2011-11-30 17:22:00,537,935.73875,Champions
12430,256.4,1,2011-10-27 15:09:00,2011-10-27 15:09:00,1,256.4,New customers
12431,10857.97,27,2010-01-15 09:04:00,2011-11-04 11:55:00,658,402.147037037037,Champions
12432,5059.32,5,2011-06-20 13:27:00,2011-10-28 11:43:00,129,1011.8639999999999,Champions
12433,17942.57,8,2010-08-20 09:23:00,2011-11-30 14:05:00,467,2242.82125,Champions
12434,1103.43,3,2010-11-23 13:38:00,2011-09-16 12:38:00,296,367.81,Loyal
12435,13925.93,6,2009-12-02 13:58:00,2011-09-21 09:06:00,657,2320.9883333333332,Loyal
12436,509.01,1,2011-09-01 12:09:00,2011-09-01 12:09:00,1,509.01,Potential loyalists
12437,12517.5,38,2009-12-02 16:24:00,2011-11-30 16:47:00,728,329.4078947368421,Champions
12438,2906.85,2,2011-07-22 13:29:00,2011-11-25 13:28:00,125,1453.425,New customers
12439,1158.18,2,2009-12-14 08:40:00,2010-01-26 12:11:00,43,579.09,Lost
12440,859.2,2,2009-12-22 12:03:00,2010-09-03 13:11:00,255,429.6,Lost
12441,347.1,1,2010-12-08 10:45:00,2010-12-08 10:45:00,1,347.1,Lost
12443,485.31,1,2009-12-07 15:42:00,2009-12-07 15:42:00,1,485.31,Lost
12444,5005.46,5,2011-06-21 14:00:00,2011-11-18 13:23:00,149,1001.092,Champions
12445,434.98,2,2010-10-15 12:28:00,2011-11-17 18:43:00,398,217.49,New customers
12446,1002.3100000000001,1,2011-10-13 12:50:00,2011-10-13 12:50:00,1,1002.3100000000001,New customers
12447,476.49,1,2011-04-10 13:25:00,2011-04-10 13:25:00,1,476.49,Lost
12448,449.45,1,2011-10-26 13:46:00,2011-10-26 13:46:00,1,449.45,New customers
12449,4835.89,6,2010-09-27 09:37:00,2011-11-17 13:46:00,416,805.9816666666667,Champions
12450,688.2,5,2010-08-22 13:11:00,2011-07-06 14:41:00,318,137.64000000000001,Loyal
12451,12669.88,8,2010-06-28 12:58:00,2011-11-29 08:40:00,518,1583.735,Champions
12452,430.57,2,2011-11-23 08:05:00,2011-11-23 10:28:00,1,215.285,New customers
12453,707.09,1,2011-07-28 14:08:00,2011-07-28 14:08:00,1,707.09,Potential loyalists
12454,16679.78,5,2010-10-14 17:33:00,2011-10-14 17:13:00,364,3335.9559999999997,Champions
12455,5879.95,10,2009-12-18 12:33:00,2011-09-27 15:31:00,648,587.995,Loyal
12456,3181.04,3,2011-03-30 09:12:00,2011-10-26 14:41:00,210,1060.3466666666666,Loyal
12457,2995.91,8,2010-09-30 17:59:00,2011-10-04 13:13:00,368,374.48875,Loyal
12458,1777.49,4,2010-08-09 10:33:00,2011-09-29 15:25:00,416,444.3725,Loyal
12459,454.36,1,2010-04-13 14:53:00,2010-04-13 14:53:00,1,454.36,Lost
12460,326.65,1,2010-09-09 13:51:00,2010-09-09 13:51:00,1,326.65,Lost
12461,826.88,2,2011-07-08 10:23:00,2011-09-06 16:57:00,60,413.44,Potential loyalists
12462,1189.59,2,2011-02-09 14:44:00,2011-11-21 09:11:00,284,594.795,New customers
12463,1344.78,4,2011-04-12 12:47:00,2011-10-17 13:44:00,188,336.195,Loyal
12464,1212.05,8,2011-02-03 13:30:00,2011-11-29 13:33:00,299,151.50625,Champions
12465,742.1899999999999,2,2011-06-23 13:37:00,2011-11-22 16:34:00,152,371.09499999999997,New customers
12466,56.73,1,2010-01-26 16:26:00,2010-01-26 16:26:00,1,56.73,Lost
12467,132.8,1,2010-10-12 15:41:00,2010-10-12 15:41:00,1,132.8,Lost
12468,3670.74,5,2010-01-26 10:09:00,2011-06-05 11:36:00,495,734.1479999999999,Loyal
12469,3070.54,2,2010-06-21 10:30:00,2010-07-05 12:40:00,14,1535.27,Lost
12470,211.95,1,2010-01-19 11:01:00,2010-01-19 11:01:00,1,211.95,Lost
12471,37725.28,78,2009-12-07 10:41:00,2011-11-29 13:01:00,722,483.6574358974359,Champions
12472,17880.59,19,2009-12-14 10:49:00,2011-11-07 14:01:00,693,941.0836842105264,Champions
12473,3938.5499999999997,5,2011-06-01 10:15:00,2011-11-10 13:46:00,162,787.7099999999999,Champions
12474,12424.45,31,2010-02-11 09:41:00,2011-11-22 14:39:00,649,400.7887096774194,Champions
12475,1149.64,2,2010-10-26 08:49:00,2011-10-17 10:10:00,356,574.82,New customers
12476,14115.41,23,2010-07-26 09:04:00,2011-11-24 12:40:00,486,613.7134782608696,Champions
12477,20276.37,9,2010-03-26 14:01:00,2011-11-17 09:51:00,600,2252.93,Champions
12479,527.2,1,2011-11-28 13:26:00,2011-11-28 13:26:00,1,527.2,New customers
12480,5464.85,7,2010-07-20 13:21:00,2011-11-11 14:52:00,479,780.6928571428572,Champions
12481,12361.39,15,2010-04-11 13:10:00,2011-11-17 08:29:00,584,824.0926666666667,Champions
12482,23691.4,29,2010-02-24 10:24:00,2010-05-12 16:51:00,77,816.944827586207,At risk
12483,5120.58,19,2010-01-31 13:28:00,2011-11-22 17:02:00,660,269.5042105263158,Champions
12484,6370.15,12,2010-01-27 16:41:00,2011-11-07 11:37:00,648,530.8458333333333,Champions
12485,708.1,1,2010-06-28 15:22:00,2010-06-28 15:22:00,1,708.1,Lost
12486,1037.28,1,2010-10-04 12:14:00,2010-10-04 12:14:00,1,1037.28,Lost
12487,285.29999999999995,1,2009-12-09 11:36:00,2009-12-09 11:36:00,1,285.29999999999995,Lost
12488,1298.66,3,2011-09-25 10:34:00,2011-11-30 08:50:00,65,432.8866666666667,Loyal
12489,334.93,1,2011-01-07 13:13:00,2011-01-07 13:13:00,1,334.93,Lost
12490,9361.34,20,2009-12-01 12:52:00,2011-11-22 11:19:00,720,468.067,Champions
12491,460.40000000000003,1,2011-11-01 12:18:00,2011-11-01 12:18:00,1,460.40000000000003,New customers
12492,715.21,3,2010-11-01 14:58:00,2011-10-07 15:15:00,340,238.40333333333334,Loyal
12493,433.74,2,2011-05-26 14:53:00,2011-06-27 10:17:00,31,216.87,Potential loyalists
12494,1872.8700000000001,9,2010-05-12 13:52:00,2011-11-24 09:34:00,560,208.0966666666667,Champions
12495,357.4,1,2010-03-09 10:53:00,2010-03-09 10:53:00,1,357.4,Lost
12496,54.09,2,2010-03-29 13:57:00,2010-03-29 14:06:00,1,27.045,Lost
12497,6248.5,3,2010-03-05 09:39:00,2011-09-19 12:29:00,563,2082.8333333333335,Loyal
12498,403.70000000000005,3,2011-10-13 09:30:00,2011-11-18 12:53:00,36,134.5666666666667,Loyal
12499,393.72,1,2010-05-28 15:12:00,2010-05-28 15:12:00,1,393.72,Lost
12500,5955.21,19,2010-02-04 15:05:00,2011-11-16 16:20:00,650,313.4321052631579,Champions
12501,2169.39,1,2011-01-07 12:28:00,2011-01-07 12:28:00,1,2169.39,Lost
12502,3723.87,5,2011-02-03 10:41:00,2011-09-05 11:52:00,214,744.774,Loyal
12503,1126.0,1,2010-05-04 13:59:00,2010-05-04 13:59:00,1,1126.0,Lost
12504,779.05,4,2010-04-22 10:24:00,2011-11-21 16:02:00,578,194.7625,Loyal
12505,955.2,1,2010-10-27 09:18:00,2010-10-27 09:18:00,1,955.2,Lost
12506,73.5,1,2011-04-21 08:54:00,2011-04-21 08:54:00,1,73.5,Lost
12507,1844.06,4,2010-05-04 09:23:00,2011-07-28 17:09:00,450,461.015,Loyal
12508,398.27,2,2011-11-10 16:27:00,2011-11-13 15:37:00,2,199.135,New customers
12509,176.5,1,2011-02-28 14:45:00,2011-02-28 14:45:00,1,176.5,Lost
12510,5178.02,9,2009-12-04 13:47:00,2011-07-20 10:15:00,592,575.3355555555556,Loyal
12511,3084.02,1,2010-10-07 10:39:00,2010-10-07 10:39:00,1,3084.02,Lost
12512,138.03,2,2011-10-04 14:53:00,2011-10-04 14:55:00,1,69.015,Potential loyalists
12513,612.29,1,2011-08-19 10:51:00,2011-08-19 10:51:00,1,612.29,Potential loyalists
12514,1597.76,2,2010-03-08 12:18:00,2011-03-17 16:38:00,374,798.88,Lost
12515,383.7,1,2010-12-21 15:43:00,2010-12-21 15:43:00,1,383.7,Lost
12516,2648.62,4,2010-04-19 14:14:00,2011-09-23 09:13:00,521,662.155,Loyal
12517,2502.84,5,2011-06-02 15:13:00,2011-11-11 14:04:00,161,500.56800000000004,Champions
12518,1717.75,4,2011-08-21 13:18:00,2011-11-11 11:18:00,81,429.4375,Loyal
12519,726.54,2,2010-08-20 08:21:00,2011-10-07 09:26:00,413,363.27,New customers
12520,2634.26,5,2011-03-11 11:35:00,2011-09-21 15:23:00,194,526.8520000000001,Loyal
12521,599.68,1,2011-07-20 10:51:00,2011-07-20 10:51:00,1,599.68,Potential loyalists
12522,192.72,2,2011-10-19 14:41:00,2011-10-31 15:30:00,12,96.36,New customers
12523,4372.15,23,2009-12-07 13:46:00,2011-11-20 12:55:00,712,190.09347826086955,Champions
12524,11126.11,17,2010-02-08 14:41:00,2011-11-30 15:31:00,660,654.4770588235294,Champions
12525,973.73,3,2010-03-02 14:01:00,2010-07-29 16:08:00,149,324.57666666666665,At risk
12526,1039.58,2,2011-09-06 14:19:00,2011-10-17 09:37:00,40,519.79,New customers
12527,735.51,5,2010-06-28 15:37:00,2011-09-19 11:55:00,447,147.102,Loyal
12528,1933.48,6,2011-01-31 09:05:00,2011-11-30 14:40:00,303,322.24666666666667,Champions
12529,316.48,1,2010-06-29 13:10:00,2010-06-29 13:10:00,1,316.48,Lost
12530,3759.26,9,2010-03-07 14:37:00,2011-10-11 12:34:00,582,417.6955555555556,Champions
12531,1933.2,2,2010-01-22 14:17:00,2011-11-25 11:12:00,671,966.6,New customers
12532,349.83000000000004,1,2011-11-09 13:47:00,2011-11-09 13:47:00,1,349.83000000000004,New customers
12533,1367.89,2,2009-12-01 11:50:00,2010-03-22 10:56:00,110,683.945,Lost
12534,1089.18,1,2011-08-01 10:26:00,2011-08-01 10:26:00,1,1089.18,Potential loyalists
12535,716.35,2,2011-06-06 12:47:00,2011-09-09 08:48:00,94,358.175,Potential loyalists
12536,12601.830000000002,3,2011-10-11 14:52:00,2011-10-27 14:20:00,15,4200.610000000001,Loyal
12537,732.94,1,2010-10-27 08:36:00,2010-10-27 08:36:00,1,732.94,Lost
12538,640.45,2,2010-11-26 13:02:00,2011-11-10 17:16:00,349,320.225,New customers
12539,11214.75,7,2009-12-23 13:00:00,2011-11-17 13:30:00,694,1602.107142857143,Champions
12540,22254.49,33,2009-12-07 16:56:00,2011-11-20 11:31:00,712,674.3784848484848,Champions
12541,981.18,3,2011-03-04 09:32:00,2011-11-10 10:40:00,251,327.06,Loyal
12542,481.88,2,2010-03-09 16:26:00,2010-08-12 19:12:00,156,240.94,Lost
12543,980.25,1,2010-09-17 15:51:00,2010-09-17 15:51:00,1,980.25,Lost
12544,372.7,1,2011-11-03 16:15:00,2011-11-03 16:15:00,1,372.7,New customers
12545,1000.39,2,2011-03-25 12:04:00,2011-09-25 13:39:00,184,500.195,Potential loyalists
12546,1161.5,2,2011-09-23 09:44:00,2011-10-24 12:09:00,31,580.75,New customers
12547,383.58,3,2010-07-27 13:55:00,2011-05-26 12:38:00,302,127.86,At risk
12548,95.19999999999999,1,2011-06-26 15:35:00,2011-06-26 15:35:00,1,95.19999999999999,Potential loyalists
12549,1575.68,6,2010-01-11 12:29:00,2010-05-13 12:05:00,121,262.61333333333334,At risk
12550,964.83,1,2011-09-21 14:35:00,2011-09-21 14:35:00,1,964.83,Potential loyalists
12551,168.0,1,2010-12-17 11:23:00,2010-12-17 11:23:00,1,168.0,Lost
12552,437.82,2,2011-10-31 12:11:00,2011-11-01 10:02:00,1,218.91,New customers
12553,4608.75,12,2010-10-12 13:35:00,2011-12-01 16:38:00,415,384.0625,Champions
12554,468.5,1,2010-09-17 12:29:00,2010-09-17 12:29:00,1,468.5,Lost
12555,129.23,1,2010-01-26 16:26:00,2010-01-26 16:26:00,1,129.23,Lost
12556,603.71,2,2011-07-11 13:35:00,2011-10-20 13:06:00,100,301.855,New customers
12557,18716.14,8,2009-12-17 10:39:00,2011-11-23 16:59:00,706,2339.5175,Champions
12558,269.96,1,2011-12-02 10:41:00,2011-12-02 10:41:00,1,269.96,New customers
12559,561.71,2,2011-01-24 10:12:00,2011-02-02 09:49:00,8,280.855,Lost
12560,1436.31,2,2011-07-19 15:55:00,2011-08-19 15:22:00,30,718.155,Potential loyalists
12561,238.85,1,2011-02-10 11:39:00,2011-02-10 11:39:00,1,238.85,Lost
12562,4966.92,9,2010-09-30 13:13:00,2011-12-01 17:20:00,427,551.88,Champions
12563,249.24,1,2010-10-27 09:52:00,2010-10-27 09:52:00,1,249.24,Lost
12564,456.9,1,2011-03-23 14:55:00,2011-03-23 14:55:00,1,456.9,Lost
12565,145.92,1,2011-02-24 10:34:00,2011-02-24 10:34:00,1,145.92,Lost
12566,351.65,1,2011-09-14 14:30:00,2011-09-14 14:30:00,1,351.65,Potential loyalists
12567,13709.86,15,2010-02-11 10:30:00,2011-11-17 11:02:00,644,913.9906666666667,Champions
12568,70.0,1,2010-03-05 09:15:00,2010-03-05 09:15:00,1,70.0,Lost
12569,3704.86,28,2011-04-01 13:47:00,2011-12-02 10:24:00,244,132.3164285714286,Champions
12570,77.52,1,2010-01-26 17:28:00,2010-01-26 17:28:00,1,77.52,Lost
12571,519.61,2,2011-08-10 12:35:00,2011-10-31 10:19:00,81,259.805,New customers
12572,1020.42,2,2011-10-19 08:20:00,2011-12-01 09:20:00,43,510.21,New customers
12573,717.41,5,2010-08-31 17:25:00,2011-04-26 15:52:00,237,143.482,At risk
12574,218.45,1,2011-01-28 09:20:00,2011-01-28 09:20:00,1,218.45,Lost
12575,622.8199999999999,2,2010-07-01 09:15:00,2010-09-08 13:09:00,69,311.40999999999997,Lost
12576,2142.72,8,2010-07-01 13:46:00,2011-11-04 10:11:00,490,267.84,Champions
12577,1653.75,8,2009-12-03 19:31:00,2011-11-04 13:24:00,700,206.71875,Champions
12578,4642.45,4,2010-09-22 11:19:00,2011-11-18 13:30:00,422,1160.6125,Loyal
12579,440.42,1,2011-09-22 17:15:00,2011-09-22 17:15:00,1,440.42,Potential loyalists
12580,1052.9,2,2010-05-12 11:45:00,2011-04-07 10:24:00,329,526.45,Lost
12581,197.71,1,2011-10-31 08:56:00,2011-10-31 08:56:00,1,197.71,New customers
12582,1980.4,4,2010-05-11 09:55:00,2011-04-15 08:45:00,338,495.1,At risk
12583,13752.67,26,2009-12-06 11:57:00,2011-11-21 11:16:00,714,528.9488461538461,Champions
12584,2137.7000000000003,8,2011-03-04 15:15:00,2011-11-22 08:34:00,262,267.21250000000003,Champions
12585,2040.1,2,2010-12-23 12:58:00,2011-04-19 13:39:00,117,1020.05,Lost
12586,2062.67,4,2009-12-16 13:15:00,2011-11-22 16:24:00,706,515.6675,Loyal
12587,144.0,1,2011-12-02 12:47:00,2011-12-02 12:47:00,1,144.0,New customers
12588,958.78,4,2010-04-21 12:22:00,2011-10-31 15:01:00,558,239.695,Loyal
12589,4695.66,8,2010-01-19 12:26:00,2011-11-11 10:19:00,660,586.9575,Champions
12590,9864.26,2,2011-05-12 14:46:00,2011-05-12 14:52:00,1,4932.13,Lost
12591,1352.15,3,2010-10-27 10:42:00,2011-01-26 14:35:00,91,450.7166666666667,At risk
12592,2582.66,5,2010-07-08 14:06:00,2011-09-08 15:04:00,427,516.5319999999999,Loyal
12593,418.09999999999997,3,2011-05-05 09:29:00,2011-08-23 12:43:00,110,139.36666666666665,Loyal
12594,5090.110000000001,15,2010-03-03 13:51:00,2011-11-02 12:20:00,608,339.3406666666667,Champions
12595,299.02,1,2010-07-23 09:10:00,2010-07-23 09:10:00,1,299.02,Lost
12596,618.27,2,2011-04-11 13:22:00,2011-10-19 13:02:00,190,309.135,New customers
12597,3811.22,4,2011-03-16 14:00:00,2011-11-20 13:33:00,248,952.805,Loyal
12598,4534.09,11,2010-03-01 09:58:00,2011-11-30 12:18:00,639,412.19,Champions
12599,2296.72,13,2010-05-11 10:42:00,2011-11-10 13:34:00,548,176.67076923076922,Champions
12600,5043.92,21,2009-12-07 13:37:00,2011-11-11 10:29:00,703,240.18666666666667,Champions
12601,681.26,6,2010-10-31 10:57:00,2011-06-03 10:17:00,214,113.54333333333334,Loyal
12602,153.12,1,2011-10-12 11:22:00,2011-10-12 11:22:00,1,153.12,New customers
12603,739.1999999999999,1,2011-11-18 10:42:00,2011-11-18 10:42:00,1,739.1999999999999,New customers
12604,254.18,2,2011-03-23 12:06:00,2011-09-21 14:08:00,182,127.09,Potential loyalists
12605,1232.95,4,2010-09-07 14:21:00,2010-11-28 14:18:00,81,308.2375,At risk
12606,21.0,1,2010-01-26 16:23:00,2010-01-26 16:23:00,1,21.0,Lost
12607,1579.51,1,2011-10-10 16:06:00,2011-10-10 16:06:00,1,1579.51,New customers
12608,415.79,1,2010-10-31 10:49:00,2010-10-31 10:49:00,1,415.79,Lost
12609,3435.86,9,2009-12-20 13:30:00,2011-09-22 16:34:00,641,381.76222222222225,Loyal
12610,2099.54,5,2011-08-05 13:52:00,2011-11-17 09:34:00,103,419.908,Champions
12611,1193.32,1,2011-10-18 13:12:00,2011-10-18 13:12:00,1,1193.32,New customers
12612,704.0400000000001,1,2011-09-26 15:35:00,2011-09-26 15:35:00,1,704.0400000000001,Potential loyalists
12613,6835.07,10,2009-12-14 13:10:00,2011-10-13 14:59:00,668,683.507,Champions
12614,315.6,1,2011-03-07 10:22:00,2011-03-07 10:22:00,1,315.6,Lost
12615,5318.13,7,2010-03-18 14:09:00,2011-11-03 10:45:00,594,759.7328571428571,Champions
12616,1131.1,3,2010-11-16 11:38:00,2011-09-05 15:17:00,293,377.0333333333333,Loyal
12617,355.53,1,2011-11-10 14:39:00,2011-11-10 14:39:00,1,355.53,New customers
12618,177.31,1,2011-11-18 11:10:00,2011-11-18 11:10:00,1,177.31,New customers
12619,3781.38,10,2010-05-28 12:52:00,2011-11-23 14:52:00,544,378.13800000000003,Champions
12620,1339.41,3,2011-05-19 12:10:00,2011-11-25 10:20:00,189,446.47,Loyal
12621,23587.61,34,2010-02-09 12:01:00,2011-11-16 08:37:00,644,693.7532352941176,Champions
12622,180.1,1,2011-04-21 16:39:00,2011-04-21 16:39:00,1,180.1,Lost
12623,3747.84,7,2010-01-12 11:45:00,2011-03-08 13:50:00,420,535.4057142857143,At risk
12624,641.13,2,2011-06-15 12:34:00,2011-08-25 15:04:00,71,320.565,Potential loyalists
12625,5164.88,4,2010-04-22 11:33:00,2011-05-12 09:54:00,384,1291.22,At risk
12626,6620.48,9,2011-01-17 11:01:00,2011-11-16 16:06:00,303,735.6088888888888,Champions
12627,4478.53,7,2011-07-22 13:59:00,2011-11-29 12:07:00,129,639.79,Champions
12628,571.21,2,2011-10-06 09:28:00,2011-11-06 14:26:00,31,285.605,New customers
12629,1558.22,2,2010-10-12 16:40:00,2010-11-19 09:18:00,37,779.11,Lost
12630,1270.88,2,2011-10-27 10:41:00,2011-11-30 10:48:00,34,635.44,New customers
12631,3481.57,6,2010-01-15 14:50:00,2011-10-13 13:53:00,635,580.2616666666667,Champions
12632,804.88,2,2010-05-24 09:07:00,2010-07-07 09:39:00,44,402.44,Lost
12633,5678.16,7,2010-07-02 11:44:00,2011-10-12 11:40:00,466,811.1657142857142,Champions
12634,490.0,2,2010-06-09 15:41:00,2010-06-22 10:05:00,12,245.0,Lost
12635,2930.41,4,2010-09-09 10:50:00,2011-09-11 11:04:00,367,732.6025,Loyal
12636,141.0,1,2009-12-01 09:55:00,2009-12-01 09:55:00,1,141.0,Lost
12637,8340.31,12,2010-06-14 13:36:00,2011-10-03 13:46:00,476,695.0258333333333,Loyal
12638,921.49,2,2010-03-10 10:30:00,2011-11-06 13:11:00,606,460.745,New customers
12639,1312.37,3,2010-03-22 09:05:00,2011-04-15 12:48:00,389,437.45666666666665,At risk
12640,1174.58,3,2011-09-19 12:01:00,2011-11-16 11:52:00,57,391.52666666666664,Loyal
12641,185.9,1,2011-08-16 13:26:00,2011-08-16 13:26:00,1,185.9,Potential loyalists
12642,1013.26,3,2011-08-24 09:23:00,2011-11-14 15:03:00,82,337.75333333333333,Loyal
12643,8350.42,12,2010-04-07 14:16:00,2011-08-03 12:56:00,482,695.8683333333333,Loyal
12644,1918.49,4,2010-01-14 13:02:00,2011-08-02 10:33:00,564,479.6225,Loyal
12645,3539.3,8,2010-02-09 10:49:00,2011-11-06 12:38:00,635,442.4125,Champions
12646,731.6899999999999,1,2011-10-21 12:52:00,2011-10-21 12:52:00,1,731.6899999999999,New customers
12647,17924.35,36,2010-01-13 15:06:00,2011-11-17 12:56:00,672,497.89861111111105,Champions
12648,1112.0,4,2010-01-07 18:38:00,2011-07-08 11:55:00,546,278.0,Loyal
12649,2294.65,8,2010-01-12 17:24:00,2011-08-24 14:41:00,588,286.83125,Loyal
12651,377.75,4,2010-08-31 15:21:00,2011-01-09 12:46:00,130,94.4375,At risk
12652,1017.03,2,2010-10-01 15:16:00,2011-01-12 15:00:00,102,508.515,Lost
12653,4160.83,3,2010-07-01 09:56:00,2011-07-14 10:41:00,378,1386.9433333333334,Loyal
12654,601.98,5,2011-02-17 13:16:00,2011-11-29 10:10:00,284,120.396,Champions
12655,261.35,1,2010-10-12 09:17:00,2010-10-12 09:17:00,1,261.35,Lost
12656,6407.83,8,2010-05-26 09:00:00,2011-11-22 13:42:00,545,800.97875,Champions
12657,1643.18,4,2011-09-22 11:40:00,2011-11-28 15:47:00,67,410.795,Loyal
12658,686.05,1,2011-11-21 10:22:00,2011-11-21 10:22:00,1,686.05,New customers
12659,91.68,1,2011-11-10 11:53:00,2011-11-10 11:53:00,1,91.68,New customers
12660,245.1,1,2011-11-28 13:26:00,2011-11-28 13:26:00,1,245.1,New customers
12661,162.0,1,2010-09-29 16:46:00,2010-09-29 16:46:00,1,162.0,Lost
12662,6763.07,19,2010-04-01 09:50:00,2011-11-16 17:26:00,594,355.95105263157893,Champions
12663,239.4,2,2010-02-09 14:28:00,2010-03-25 09:40:00,43,119.7,Lost
12664,6070.04,11,2009-12-13 10:28:00,2011-12-01 17:07:00,718,551.8218181818182,Champions
12665,313.6,3,2010-02-08 15:11:00,2011-01-19 08:34:00,344,104.53333333333335,At risk
12666,1248.42,1,2010-11-10 16:40:00,2010-11-10 16:40:00,1,1248.42,Lost
12667,620.13,1,2011-10-12 17:00:00,2011-10-12 17:00:00,1,620.13,New customers
12668,11444.68,10,2010-01-31 15:45:00,2011-11-28 10:56:00,665,1144.468,Champions
12669,2744.0299999999997,3,2011-03-28 10:15:00,2011-07-12 09:54:00,105,914.6766666666666,Loyal
12670,3760.29,7,2010-02-11 10:13:00,2011-11-29 15:23:00,656,537.1842857142857,Champions
12671,2622.481,1,2010-04-12 16:30:00,2010-04-12 16:30:00,1,2622.481,Lost
12672,437.05,2,2010-04-23 09:57:00,2011-01-14 09:20:00,265,218.525,Lost
12673,840.4,2,2010-11-03 10:46:00,2011-01-17 11:46:00,75,420.2,Lost
12674,1970.6,4,2011-05-16 09:10:00,2011-11-01 12:12:00,169,492.65,Loyal
12675,958.5,2,2010-05-10 16:44:00,2010-06-04 09:49:00,24,479.25,Lost
12676,2843.09,11,2010-08-13 13:29:00,2011-11-15 12:25:00,458,258.4627272727273,Champions
12677,395.1,2,2010-02-11 13:55:00,2010-06-02 14:30:00,111,197.55,Lost
12678,34281.18,21,2010-01-07 16:46:00,2011-10-28 13:04:00,658,1632.4371428571428,Champions
12679,1113.02,4,2011-03-01 12:26:00,2011-10-12 12:30:00,225,278.255,Loyal
12680,613.36,3,2011-08-18 15:44:00,2011-09-27 12:53:00,39,204.45333333333335,Loyal
12681,30868.28,45,2009-12-13 13:31:00,2011-11-25 11:33:00,711,685.9617777777778,Champions
12682,23397.28,51,2009-12-01 09:28:00,2011-11-30 14:16:00,729,458.77019607843135,Champions
12683,11899.3,19,2009-12-13 15:01:00,2011-10-20 14:30:00,675,626.278947368421,Champions
12684,2283.63,7,2011-05-10 12:55:00,2011-12-02 09:53:00,205,326.23285714285714,Champions
12685,2863.08,6,2011-09-07 10:28:00,2011-11-11 13:46:00,65,477.18,Champions
12686,178.28,1,2010-12-03 09:51:00,2010-12-03 09:51:00,1,178.28,Lost
12687,2138.91,2,2010-08-16 12:10:00,2010-08-16 12:12:00,1,1069.455,Lost
12688,4873.8099999999995,1,2011-08-18 08:49:00,2011-08-18 08:49:00,1,4873.8099999999995,Potential loyalists
12689,1247.61,2,2011-08-04 10:04:00,2011-11-14 08:31:00,101,623.805,New customers
12690,389.01,1,2011-05-18 09:09:00,2011-05-18 09:09:00,1,389.01,Lost
12691,1170.4,7,2010-10-15 12:00:00,2011-11-11 16:49:00,392,167.20000000000002,Champions
12692,110.95,1,2010-03-12 14:02:00,2010-03-12 14:02:00,1,110.95,Lost
12693,1703.02,7,2010-07-05 13:56:00,2011-08-04 17:51:00,395,243.28857142857143,Loyal
12694,1843.35,3,2010-10-14 19:39:00,2011-09-30 13:06:00,350,614.4499999999999,Loyal
12695,1407.1200000000001,7,2010-02-12 13:22:00,2011-12-02 13:22:00,658,201.0171428571429,Champions
12696,851.91,2,2010-07-19 10:02:00,2010-10-01 10:43:00,74,425.955,Lost
12697,957.59,3,2011-06-23 15:44:00,2011-11-11 08:47:00,140,319.19666666666666,Loyal
12698,339.75,1,2010-04-28 15:51:00,2010-04-28 15:51:00,1,339.75,Lost
12699,638.11,1,2010-10-18 12:07:00,2010-10-18 12:07:00,1,638.11,Lost
12700,4939.99,4,2011-05-08 16:10:00,2011-12-02 10:47:00,207,1234.9975,Loyal
12701,2446.41,6,2010-03-16 13:23:00,2011-09-21 10:47:00,553,407.73499999999996,Loyal
12702,219.0,1,2011-11-20 10:36:00,2011-11-20 10:36:00,1,219.0,New customers
12703,1006.53,4,2010-01-24 12:05:00,2011-09-29 17:52:00,613,251.6325,Loyal
12704,2340.84,8,2011-06-23 10:20:00,2011-12-02 13:15:00,162,292.605,Champions
12705,11762.1,14,2010-06-24 09:51:00,2011-11-24 13:17:00,518,840.15,Champions
12707,603.42,1,2011-02-21 08:38:00,2011-02-21 08:38:00,1,603.42,Lost
12708,5314.1,18,2009-12-18 10:25:00,2011-11-10 09:52:00,691,295.2277777777778,Champions
12709,31093.34,34,2009-12-09 13:49:00,2011-11-24 15:38:00,715,914.51,Champions
12710,1149.02,3,2011-05-22 14:05:00,2011-09-04 12:00:00,104,383.00666666666666,Loyal
12711,1339.05,2,2010-02-01 11:30:00,2010-04-07 11:59:00,65,669.525,Lost
12712,7193.66,21,2009-12-09 10:46:00,2011-11-11 08:19:00,701,342.5552380952381,Champions
12714,14093.71,12,2009-12-04 10:00:00,2011-11-30 15:43:00,726,1174.4758333333332,Champions
12715,353.86,1,2011-08-25 15:22:00,2011-08-25 15:22:00,1,353.86,Potential loyalists
12716,677.9,1,2011-07-29 13:28:00,2011-07-29 13:28:00,1,677.9,Potential loyalists
12717,1308.91,3,2010-04-28 14:34:00,2011-07-11 14:47:00,439,436.30333333333334,Loyal
12718,238.25,1,2011-09-29 16:38:00,2011-09-29 16:38:00,1,238.25,Potential loyalists
12719,283.6,1,2011-10-05 14:50:00,2011-10-05 14:50:00,1,283.6,Potential loyalists
12720,7878.2,29,2010-07-21 09:46:00,2011-11-24 15:03:00,491,271.6620689655172,Champions
12721,4013.08,8,2010-08-25 11:07:00,2011-11-08 12:13:00,440,501.635,Champions
12722,997.63,4,2011-07-12 11:55:00,2011-09-15 14:50:00,65,249.4075,Loyal
12723,647.79,4,2011-10-05 15:52:00,2011-11-23 14:01:00,48,161.9475,Loyal
12724,2109.2799999999997,6,2010-06-22 14:00:00,2011-09-19 12:36:00,453,351.5466666666666,Loyal
12725,2694.56,4,2010-05-04 13:59:00,2010-12-03 15:45:00,213,673.64,At risk
12726,4014.6,11,2010-03-25 16:25:00,2011-11-11 13:35:00,595,364.96363636363634,Champions
12727,5679.53,10,2010-02-23 09:54:00,2011-11-29 11:46:00,644,567.953,Champions
12728,1070.17,5,2010-11-21 11:34:00,2011-09-29 15:31:00,312,214.03400000000002,Loyal
12729,453.01,1,2011-08-18 11:40:00,2011-08-18 11:40:00,1,453.01,Potential loyalists
12730,829.25,1,2010-07-06 12:19:00,2010-07-06 12:19:00,1,829.25,Lost
12731,25775.71,17,2010-03-02 09:23:00,2011-11-16 11:59:00,624,1516.2182352941177,Champions
12732,236.26000000000002,1,2011-06-13 11:33:00,2011-06-13 11:33:00,1,236.26000000000002,Potential loyalists
12733,2424.87,4,2010-01-19 13:23:00,2011-04-19 16:19:00,455,606.2175,At risk
12734,639.65,3,2010-11-12 13:26:00,2010-12-22 12:47:00,39,213.21666666666667,At risk
12735,779.5699999999999,2,2011-01-06 14:26:00,2011-01-28 13:37:00,21,389.78499999999997,Lost
12736,234.0,1,2011-01-11 07:57:00,2011-01-11 07:57:00,1,234.0,Lost
12737,3710.5,2,2010-07-29 12:27:00,2010-07-29 12:29:00,1,1855.25,Lost
12738,310.7,1,2010-12-02 18:27:00,2010-12-02 18:27:00,1,310.7,Lost
12739,2726.73,4,2010-11-10 14:27:00,2011-09-22 13:00:00,315,681.6825,Loyal
12740,427.6,1,2011-10-07 10:44:00,2011-10-07 10:44:00,1,427.6,New customers
12741,406.07,2,2010-06-24 16:24:00,2010-06-28 14:36:00,3,203.035,Lost
12742,1201.52,1,2010-03-24 12:43:00,2010-03-24 12:43:00,1,1201.52,Lost
12743,546.43,2,2011-07-28 16:06:00,2011-07-28 16:21:00,1,273.215,Potential loyalists
12744,25317.06,11,2010-04-27 16:19:00,2011-10-19 11:18:00,539,2301.550909090909,Champions
12745,925.41,3,2010-01-26 16:22:00,2010-08-10 10:14:00,195,308.46999999999997,At risk
12746,254.55,1,2010-06-17 10:41:00,2010-06-17 10:41:00,1,254.55,Lost
12747,8838.039999999999,25,2009-12-07 13:23:00,2011-11-17 17:13:00,710,353.5216,Champions
12748,55844.23,331,2009-12-04 17:31:00,2011-12-04 12:31:00,729,168.71368580060425,Champions
12749,6134.3,8,2010-07-06 15:05:00,2011-11-17 12:05:00,498,766.7875,Champions
12750,275.88,1,2011-08-03 09:13:00,2011-08-03 09:13:00,1,275.88,Potential loyalists
12751,268.27,1,2010-09-21 12:49:00,2010-09-21 12:49:00,1,268.27,Lost
12752,4366.78,1,2011-09-19 13:32:00,2011-09-19 13:32:00,1,4366.78,Potential loyalists
12753,21429.39,6,2010-12-12 11:44:00,2011-11-17 10:52:00,339,3571.565,Champions
12754,3010.74,3,2011-02-04 10:31:00,2011-04-18 09:00:00,72,1003.5799999999999,At risk
12755,9030.66,11,2010-01-15 11:57:00,2011-03-04 12:42:00,413,820.9690909090909,At risk
12756,112.07999999999998,1,2011-09-14 09:31:00,2011-09-14 09:31:00,1,112.07999999999998,Potential loyalists
12757,7857.1,13,2011-05-12 19:01:00,2011-11-24 12:30:00,195,604.3923076923077,Champions
12758,9903.24,7,2009-12-01 14:40:00,2011-08-15 10:22:00,621,1414.7485714285715,Loyal
12759,5020.74,8,2009-12-04 10:47:00,2011-10-18 14:49:00,683,627.5925,Champions
12760,347.8,1,2010-09-10 08:50:00,2010-09-10 08:50:00,1,347.8,Lost
12761,782.95,2,2010-09-01 10:47:00,2010-09-08 12:17:00,7,391.475,Lost
12762,1898.52,2,2011-11-14 14:23:00,2011-12-02 10:23:00,17,949.26,New customers
12763,814.16,2,2010-12-05 15:46:00,2011-07-24 14:12:00,230,407.08,Potential loyalists
12764,1693.88,1,2011-01-27 10:19:00,2011-01-27 10:19:00,1,1693.88,Lost
12765,1404.58,6,2010-03-08 09:43:00,2010-08-24 13:51:00,169,234.09666666666666,At risk
12766,9349.85,8,2010-10-28 09:29:00,2011-10-13 11:50:00,350,1168.73125,Champions
12767,949.82,1,2010-11-29 09:38:00,2010-11-29 09:38:00,1,949.82,Lost
12768,168.69000000000003,1,2010-09-15 12:08:00,2010-09-15 12:08:00,1,168.69000000000003,Lost
12769,1143.6,1,2011-04-15 10:25:00,2011-04-15 10:25:00,1,1143.6,Lost
12770,3246.45,2,2010-09-09 11:43:00,2011-05-13 09:33:00,245,1623.225,Lost
12771,282.3,1,2010-08-11 11:51:00,2010-08-11 11:51:00,1,282.3,Lost
12772,892.47,1,2011-10-11 09:19:00,2011-10-11 09:19:00,1,892.47,New customers
12773,124.25,1,2010-05-24 17:30:00,2010-05-24 17:30:00,1,124.25,Lost
12774,98.7,1,2010-06-22 10:38:00,2010-06-22 10:38:00,1,98.7,Lost
12775,1686.12,7,2010-10-26 14:24:00,2011-11-22 16:33:00,392,240.8742857142857,Champions
12776,55.5,1,2010-02-10 12:11:00,2010-02-10 12:11:00,1,55.5,Lost
12777,519.45,1,2010-09-08 11:35:00,2010-09-08 11:35:00,1,519.45,Lost
12778,1775.68,9,2010-04-16 09:57:00,2011-11-20 11:30:00,583,197.29777777777778,Champions
12779,6722.2699999999995,14,2009-12-03 07:25:00,2011-11-02 11:43:00,699,480.16214285714284,Champions
12780,337.4,1,2010-04-20 09:40:00,2010-04-20 09:40:00,1,337.4,Lost
12781,826.74,2,2011-02-28 08:43:00,2011-10-07 10:37:00,221,413.37,New customers
12782,4365.99,10,2010-07-08 13:31:00,2011-07-13 10:30:00,369,436.599,Loyal
12783,1825.33,5,2011-09-25 15:35:00,2011-11-07 11:57:00,42,365.066,Champions
12784,1804.75,3,2010-06-28 13:06:00,2011-11-30 15:38:00,520,601.5833333333334,Loyal
12785,1100.4,3,2009-12-08 13:56:00,2010-12-10 13:48:00,366,366.8,At risk
12786,728.5,1,2010-04-09 12:12:00,2010-04-09 12:12:00,1,728.5,Lost
12787,862.18,4,2010-10-22 14:57:00,2011-11-30 08:44:00,403,215.545,Loyal
12788,444.9,4,2010-06-29 13:05:00,2010-09-02 14:21:00,65,111.225,At risk
12789,273.35,3,2010-01-15 12:06:00,2011-10-05 13:34:00,628,91.11666666666667,Loyal
12790,591.85,2,2010-10-25 13:04:00,2011-05-31 14:14:00,218,295.925,Potential loyalists
12791,1056.1100000000001,6,2010-03-25 17:29:00,2010-12-01 11:27:00,250,176.01833333333335,At risk
12792,827.01,2,2010-06-23 10:49:00,2011-03-28 11:36:00,278,413.505,Lost
12793,1017.33,3,2010-11-03 13:05:00,2011-01-09 12:12:00,66,339.11,At risk
12794,860.41,2,2011-09-02 12:01:00,2011-10-17 14:54:00,45,430.205,New customers
12795,430.48,1,2011-11-21 10:27:00,2011-11-21 10:27:00,1,430.48,New customers
12796,381.0,1,2010-03-21 15:49:00,2010-03-21 15:49:00,1,381.0,Lost
12797,806.11,2,2010-10-11 12:53:00,2010-12-09 10:55:00,58,403.055,Lost
12798,8510.93,4,2010-10-14 12:27:00,2011-11-29 15:52:00,411,2127.7325,Loyal
12799,219.35,1,2010-06-28 15:57:00,2010-06-28 15:57:00,1,219.35,Lost
12800,584.25,3,2010-02-01 11:02:00,2010-08-26 14:11:00,206,194.75,At risk
12801,1071.82,1,2010-07-27 09:38:00,2010-07-27 09:38:00,1,1071.82,Lost
12802,2416.42,7,2010-05-25 09:34:00,2011-06-06 09:36:00,377,345.20285714285717,Loyal
12803,1092.81,1,2010-11-11 14:57:00,2010-11-11 14:57:00,1,1092.81,Lost
12804,327.02,2,2010-07-27 13:52:00,2010-08-31 11:58:00,34,163.51,Lost
12805,1434.95,4,2010-02-03 09:06:00,2010-11-23 12:27:00,293,358.7375,At risk
12806,2878.96,4,2010-04-30 10:44:00,2010-09-30 13:34:00,153,719.74,At risk
12807,330.35,1,2010-11-21 14:21:00,2010-11-21 14:21:00,1,330.35,Lost
12808,906.1,5,2010-09-03 10:24:00,2011-11-03 10:05:00,425,181.22,Champions
12809,1755.94,3,2010-03-02 14:19:00,2011-06-15 10:51:00,469,585.3133333333334,Loyal
12810,534.99,2,2010-02-01 09:52:00,2010-06-23 10:53:00,142,267.495,Lost
12811,1033.9,5,2010-10-08 12:20:00,2011-03-24 09:42:00,166,206.78000000000003,At risk
12812,229.64000000000001,1,2011-10-26 09:54:00,2011-10-26 09:54:00,1,229.64000000000001,New customers
12813,1687.8,3,2010-01-15 16:52:00,2010-07-26 09:50:00,191,562.6,At risk
12814,125.92,1,2011-08-30 12:11:00,2011-08-30 12:11:00,1,125.92,Potential loyalists
12815,1063.46,2,2011-05-25 13:34:00,2011-07-15 10:21:00,50,531.73,Potential loyalists
12816,572.2,2,2011-06-16 13:24:00,2011-09-05 12:41:00,80,286.1,Potential loyalists
12817,690.98,3,2010-10-01 08:57:00,2011-03-03 16:28:00,153,230.32666666666668,At risk
12818,1542.08,1,2011-03-23 12:06:00,2011-03-23 12:06:00,1,1542.08,Lost
12819,540.52,1,2010-09-07 15:20:00,2010-09-07 15:20:00,1,540.52,Lost
12820,2479.17,10,2009-12-05 13:37:00,2011-10-26 13:27:00,689,247.917,Champions
12821,220.8,2,2010-04-07 15:14:00,2011-05-09 15:51:00,397,110.4,Lost
12822,948.88,2,2011-09-13 13:46:00,2011-09-30 10:04:00,16,474.44,Potential loyalists
12823,6501.5,18,2010-01-29 12:52:00,2011-09-26 07:35:00,604,361.19444444444446,Loyal
12824,397.12,1,2011-10-11 12:49:00,2011-10-11 12:49:00,1,397.12,New customers
12825,518.63,2,2010-03-08 10:17:00,2010-07-06 13:56:00,120,259.315,Lost
12826,2813.15,11,2009-12-18 10:43:00,2011-11-10 15:37:00,692,255.7409090909091,Champions
12827,430.15000000000003,3,2011-10-26 15:44:00,2011-12-04 12:17:00,38,143.38333333333335,Loyal
12828,935.09,5,2011-08-01 16:16:00,2011-12-02 11:12:00,122,187.018,Champions
12829,385.3,3,2010-06-07 15:04:00,2011-01-07 11:13:00,213,128.43333333333334,At risk
12830,6814.64,6,2011-06-21 10:53:00,2011-11-02 11:54:00,134,1135.7733333333333,Champions
12831,451.11,3,2010-09-02 15:58:00,2011-03-22 13:02:00,200,150.37,At risk
12832,383.03,2,2011-09-02 13:48:00,2011-11-07 13:30:00,65,191.515,New customers
12833,417.38,1,2011-07-17 13:46:00,2011-07-17 13:46:00,1,417.38,Potential loyalists
12834,312.38,1,2011-03-02 09:49:00,2011-03-02 09:49:00,1,312.38,Lost
12835,6043.31,41,2009-12-03 12:13:00,2010-10-08 10:59:00,308,147.3978048780488,At risk
12836,6585.62,15,2009-12-01 14:19:00,2011-10-11 15:10:00,679,439.04133333333334,Champions
12837,688.41,2,2010-05-19 15:10:00,2011-06-19 16:07:00,396,344.205,Potential loyalists
12838,3398.48,10,2010-04-26 09:59:00,2011-11-06 12:20:00,559,339.848,Champions
12839,9319.34,25,2009-12-07 09:18:00,2011-11-28 12:33:00,721,372.7736,Champions
12840,4041.97,7,2010-02-03 14:51:00,2011-07-19 09:29:00,530,577.4242857142857,Loyal
12841,7389.67,38,2010-07-08 15:38:00,2011-11-25 12:20:00,504,194.465,Champions
12842,1917.99,4,2009-12-02 08:15:00,2011-09-30 15:33:00,667,479.4975,Loyal
12843,6588.41,30,2009-12-13 11:41:00,2011-10-05 12:09:00,661,219.61366666666666,Loyal
12844,648.6,4,2010-04-25 11:51:00,2011-11-10 13:31:00,564,162.15,Loyal
12845,354.09,4,2011-02-22 14:10:00,2011-03-17 13:34:00,22,88.5225,At risk
12846,15.58,1,2010-01-26 16:29:00,2010-01-26 16:29:00,1,15.58,Lost
12847,1636.8999999999999,2,2010-11-17 12:44:00,2011-11-17 13:16:00,365,818.4499999999999,New customers
12848,208.0,1,2010-02-02 12:45:00,2010-02-02 12:45:00,1,208.0,Lost
12849,3090.56,6,2010-04-27 13:44:00,2011-11-08 13:41:00,559,515.0933333333334,Champions
12850,330.0,1,2010-09-20 12:26:00,2010-09-20 12:26:00,1,330.0,Lost
12851,284.13,2,2010-08-19 15:13:00,2011-09-04 12:41:00,380,142.065,Potential loyalists
12852,311.55,1,2011-02-18 08:47:00,2011-02-18 08:47:00,1,311.55,Lost
12853,3907.5,11,2010-02-05 11:57:00,2011-07-28 11:29:00,537,355.22727272727275,Loyal
12854,2994.02,7,2009-12-11 12:55:00,2011-09-22 12:15:00,649,427.71714285714285,Loyal
12855,650.9399999999999,4,2010-11-02 18:16:00,2010-12-02 09:37:00,29,162.73499999999999,At risk
12856,2179.93,6,2011-10-07 12:38:00,2011-12-02 10:52:00,55,363.32166666666666,Champions
12857,3688.0,6,2010-01-25 15:37:00,2011-05-13 10:20:00,472,614.6666666666666,At risk
12858,177.92,1,2010-11-21 12:55:00,2010-11-21 12:55:00,1,177.92,Lost
12859,575.1,1,2010-09-07 12:20:00,2010-09-07 12:20:00,1,575.1,Lost
12860,55.47,1,2010-01-15 15:22:00,2010-01-15 15:22:00,1,55.47,Lost
12861,68.25,1,2010-03-30 11:39:00,2010-03-30 11:39:00,1,68.25,Lost
12862,1008.3199999999999,2,2010-08-01 15:20:00,2010-10-10 11:47:00,69,504.15999999999997,Lost
12863,2792.5499999999997,6,2010-04-29 13:54:00,2011-10-18 14:15:00,537,465.42499999999995,Champions
12864,299.57,2,2010-07-19 17:22:00,2011-07-24 13:03:00,369,149.785,Potential loyalists
12865,3323.47,4,2010-08-20 12:20:00,2011-11-13 14:31:00,450,830.8675,Loyal
12866,1227.35,3,2010-07-25 11:37:00,2011-03-01 14:11:00,219,409.1166666666666,At risk
12867,7913.29,13,2009-12-16 16:25:00,2011-11-13 15:30:00,696,608.7146153846154,Champions
12868,2247.06,8,2010-11-12 10:05:00,2011-06-07 10:42:00,207,280.8825,Loyal
12869,337.66999999999996,1,2010-01-27 12:10:00,2010-01-27 12:10:00,1,337.66999999999996,Lost
12870,1676.95,3,2010-03-25 14:32:00,2010-11-29 13:42:00,248,558.9833333333333,At risk
12871,744.02,3,2010-09-26 10:34:00,2011-09-16 15:07:00,355,248.00666666666666,Loyal
12872,3685.4900000000002,12,2009-12-03 20:03:00,2011-01-17 10:52:00,409,307.12416666666667,At risk
12873,2027.3,3,2010-01-27 09:50:00,2011-03-02 14:58:00,399,675.7666666666667,At risk
12874,948.42,2,2010-06-03 12:51:00,2010-11-19 15:23:00,169,474.21,Lost
12875,1356.99,5,2010-01-11 12:37:00,2011-07-19 15:30:00,554,271.398,Loyal
12876,4081.79,4,2010-04-28 13:26:00,2011-10-13 12:26:00,532,1020.4475,Loyal
12877,2855.51,19,2010-01-18 10:23:00,2011-11-15 13:21:00,666,150.29000000000002,Champions
12878,854.99,2,2011-03-18 14:02:00,2011-04-17 13:07:00,29,427.495,Lost
12879,573.22,3,2011-09-09 12:11:00,2011-10-26 12:24:00,47,191.07333333333335,Loyal
12880,640.13,2,2010-05-14 11:57:00,2010-11-23 10:50:00,192,320.065,Lost
12881,298.0,1,2011-03-09 11:44:00,2011-03-09 11:44:00,1,298.0,Lost
12882,1463.04,2,2011-11-06 11:22:00,2011-11-30 16:18:00,24,731.52,New customers
12883,703.47,4,2011-09-11 15:18:00,2011-11-15 09:32:00,64,175.8675,Loyal
12884,309.05,1,2011-09-12 13:10:00,2011-09-12 13:10:00,1,309.05,Potential loyalists
12885,1175.22,3,2011-08-08 11:45:00,2011-10-07 13:40:00,60,391.74,Loyal
12886,1378.4,2,2011-05-04 11:21:00,2011-10-03 10:09:00,151,689.2,Potential loyalists
12887,222.4,1,2010-11-21 11:18:00,2010-11-21 11:18:00,1,222.4,Lost
12888,354.12,2,2011-03-29 14:31:00,2011-05-09 16:02:00,41,177.06,Lost
12889,385.46000000000004,4,2010-07-25 14:32:00,2010-11-23 16:08:00,121,96.36500000000001,At risk
12890,717.27,2,2010-11-17 14:05:00,2011-11-15 17:26:00,363,358.635,New customers
12891,840.5,11,2010-02-18 14:32:00,2011-06-07 12:31:00,473,76.4090909090909,Loyal
12892,263.38,1,2010-11-08 09:51:00,2010-11-08 09:51:00,1,263.38,Lost
12893,188.14,1,2011-11-09 12:34:00,2011-11-09 12:34:00,1,188.14,New customers
12894,157.35,1,2010-05-13 14:47:00,2010-05-13 14:47:00,1,157.35,Lost
12895,372.8,2,2011-09-14 08:35:00,2011-10-28 13:51:00,44,186.4,New customers
12897,514.25,4,2010-06-14 11:58:00,2011-05-19 12:13:00,339,128.5625,At risk
12898,310.96000000000004,2,2010-02-18 12:36:00,2010-09-02 08:08:00,195,155.48000000000002,Lost
12899,366.4,1,2010-10-22 09:53:00,2010-10-22 09:53:00,1,366.4,Lost
12900,340.33,1,2010-10-13 15:17:00,2010-10-13 15:17:00,1,340.33,Lost
12901,17654.54,28,2011-03-14 10:41:00,2011-12-01 10:07:00,261,630.5192857142857,Champions
12902,138.68,1,2011-03-20 12:06:00,2011-03-20 12:06:00,1,138.68,Lost
12903,833.53,1,2010-10-07 12:39:00,2010-10-07 12:39:00,1,833.53,Lost
12904,509.58,2,2011-06-20 13:18:00,2011-11-21 14:34:00,154,254.79,New customers
12905,1018.42,2,2010-01-26 14:06:00,2010-05-12 10:05:00,105,509.21,Lost
12906,2919.81,5,2011-09-22 15:03:00,2011-11-28 09:55:00,66,583.962,Champions
12907,508.91,2,2010-08-02 14:33:00,2010-11-09 12:08:00,98,254.455,Lost
12908,1776.0,5,2010-03-19 15:59:00,2011-06-16 15:39:00,453,355.2,Loyal
12909,3103.19,8,2010-02-24 12:14:00,2011-10-31 12:43:00,614,387.89875,Champions
12910,5796.52,13,2010-03-28 13:10:00,2011-11-16 14:28:00,598,445.8861538461539,Champions
12911,1680.47,1,2010-06-06 12:13:00,2010-06-06 12:13:00,1,1680.47,Lost
12912,1474.38,4,2011-10-30 11:35:00,2011-12-01 13:03:00,32,368.595,Loyal
12913,6165.76,12,2009-12-01 12:18:00,2011-11-24 10:39:00,722,513.8133333333334,Champions
12914,223.98,1,2010-11-04 12:28:00,2010-11-04 12:28:00,1,223.98,Lost
12915,1174.75,4,2010-04-29 19:36:00,2011-07-14 11:34:00,440,293.6875,Loyal
12916,4654.0199999999995,7,2010-01-24 11:26:00,2011-07-24 10:35:00,545,664.8599999999999,Loyal
12917,4359.2,6,2009-12-09 14:22:00,2011-08-03 16:42:00,602,726.5333333333333,Loyal
12918,10953.5,1,2010-03-23 15:22:00,2010-03-23 15:22:00,1,10953.5,Lost
12919,1335.19,6,2011-06-23 09:22:00,2011-12-01 13:47:00,161,222.53166666666667,Champions
12920,488.09000000000003,4,2009-12-14 15:58:00,2011-11-22 15:05:00,707,122.02250000000001,Loyal
12921,35921.04,74,2009-12-01 13:43:00,2011-11-30 16:22:00,729,485.41945945945946,Champions
12922,405.38,1,2011-07-01 15:35:00,2011-07-01 15:35:00,1,405.38,Potential loyalists
12923,789.87,3,2010-05-13 14:55:00,2011-10-06 16:20:00,511,263.29,Loyal
12924,2469.4,12,2009-12-09 12:40:00,2011-09-12 13:55:00,642,205.78333333333333,Loyal
12925,403.59,2,2010-04-26 10:32:00,2011-09-26 11:05:00,518,201.795,Potential loyalists
12926,1548.46,4,2009-12-14 14:35:00,2010-10-24 15:57:00,314,387.115,At risk
12927,197.31,1,2010-11-10 10:02:00,2010-11-10 10:02:00,1,197.31,Lost
12928,4304.89,12,2010-06-08 10:16:00,2011-11-04 14:24:00,514,358.74083333333334,Champions
12929,117.85,1,2011-02-01 12:08:00,2011-02-01 12:08:00,1,117.85,Lost
12930,415.8,2,2011-06-21 13:25:00,2011-09-22 15:18:00,93,207.9,Potential loyalists
12931,92347.34,57,2009-12-01 11:46:00,2011-11-18 12:39:00,717,1620.1287719298246,Champions
12932,1698.56,8,2010-02-10 08:46:00,2010-06-18 14:22:00,128,212.32,At risk
12933,1687.03,8,2009-12-10 16:39:00,2011-11-15 16:38:00,704,210.87875,Champions
12934,181.65,1,2009-12-03 10:51:00,2009-12-03 10:51:00,1,181.65,Lost
12935,3900.08,13,2010-04-11 15:59:00,2011-11-13 11:24:00,580,300.00615384615384,Champions
12936,1063.9,4,2011-09-22 13:51:00,2011-11-22 17:32:00,61,265.975,Loyal
12937,3097.61,9,2009-12-03 15:43:00,2011-11-24 15:05:00,720,344.1788888888889,Champions
12938,114.14,1,2011-11-14 11:21:00,2011-11-14 11:21:00,1,114.14,New customers
12939,25264.8,20,2010-01-12 11:27:00,2011-10-06 14:33:00,632,1263.24,Champions
12940,913.54,2,2011-09-13 10:16:00,2011-10-16 12:09:00,33,456.77,New customers
12941,377.49,1,2009-12-15 13:12:00,2009-12-15 13:12:00,1,377.49,Lost
12942,942.65,3,2010-12-09 09:34:00,2011-07-31 14:39:00,234,314.21666666666664,Loyal
12943,496.5,2,2010-04-13 11:03:00,2010-05-30 13:52:00,47,248.25,Lost
12944,604.51,2,2010-12-20 10:41:00,2011-11-04 11:04:00,319,302.255,New customers
12945,900.11,2,2010-02-21 15:18:00,2011-02-24 14:15:00,367,450.055,Lost
12946,324.45,1,2010-09-29 10:14:00,2010-09-29 10:14:00,1,324.45,Lost
12947,1908.03,6,2010-12-01 16:21:00,2011-07-19 10:06:00,229,318.005,Loyal
12948,2317.43,9,2009-12-02 12:28:00,2011-11-23 17:10:00,721,257.4922222222222,Champions
12949,15526.7,22,2009-12-03 15:56:00,2011-11-09 11:25:00,705,705.7590909090909,Champions
12950,1483.0,2,2011-11-15 13:48:00,2011-12-01 15:55:00,16,741.5,New customers
12951,3213.7200000000003,15,2010-01-10 12:43:00,2011-12-01 12:14:00,689,214.24800000000002,Champions
12952,1387.79,4,2011-09-22 16:37:00,2011-12-04 10:35:00,72,346.9475,Loyal
12953,828.8100000000001,2,2010-07-05 13:37:00,2011-11-30 09:24:00,512,414.40500000000003,New customers
12954,162.45,1,2010-03-11 10:16:00,2010-03-11 10:16:00,1,162.45,Lost
12955,4410.24,10,2011-03-17 09:03:00,2011-12-01 13:18:00,259,441.024,Champions
12956,521.89,4,2009-12-15 19:03:00,2011-02-06 16:08:00,417,130.4725,At risk
12957,8706.97,13,2009-12-11 12:01:00,2011-11-30 09:53:00,718,669.766923076923,Champions
12958,539.49,2,2010-05-05 16:22:00,2010-11-04 16:16:00,182,269.745,Lost
12959,150.95,1,2010-08-12 17:20:00,2010-08-12 17:20:00,1,150.95,Lost
12960,1322.07,4,2010-02-16 13:32:00,2010-10-22 09:31:00,247,330.5175,At risk
12961,211.99,1,2010-11-25 16:44:00,2010-11-25 16:44:00,1,211.99,Lost
12962,266.39,2,2011-08-18 13:38:00,2011-12-02 15:55:00,106,133.195,New customers
12963,3601.59,12,2010-07-08 14:45:00,2011-12-01 12:55:00,510,300.1325,Champions
12964,132.24,1,2010-09-28 17:47:00,2010-09-28 17:47:00,1,132.24,Lost
12965,771.91,1,2011-09-11 15:31:00,2011-09-11 15:31:00,1,771.91,Potential loyalists
12966,160.18,1,2011-11-30 12:38:00,2011-11-30 12:38:00,1,160.18,New customers
12967,4306.92,3,2010-11-21 11:03:00,2010-12-16 19:10:00,25,1435.64,At risk
12968,135.95,1,2011-08-19 15:44:00,2011-08-19 15:44:00,1,135.95,Potential loyalists
12969,122.45,1,2010-04-16 10:50:00,2010-04-16 10:50:00,1,122.45,Lost
12970,1524.97,10,2009-12-04 14:19:00,2011-12-02 14:30:00,728,152.497,Champions
12971,15869.99,115,2009-12-15 19:04:00,2011-12-01 14:41:00,715,137.99991304347827,Champions
12972,1161.2,4,2010-02-16 14:30:00,2010-10-22 08:41:00,247,290.3,At risk
12973,385.55,1,2010-10-22 10:14:00,2010-10-22 10:14:00,1,385.55,Lost
12974,408.95,2,2010-05-23 11:45:00,2011-05-26 09:33:00,367,204.475,Lost
12975,2100.09,6,2009-12-06 10:38:00,2010-09-29 09:46:00,296,350.01500000000004,At risk
12976,3156.38,8,2010-02-12 15:46:00,2011-05-12 09:55:00,453,394.5475,At risk
12977,517.63,4,2010-07-16 16:25:00,2011-07-06 16:40:00,355,129.4075,Loyal
12978,2502.82,5,2009-12-10 12:10:00,2010-11-19 14:29:00,344,500.564,At risk
12979,517.7,1,2009-12-10 15:45:00,2009-12-10 15:45:00,1,517.7,Lost
12980,16245.78,21,2009-12-02 11:26:00,2011-07-05 09:34:00,579,773.6085714285715,Loyal
12981,372.21999999999997,2,2011-07-29 14:14:00,2011-11-10 12:00:00,103,186.10999999999999,New customers
12982,2744.81,8,2010-04-12 13:50:00,2011-04-11 11:51:00,363,343.10125,At risk
12983,490.08000000000004,1,2010-04-20 12:58:00,2010-04-20 12:58:00,1,490.08000000000004,Lost
12984,97.5,1,2011-11-21 12:37:00,2011-11-21 12:37:00,1,97.5,New customers
12985,754.38,1,2011-11-11 12:44:00,2011-11-11 12:44:00,1,754.38,New customers
12986,2729.84,10,2010-01-21 10:45:00,2010-10-07 11:57:00,259,272.98400000000004,At risk
12987,1312.21,5,2010-01-20 09:57:00,2011-09-27 12:03:00,615,262.442,Loyal
12988,535.32,1,2011-02-20 14:31:00,2011-02-20 14:31:00,1,535.32,Lost
12989,13490.550000000001,32,2009-12-10 13:27:00,2011-12-01 12:44:00,720,421.57968750000003,Champions
12990,955.5,7,2010-03-30 11:36:00,2011-11-08 13:01:00,588,136.5,Champions
12991,764.82,3,2010-11-15 13:43:00,2011-11-16 15:34:00,366,254.94000000000003,Loyal
12992,93.35000000000001,1,2009-12-14 16:46:00,2009-12-14 16:46:00,1,93.35000000000001,Lost
12993,1259.6299999999999,8,2010-02-18 10:35:00,2011-11-16 15:49:00,636,157.45374999999999,Champions
12994,645.47,2,2011-03-16 08:31:00,2011-08-11 17:02:00,148,322.735,Potential loyalists
12995,211.32,1,2011-09-15 15:44:00,2011-09-15 15:44:00,1,211.32,Potential loyalists
12996,355.5,1,2010-11-29 09:27:00,2010-11-29 09:27:00,1,355.5,Lost
12997,2110.91,8,2010-04-06 11:06:00,2011-11-17 15:47:00,590,263.86375,Champions
12998,920.08,3,2010-02-24 11:55:00,2010-08-04 08:05:00,160,306.6933333333333,At risk
12999,455.88,3,2011-04-08 10:26:00,2011-05-27 13:24:00,49,151.96,Loyal
13000,1032.5,4,2009-12-14 17:03:00,2011-08-25 10:43:00,618,258.125,Loyal
13001,23581.09,32,2009-12-03 16:21:00,2011-11-17 14:17:00,713,736.9090625,Champions
13002,414.13,3,2010-10-01 11:58:00,2011-01-25 15:18:00,116,138.04333333333332,At risk
13003,149.05,3,2011-05-09 08:23:00,2011-08-26 10:50:00,109,49.68333333333334,Loyal
13004,11650.85,36,2009-12-15 09:44:00,2011-11-28 11:27:00,713,323.63472222222225,Champions
13005,999.68,4,2010-09-08 12:52:00,2011-06-19 10:53:00,283,249.92,Loyal
13006,81.57,1,2011-10-14 13:49:00,2011-10-14 13:49:00,1,81.57,New customers
13007,175.25,1,2010-05-09 10:38:00,2010-05-09 10:38:00,1,175.25,Lost
13008,612.13,3,2009-12-16 16:07:00,2011-01-20 14:24:00,399,204.04333333333332,At risk
13009,234.0,1,2010-02-05 12:22:00,2010-02-05 12:22:00,1,234.0,Lost
13010,330.12,2,2010-03-01 11:28:00,2010-11-30 15:09:00,274,165.06,Lost
13011,101.10000000000001,1,2010-12-02 17:22:00,2010-12-02 17:22:00,1,101.10000000000001,Lost
13012,2972.83,11,2010-04-26 14:14:00,2011-11-30 13:05:00,582,270.2572727272727,Champions
13013,12330.67,28,2009-12-14 10:34:00,2011-11-18 14:25:00,704,440.38107142857143,Champions
13014,5381.08,11,2010-10-03 11:35:00,2011-11-29 12:27:00,422,489.1890909090909,Champions
13015,6586.42,11,2010-04-15 16:35:00,2011-10-17 13:19:00,549,598.7654545454545,Champions
13016,789.89,3,2011-08-08 15:00:00,2011-09-27 14:08:00,49,263.2966666666667,Loyal
13017,204.0,1,2011-12-02 15:53:00,2011-12-02 15:53:00,1,204.0,New customers
13018,9763.16,35,2010-03-01 12:34:00,2011-11-23 13:28:00,632,278.9474285714286,Champions
13019,1229.95,6,2009-12-06 15:40:00,2010-11-25 14:56:00,353,204.99166666666667,At risk
13020,618.96,2,2010-02-18 10:35:00,2010-05-26 11:12:00,97,309.48,Lost
13021,4581.81,16,2009-12-05 12:02:00,2011-11-14 10:28:00,708,286.363125,Champions
13022,65.3,1,2010-10-06 10:50:00,2010-10-06 10:50:00,1,65.3,Lost
13023,1449.03,3,2010-06-29 09:51:00,2011-10-06 16:27:00,464,483.01,Loyal
13024,555.87,2,2010-05-06 14:25:00,2010-08-26 09:42:00,111,277.935,Lost
13025,323.39,1,2009-12-08 10:02:00,2009-12-08 10:02:00,1,323.39,Lost
13026,1532.56,8,2009-12-13 11:34:00,2011-11-08 07:52:00,694,191.57,Champions
13027,17335.2,19,2010-01-20 10:41:00,2011-08-18 09:39:00,574,912.3789473684211,Loyal
13028,661.3199999999999,2,2011-10-25 14:09:00,2011-11-17 11:10:00,22,330.65999999999997,New customers
13029,1927.3,5,2010-07-04 13:46:00,2011-11-09 09:13:00,492,385.46,Champions
13030,1227.22,2,2010-12-06 14:31:00,2011-11-28 14:30:00,356,613.61,New customers
13031,3419.27,5,2010-06-03 14:57:00,2010-10-28 15:34:00,147,683.854,At risk
13032,2843.55,9,2010-09-05 14:01:00,2011-10-18 15:54:00,408,315.95000000000005,Champions
13033,220.55,2,2010-10-06 09:37:00,2010-12-17 14:23:00,72,110.275,Lost
13034,922.68,3,2010-11-03 15:22:00,2011-10-16 12:21:00,346,307.56,Loyal
13035,1364.2,3,2010-10-04 15:41:00,2011-09-27 08:57:00,357,454.73333333333335,Loyal
13036,307.1,1,2010-01-24 11:35:00,2010-01-24 11:35:00,1,307.1,Lost
13037,3914.9500000000003,12,2009-12-03 17:04:00,2011-07-24 15:46:00,597,326.24583333333334,Loyal
13038,908.46,3,2011-02-22 11:43:00,2011-09-20 14:37:00,210,302.82,Loyal
13039,1010.73,4,2009-12-17 16:43:00,2010-05-04 16:45:00,138,252.6825,At risk
13040,676.99,2,2011-11-06 13:53:00,2011-12-01 10:38:00,24,338.495,New customers
13041,799.13,4,2010-04-29 08:43:00,2010-09-15 11:44:00,139,199.7825,At risk
13042,1556.54,3,2009-12-07 15:42:00,2010-04-20 13:43:00,133,518.8466666666667,At risk
13043,516.42,1,2011-03-11 14:52:00,2011-03-11 14:52:00,1,516.42,Lost
13044,4853.9,11,2010-01-08 14:46:00,2011-02-21 15:20:00,409,441.26363636363635,At risk
13045,808.92,3,2010-08-10 13:02:00,2011-09-01 15:04:00,387,269.64,Loyal
13046,949.25,3,2010-09-09 13:09:00,2011-11-09 08:36:00,425,316.4166666666667,Loyal
13047,8795.16,24,2009-12-16 11:43:00,2011-11-08 12:06:00,692,366.465,Champions
13048,4084.21,9,2010-01-27 12:55:00,2011-11-25 13:23:00,667,453.80111111111114,Champions
13049,1408.24,4,2010-11-03 15:39:00,2011-10-06 15:31:00,336,352.06,Loyal
13050,12344.53,35,2009-12-15 15:06:00,2011-11-25 09:18:00,709,352.70085714285716,Champions
13051,155.8,2,2010-03-30 11:11:00,2010-05-10 09:14:00,40,77.9,Lost
13052,3168.53,7,2010-02-23 12:31:00,2011-05-11 14:12:00,442,452.6471428571429,At risk
13053,127.65,1,2010-03-28 11:28:00,2010-03-28 11:28:00,1,127.65,Lost
13055,2321.11,4,2010-10-06 08:17:00,2011-09-22 14:26:00,351,580.2775,Loyal
13056,209.48,1,2010-06-06 14:10:00,2010-06-06 14:10:00,1,209.48,Lost
13057,722.09,3,2010-03-18 12:14:00,2010-06-27 15:44:00,101,240.6966666666667,At risk
13058,271.40000000000003,3,2011-07-11 12:01:00,2011-11-15 12:43:00,127,90.46666666666668,Loyal
13059,2303.17,10,2010-03-31 12:23:00,2011-04-04 10:40:00,368,230.317,At risk
13060,307.53,1,2011-03-31 11:37:00,2011-03-31 11:37:00,1,307.53,Lost
13061,248.61,1,2011-09-28 16:04:00,2011-09-28 16:04:00,1,248.61,Potential loyalists
13062,346.98,1,2011-06-01 15:12:00,2011-06-01 15:12:00,1,346.98,Potential loyalists
13063,188.4,1,2010-08-16 12:27:00,2010-08-16 12:27:00,1,188.4,Lost
13064,1680.74,6,2010-04-27 10:08:00,2011-11-27 12:31:00,579,280.12333333333333,Champions
13065,1260.91,5,2010-06-10 11:44:00,2010-12-01 16:52:00,174,252.18200000000002,At risk
13066,470.8,2,2011-11-07 17:06:00,2011-11-15 12:57:00,7,235.4,New customers
13067,508.51,3,2010-09-19 13:43:00,2011-09-18 13:38:00,363,169.50333333333333,Loyal
13068,344.0,2,2011-01-24 08:20:00,2011-11-29 15:00:00,309,172.0,New customers
13069,9402.89,37,2010-06-14 14:27:00,2011-11-25 15:47:00,529,254.13216216216216,Champions
13070,751.7,4,2009-12-07 14:44:00,2011-05-31 13:45:00,539,187.925,Loyal
13071,129.22,1,2010-04-06 13:37:00,2010-04-06 13:37:00,1,129.22,Lost
13072,177.15,1,2011-03-18 08:12:00,2011-03-18 08:12:00,1,177.15,Lost
13073,418.08,2,2010-09-28 09:27:00,2010-10-24 14:06:00,26,209.04,Lost
13074,1378.74,4,2009-12-16 11:46:00,2010-07-16 16:53:00,212,344.685,At risk
13075,919.61,1,2011-08-02 10:19:00,2011-08-02 10:19:00,1,919.61,Potential loyalists
13076,135.4,1,2010-09-08 10:27:00,2010-09-08 10:27:00,1,135.4,Lost
13077,2912.84,10,2009-12-11 11:17:00,2011-02-22 16:19:00,438,291.284,At risk
13078,28693.37,56,2009-12-01 09:06:00,2011-11-29 16:31:00,728,512.3816071428571,Champions
13079,389.18,5,2010-10-18 14:15:00,2011-11-18 09:03:00,395,77.836,Champions
13080,280.73,4,2010-04-09 13:07:00,2011-06-13 14:59:00,430,70.1825,Loyal
13081,59205.15,28,2009-12-08 13:58:00,2011-11-28 10:54:00,719,2114.469642857143,Champions
13082,7335.75,21,2009-12-22 15:37:00,2011-08-05 16:16:00,591,349.32142857142856,Loyal
13083,284.07,2,2010-10-10 13:38:00,2011-09-25 10:46:00,349,142.035,Potential loyalists
13084,122.39999999999999,1,2010-08-05 08:49:00,2010-08-05 08:49:00,1,122.39999999999999,Lost
13085,2433.28,8,2009-12-01 07:45:00,2011-07-05 12:11:00,581,304.16,Loyal
13086,439.33000000000004,1,2010-11-22 10:28:00,2010-11-22 10:28:00,1,439.33000000000004,Lost
13087,313.64,1,2009-12-13 15:16:00,2009-12-13 15:16:00,1,313.64,Lost
13088,236.11,1,2010-10-18 15:35:00,2010-10-18 15:35:00,1,236.11,Lost
13089,112670.58,201,2009-12-02 15:44:00,2011-12-01 17:16:00,729,560.5501492537313,Champions
13090,14103.09,24,2010-08-02 13:58:00,2011-12-01 12:39:00,485,587.62875,Champions
13091,2321.82,3,2009-12-10 11:50:00,2011-11-11 15:54:00,701,773.94,Loyal
13092,2140.28,12,2010-02-10 08:44:00,2011-09-30 11:18:00,597,178.35666666666668,Loyal
13093,54943.65,55,2009-12-04 10:32:00,2011-03-09 12:14:00,460,998.9754545454546,At risk
13094,2433.1200000000003,13,2010-11-15 14:15:00,2011-11-18 14:07:00,367,187.16307692307694,Champions
13095,74.39999999999999,1,2011-09-30 12:03:00,2011-09-30 12:03:00,1,74.39999999999999,Potential loyalists
13096,419.70000000000005,1,2010-11-10 14:08:00,2010-11-10 14:08:00,1,419.70000000000005,Lost
13097,13389.22,28,2009-12-01 13:31:00,2011-11-07 10:43:00,705,478.18642857142856,Champions
13098,26516.68,25,2011-01-26 13:46:00,2011-11-30 10:18:00,307,1060.6672,Champions
13099,207.35999999999999,1,2011-09-01 17:40:00,2011-09-01 17:40:00,1,207.35999999999999,Potential loyalists
13101,695.4,4,2010-01-27 15:49:00,2011-04-19 14:37:00,446,173.85,At risk
13102,11502.85,36,2010-05-06 13:12:00,2011-12-01 19:24:00,574,319.5236111111111,Champions
13103,709.64,3,2010-05-11 14:41:00,2011-10-31 09:38:00,537,236.54666666666665,Loyal
13104,1369.62,8,2010-02-24 15:06:00,2011-10-24 10:11:00,606,171.2025,Champions
13105,72.0,1,2010-09-29 13:41:00,2010-09-29 13:41:00,1,72.0,Lost
13106,603.46,2,2010-10-22 13:10:00,2011-07-29 15:12:00,280,301.73,Potential loyalists
13107,5253.07,9,2010-02-04 10:50:00,2011-10-26 14:52:00,629,583.6744444444444,Champions
13108,1098.52,2,2010-09-30 17:09:00,2010-12-02 10:35:00,62,549.26,Lost
13109,1134.03,3,2010-06-06 12:59:00,2011-10-11 10:16:00,491,378.01,Loyal
13110,2957.4700000000003,12,2009-12-01 14:14:00,2011-11-08 14:30:00,707,246.45583333333335,Champions
13111,321.88000000000005,1,2009-12-21 09:00:00,2009-12-21 09:00:00,1,321.88000000000005,Lost
13112,20.6,1,2010-06-16 17:03:00,2010-06-16 17:03:00,1,20.6,Lost
13113,18286.53,36,2010-03-28 16:13:00,2011-11-25 10:22:00,606,507.95916666666665,Champions
13114,234.38,1,2009-12-09 09:56:00,2009-12-09 09:56:00,1,234.38,Lost
13115,5494.7,10,2010-04-19 13:29:00,2011-11-28 12:38:00,587,549.47,Champions
13116,501.14,1,2011-07-24 14:33:00,2011-07-24 14:33:00,1,501.14,Potential loyalists
13117,2643.81,18,2010-03-26 13:50:00,2011-11-18 12:02:00,601,146.87833333333333,Champions
13118,2415.41,9,2010-09-26 15:46:00,2011-11-20 12:46:00,419,268.37888888888887,Champions
13119,134.9,1,2010-02-09 08:38:00,2010-02-09 08:38:00,1,134.9,Lost
13120,30.599999999999998,1,2011-04-15 10:19:00,2011-04-15 10:19:00,1,30.599999999999998,Lost
13121,283.73,1,2011-03-15 16:47:00,2011-03-15 16:47:00,1,283.73,Lost
13122,922.39,2,2011-04-13 14:12:00,2011-09-06 15:53:00,146,461.195,Potential loyalists
13123,506.75,2,2010-06-28 12:43:00,2010-08-24 10:18:00,56,253.375,Lost
13124,4782.45,4,2010-11-19 15:50:00,2011-09-11 12:45:00,295,1195.6125,Loyal
13125,158.57,1,2010-07-04 11:58:00,2010-07-04 11:58:00,1,158.57,Lost
13126,3628.81,12,2010-03-02 12:24:00,2011-10-26 10:43:00,602,302.4008333333333,Champions
13127,259.17,1,2011-09-23 10:26:00,2011-09-23 10:26:00,1,259.17,Potential loyalists
13128,263.5,1,2010-03-18 15:08:00,2010-03-18 15:08:00,1,263.5,Lost
13129,233.25,2,2010-06-28 11:54:00,2010-09-13 13:47:00,77,116.625,Lost
13130,64.0,1,2011-09-06 15:30:00,2011-09-06 15:30:00,1,64.0,Potential loyalists
13131,3313.77,7,2010-02-09 09:47:00,2011-11-16 13:21:00,645,473.3957142857143,Champions
13132,77.3,1,2011-03-23 12:44:00,2011-03-23 12:44:00,1,77.3,Lost
13133,200.45000000000002,3,2010-09-06 15:30:00,2011-03-11 10:31:00,185,66.81666666666668,At risk
13134,2475.23,6,2010-10-19 13:21:00,2011-09-15 10:35:00,330,412.53833333333336,Loyal
13135,3371.45,2,2010-08-05 17:28:00,2011-05-27 10:52:00,294,1685.725,Potential loyalists
13136,6274.56,13,2009-12-08 18:30:00,2011-10-14 13:41:00,674,482.65846153846155,Champions
13137,7712.7,16,2010-07-25 15:40:00,2011-11-29 12:09:00,491,482.04375,Champions
13138,1467.24,7,2010-11-08 11:45:00,2011-11-17 16:51:00,374,209.6057142857143,Champions
13139,8202.98,8,2010-09-28 09:12:00,2011-11-23 13:54:00,421,1025.3725,Champions
13140,1215.68,5,2010-08-05 19:05:00,2011-08-23 15:33:00,382,243.13600000000002,Loyal
13141,7668.58,17,2009-12-09 13:34:00,2011-09-16 09:54:00,645,451.09294117647056,Loyal
13142,307.09,1,2011-11-20 16:07:00,2011-11-20 16:07:00,1,307.09,New customers
13143,405.1,1,2010-05-04 12:22:00,2010-05-04 12:22:00,1,405.1,Lost
13144,135.35,2,2010-10-04 14:14:00,2011-01-11 11:15:00,98,67.675,Lost
13145,1423.52,7,2010-04-19 11:11:00,2011-10-31 12:45:00,560,203.35999999999999,Champions
13146,228.91,1,2011-11-13 15:29:00,2011-11-13 15:29:00,1,228.91,New customers
13147,712.8000000000001,4,2011-09-01 12:28:00,2011-11-29 13:59:00,89,178.20000000000002,Loyal
13148,8621.81,26,2009-12-07 15:26:00,2011-11-10 15:23:00,702,331.6080769230769,Champions
13149,1676.06,4,2011-02-23 13:57:00,2011-11-25 13:09:00,274,419.015,Loyal
13150,449.96999999999997,3,2010-03-19 09:03:00,2010-08-12 12:59:00,146,149.98999999999998,At risk
13151,2580.7400000000002,3,2010-03-22 10:26:00,2011-02-17 12:29:00,332,860.2466666666668,At risk
13152,2146.38,7,2010-01-14 10:01:00,2010-10-18 13:44:00,277,306.6257142857143,At risk
13153,486.22,1,2011-12-04 12:14:00,2011-12-04 12:14:00,1,486.22,New customers
13154,1624.84,3,2009-12-04 08:46:00,2010-11-05 16:00:00,336,541.6133333333333,At risk
13155,1750.18,6,2010-08-05 09:30:00,2011-11-06 15:41:00,458,291.69666666666666,Champions
13156,1586.54,3,2010-02-01 13:45:00,2010-11-19 13:09:00,290,528.8466666666667,At risk
13157,5687.36,9,2010-03-08 11:59:00,2011-10-21 13:50:00,592,631.9288888888889,Champions
13158,1508.18,5,2010-11-16 17:12:00,2011-09-06 11:58:00,293,301.636,Loyal
13159,1437.85,4,2011-08-16 11:44:00,2011-12-01 11:20:00,106,359.4625,Loyal
13160,91.8,1,2011-11-17 13:07:00,2011-11-17 13:07:00,1,91.8,New customers
13161,478.88,2,2010-07-27 12:44:00,2011-01-30 14:03:00,187,239.44,Lost
13162,9275.49,16,2009-12-04 13:59:00,2011-08-09 15:59:00,613,579.718125,Loyal
13163,17.65,1,2010-04-08 16:21:00,2010-04-08 16:21:00,1,17.65,Lost
13164,372.2,2,2010-02-10 11:52:00,2010-05-19 13:52:00,98,186.1,Lost
13165,1451.16,3,2010-10-22 17:04:00,2011-10-24 15:05:00,366,483.72,Loyal
13166,884.18,2,2010-10-21 14:29:00,2011-03-01 15:16:00,131,442.09,Lost
13167,1125.15,5,2010-11-14 12:58:00,2011-11-21 12:24:00,371,225.03000000000003,Champions
13168,1875.31,5,2010-06-15 15:00:00,2011-11-03 12:56:00,505,375.062,Champions
13169,840.08,3,2010-05-26 15:58:00,2011-10-07 12:11:00,498,280.0266666666667,Loyal
13170,116.00999999999999,1,2011-11-13 12:19:00,2011-11-13 12:19:00,1,116.00999999999999,New customers
13171,468.41,3,2011-02-13 14:16:00,2011-11-18 10:27:00,277,156.13666666666668,Loyal
13172,69.6,1,2010-11-04 15:10:00,2010-11-04 15:10:00,1,69.6,Lost
13173,2451.64,10,2009-12-10 12:52:00,2010-12-07 14:30:00,362,245.164,At risk
13174,9494.84,12,2009-12-04 15:40:00,2011-11-23 14:35:00,718,791.2366666666667,Champions
13175,831.45,2,2009-12-04 12:11:00,2010-05-06 13:13:00,153,415.725,Lost
13176,492.84,1,2011-10-24 15:43:00,2011-10-24 15:43:00,1,492.84,New customers
13177,512.2,2,2010-10-05 10:35:00,2011-10-06 09:56:00,365,256.1,Potential loyalists
13178,14059.19,21,2009-12-16 14:00:00,2011-11-13 16:14:00,697,669.4852380952382,Champions
13179,572.3100000000001,1,2010-03-31 11:40:00,2010-03-31 11:40:00,1,572.3100000000001,Lost
13180,86.10000000000001,1,2010-04-11 13:37:00,2010-04-11 13:37:00,1,86.10000000000001,Lost
13181,359.69,1,2010-11-23 15:05:00,2010-11-23 15:05:00,1,359.69,Lost
13182,121.18,1,2011-10-25 13:46:00,2011-10-25 13:46:00,1,121.18,New customers
13183,7036.18,15,2010-03-14 12:32:00,2011-12-02 10:30:00,627,469.07866666666666,Champions
13184,1701.29,10,2011-02-22 17:25:00,2011-11-25 12:02:00,275,170.129,Champions
13185,71.4,1,2011-03-17 11:56:00,2011-03-17 11:56:00,1,71.4,Lost
13186,1575.89,3,2011-08-03 09:09:00,2011-10-31 11:40:00,89,525.2966666666667,Loyal
13187,367.01,4,2010-03-25 17:18:00,2011-01-06 18:57:00,287,91.7525,At risk
13188,114.60000000000001,1,2011-11-28 15:28:00,2011-11-28 15:28:00,1,114.60000000000001,New customers
13189,260.68,2,2011-08-16 13:12:00,2011-11-21 10:39:00,96,130.34,New customers
13190,570.66,3,2009-12-07 12:13:00,2010-06-13 15:47:00,188,190.22,At risk
13191,164.69,1,2010-02-19 17:02:00,2010-02-19 17:02:00,1,164.69,Lost
13192,2558.58,6,2010-01-22 08:37:00,2011-09-05 14:13:00,591,426.43,Loyal
13193,117.88,1,2011-10-09 14:30:00,2011-10-09 14:30:00,1,117.88,New customers
13194,472.78,2,2010-10-14 11:54:00,2011-07-27 09:01:00,285,236.39,Potential loyalists
13195,172.38,1,2010-10-21 13:07:00,2010-10-21 13:07:00,1,172.38,Lost
13196,3068.84,7,2010-04-01 12:54:00,2011-11-28 13:54:00,606,438.4057142857143,Champions
13197,373.01000000000005,1,2010-04-09 09:14:00,2010-04-09 09:14:00,1,373.01000000000005,Lost
13198,4974.2300000000005,8,2010-10-01 13:27:00,2011-11-29 15:17:00,424,621.7787500000001,Champions
13199,16130.85,66,2009-12-05 10:11:00,2011-12-02 08:55:00,726,244.40681818181818,Champions
13200,870.09,4,2011-08-05 14:50:00,2011-11-20 15:35:00,107,217.5225,Loyal
13201,1240.6100000000001,4,2010-03-07 11:01:00,2010-07-25 14:30:00,140,310.15250000000003,At risk
13202,1580.3,7,2009-12-09 10:48:00,2010-11-10 16:24:00,336,225.75714285714284,At risk
13203,2648.25,10,2009-12-17 14:15:00,2011-11-30 10:45:00,712,264.825,Champions
13204,966.6600000000001,1,2009-12-08 14:56:00,2009-12-08 14:56:00,1,966.6600000000001,Lost
13205,2803.2,1,2010-09-22 16:26:00,2010-09-22 16:26:00,1,2803.2,Lost
13206,8377.32,13,2009-12-07 13:48:00,2010-11-04 16:50:00,332,644.4092307692307,At risk
13207,535.86,4,2010-04-06 16:37:00,2011-11-24 14:52:00,596,133.965,Loyal
13208,1988.5,9,2009-12-03 13:25:00,2011-10-12 09:54:00,677,220.94444444444446,Champions
13209,8509.51,13,2010-01-24 14:30:00,2011-11-09 13:54:00,653,654.5776923076924,Champions
13210,353.48,1,2011-09-07 08:18:00,2011-09-07 08:18:00,1,353.48,Potential loyalists
13211,2729.32,10,2009-12-06 15:24:00,2011-11-29 14:43:00,722,272.932,Champions
13212,788.08,3,2011-10-09 14:48:00,2011-11-20 12:40:00,41,262.6933333333333,Loyal
13213,3851.52,11,2010-05-20 14:50:00,2011-10-14 11:42:00,511,350.1381818181818,Champions
13214,3264.23,7,2010-03-03 14:10:00,2010-10-18 10:00:00,228,466.31857142857143,At risk
13215,81.6,1,2010-11-02 18:26:00,2010-11-02 18:26:00,1,81.6,Lost
13216,333.74,1,2011-03-17 12:18:00,2011-03-17 12:18:00,1,333.74,Lost
13217,666.48,4,2010-02-22 12:49:00,2011-08-09 15:32:00,533,166.62,Loyal
13218,62.63999999999999,1,2011-08-04 16:59:00,2011-08-04 16:59:00,1,62.63999999999999,Potential loyalists
13219,76.23,1,2010-03-31 14:18:00,2010-03-31 14:18:00,1,76.23,Lost
13220,1336.0900000000001,5,2010-05-13 10:35:00,2011-09-22 13:38:00,497,267.218,Loyal
13221,847.41,2,2010-12-15 13:24:00,2011-04-13 16:58:00,119,423.705,Lost
13222,88.5,1,2010-05-11 13:54:00,2010-05-11 13:54:00,1,88.5,Lost
13223,969.1200000000001,6,2010-02-12 13:27:00,2011-05-23 13:03:00,464,161.52,At risk
13224,2155.95,2,2011-07-11 14:10:00,2011-10-10 14:55:00,91,1077.975,New customers
13225,14896.87,15,2009-12-17 09:09:00,2011-10-10 14:06:00,662,993.1246666666667,Champions
13226,312.46,2,2010-11-11 13:46:00,2011-03-11 14:35:00,120,156.23,Lost
13227,257.7,1,2011-05-22 11:47:00,2011-05-22 11:47:00,1,257.7,Lost
13228,358.0,1,2011-09-19 14:28:00,2011-09-19 14:28:00,1,358.0,Potential loyalists
13229,160.95,1,2011-04-28 12:07:00,2011-04-28 12:07:00,1,160.95,Lost
13230,5963.5199999999995,29,2010-03-18 20:02:00,2011-11-10 20:01:00,601,205.63862068965517,Champions
13232,1357.6,7,2011-04-10 13:48:00,2011-11-27 10:39:00,230,193.94285714285712,Champions
13233,1176.46,4,2010-01-14 14:10:00,2011-09-26 13:25:00,619,294.115,Loyal
13234,356.95,2,2009-12-07 12:32:00,2010-02-05 11:41:00,59,178.475,Lost
13235,1031.07,1,2011-05-11 17:13:00,2011-05-11 17:13:00,1,1031.07,Lost
13236,744.85,2,2011-08-25 08:58:00,2011-11-15 12:50:00,82,372.425,New customers
13237,643.0,1,2010-11-17 10:07:00,2010-11-17 10:07:00,1,643.0,Lost
13238,1006.63,6,2010-04-28 15:02:00,2011-11-22 15:37:00,573,167.77166666666668,Champions
13239,1594.69,5,2010-07-25 13:34:00,2011-03-23 10:25:00,240,318.938,At risk
13240,1738.52,8,2010-02-25 13:17:00,2011-09-04 14:08:00,556,217.315,Loyal
13241,115.58,1,2010-10-24 11:17:00,2010-10-24 11:17:00,1,115.58,Lost
13242,699.4,7,2010-02-09 13:12:00,2011-08-19 12:53:00,555,99.91428571428571,Loyal
13243,1278.04,5,2010-03-18 13:10:00,2011-05-20 13:14:00,428,255.608,At risk
13244,121.74000000000001,1,2011-09-08 11:46:00,2011-09-08 11:46:00,1,121.74000000000001,Potential loyalists
13245,989.22,2,2010-10-03 14:03:00,2011-10-20 11:40:00,381,494.61,New customers
13246,3387.43,11,2010-07-02 13:36:00,2011-11-21 16:50:00,507,307.9481818181818,Champions
13247,501.12,4,2011-09-18 11:31:00,2011-11-22 10:59:00,64,125.28,Loyal
13248,465.68,2,2011-06-03 13:05:00,2011-08-07 12:40:00,64,232.84,Potential loyalists
13249,1608.93,9,2010-01-24 12:11:00,2011-09-08 13:26:00,592,178.77,Loyal
13250,256.04,2,2010-07-25 14:01:00,2010-09-05 11:33:00,41,128.02,Lost
13251,252.68,1,2010-11-02 13:20:00,2010-11-02 13:20:00,1,252.68,Lost
13252,399.3,2,2010-03-24 10:30:00,2010-11-10 16:00:00,231,199.65,Lost
13253,2951.11,4,2010-01-05 12:13:00,2011-07-06 10:09:00,546,737.7775,Loyal
13254,51.410000000000004,1,2010-11-28 15:42:00,2010-11-28 15:42:00,1,51.410000000000004,Lost
13255,904.46,3,2010-07-15 13:20:00,2011-11-30 13:14:00,502,301.4866666666667,Loyal
13257,149.75,1,2010-09-29 14:58:00,2010-09-29 14:58:00,1,149.75,Lost
13258,1035.18,5,2010-11-04 12:45:00,2011-11-28 09:31:00,388,207.036,Champions
13259,1433.38,9,2010-01-10 10:26:00,2011-10-09 10:48:00,637,159.26444444444445,Champions
13260,557.62,1,2011-10-09 13:21:00,2011-10-09 13:21:00,1,557.62,New customers
13261,944.1,2,2011-02-27 10:41:00,2011-03-16 12:22:00,17,472.05,Lost
13262,573.45,3,2010-04-18 12:14:00,2011-03-21 15:06:00,337,191.15,At risk
13263,8497.34,38,2010-10-22 17:07:00,2011-12-01 11:16:00,404,223.6142105263158,Champions
13264,722.5600000000001,1,2010-09-23 12:42:00,2010-09-23 12:42:00,1,722.5600000000001,Lost
13265,2107.66,5,2011-03-11 09:54:00,2011-10-17 15:02:00,220,421.532,Champions
13266,6135.04,19,2009-12-17 10:52:00,2011-11-28 14:39:00,711,322.89684210526315,Champions
13267,9457.06,35,2009-12-07 16:56:00,2011-11-22 11:04:00,714,270.2017142857143,Champions
13268,3214.69,11,2011-03-17 13:20:00,2011-11-22 11:51:00,249,292.24454545454546,Champions
13269,8558.02,27,2009-12-02 11:47:00,2011-11-28 13:11:00,726,316.96370370370374,Champions
13270,1180.0,1,2010-12-08 14:53:00,2010-12-08 14:53:00,1,1180.0,Lost
13271,217.38,1,2011-11-02 14:31:00,2011-11-02 14:31:00,1,217.38,New customers
13272,276.56,2,2011-09-11 12:06:00,2011-11-08 14:00:00,58,138.28,New customers
13273,138.98,1,2011-08-18 14:02:00,2011-08-18 14:02:00,1,138.98,Potential loyalists
13274,360.85,1,2010-10-26 13:48:00,2010-10-26 13:48:00,1,360.85,Lost
13275,241.66,2,2010-03-17 14:05:00,2010-11-21 12:09:00,248,120.83,Lost
13276,1939.26,5,2010-03-07 14:05:00,2011-10-07 12:44:00,578,387.852,Champions
13277,523.3,7,2010-06-18 08:45:00,2011-11-24 09:21:00,524,74.75714285714285,Champions
13278,1435.85,4,2010-04-08 11:59:00,2011-10-30 11:49:00,569,358.9625,Loyal
13279,137.75,1,2011-09-22 17:24:00,2011-09-22 17:24:00,1,137.75,Potential loyalists
13280,2322.63,7,2010-03-05 09:07:00,2011-08-09 13:14:00,522,331.80428571428575,Loyal
13281,350.85,1,2010-09-26 16:03:00,2010-09-26 16:03:00,1,350.85,Lost
13282,1313.19,4,2010-10-29 14:11:00,2011-11-21 15:33:00,388,328.2975,Loyal
13283,373.36,4,2010-03-09 14:36:00,2011-10-11 09:50:00,580,93.34,Loyal
13284,201.19,1,2011-01-13 09:23:00,2011-01-13 09:23:00,1,201.19,Lost
13285,3364.59,6,2010-03-25 14:26:00,2011-11-16 13:19:00,600,560.765,Champions
13286,734.91,1,2010-04-18 15:35:00,2010-04-18 15:35:00,1,734.91,Lost
13287,781.59,3,2010-01-04 10:43:00,2010-04-15 15:26:00,101,260.53000000000003,At risk
13288,927.61,5,2010-02-11 14:59:00,2010-09-22 16:32:00,223,185.522,At risk
13289,307.95,1,2009-12-16 11:53:00,2009-12-16 11:53:00,1,307.95,Lost
13290,208.63,1,2010-09-27 16:29:00,2010-09-27 16:29:00,1,208.63,Lost
13291,3320.84,11,2010-02-11 18:36:00,2011-07-07 10:36:00,510,301.8945454545455,Loyal
13292,994.51,5,2010-07-01 14:36:00,2011-11-01 10:04:00,487,198.902,Champions
13293,1192.94,6,2010-02-09 12:05:00,2010-11-12 13:28:00,276,198.82333333333335,At risk
13294,1689.53,3,2010-03-03 12:54:00,2011-06-03 08:54:00,456,563.1766666666666,Loyal
13295,1101.97,4,2010-05-12 09:13:00,2010-12-15 11:21:00,217,275.4925,At risk
13296,792.51,6,2010-05-11 14:29:00,2011-07-25 13:46:00,439,132.085,Loyal
13297,4368.62,7,2010-06-15 12:35:00,2011-12-02 09:32:00,534,624.0885714285714,Champions
13299,1218.7,3,2010-06-29 11:30:00,2011-03-16 12:55:00,260,406.23333333333335,At risk
13300,1285.51,3,2010-05-14 15:56:00,2011-06-23 13:09:00,404,428.50333333333333,Loyal
13301,618.09,4,2011-02-20 13:13:00,2011-08-28 11:25:00,188,154.5225,Loyal
13302,159.2,2,2010-07-01 12:32:00,2011-07-07 17:56:00,371,79.6,Potential loyalists
13303,61.72,1,2010-11-04 14:55:00,2010-11-04 14:55:00,1,61.72,Lost
13304,1217.99,4,2010-02-08 12:42:00,2010-12-23 14:35:00,318,304.4975,At risk
13305,3541.5499999999997,15,2010-03-10 14:49:00,2011-11-18 11:07:00,617,236.10333333333332,Champions
13306,53.65,1,2010-10-05 14:55:00,2010-10-05 14:55:00,1,53.65,Lost
13307,273.34,3,2010-04-26 13:28:00,2011-08-11 17:14:00,472,91.11333333333333,Loyal
13308,1670.3700000000001,4,2010-04-22 09:22:00,2011-11-17 09:31:00,574,417.59250000000003,Loyal
13309,1706.3700000000001,6,2010-11-12 12:10:00,2011-12-02 16:34:00,385,284.39500000000004,Champions
13310,1541.2,5,2010-11-02 17:03:00,2011-11-11 17:23:00,374,308.24,Champions
13311,490.11,1,2011-07-12 14:26:00,2011-07-12 14:26:00,1,490.11,Potential loyalists
13312,124.75,1,2010-09-14 14:36:00,2010-09-14 14:36:00,1,124.75,Lost
13313,3445.32,12,2009-12-02 16:18:00,2011-11-17 16:48:00,715,287.11,Champions
13314,589.47,2,2011-09-27 10:20:00,2011-10-07 13:09:00,10,294.735,New customers
13315,310.26,1,2010-01-19 15:34:00,2010-01-19 15:34:00,1,310.26,Lost
13316,13191.57,10,2010-03-10 10:01:00,2011-11-02 13:40:00,602,1319.157,Champions
13317,6486.091,19,2009-12-13 11:11:00,2011-10-04 13:35:00,660,341.3732105263158,Loyal
13318,489.92,2,2011-11-02 13:26:00,2011-12-04 12:17:00,31,244.96,New customers
13319,21773.4,57,2009-12-06 14:46:00,2011-11-22 16:39:00,716,381.98947368421057,Champions
13320,2228.1,6,2010-08-18 10:29:00,2011-09-22 18:07:00,400,371.34999999999997,Loyal
13321,567.36,2,2011-09-14 15:18:00,2011-09-28 15:24:00,14,283.68,Potential loyalists
13322,199.48000000000002,1,2011-11-22 14:21:00,2011-11-22 14:21:00,1,199.48000000000002,New customers
13323,513.0500000000001,4,2011-09-16 13:23:00,2011-12-01 14:36:00,76,128.26250000000002,Loyal
13324,10513.47,18,2010-05-25 10:23:00,2011-11-03 16:28:00,527,584.0816666666666,Champions
13325,675.3,1,2011-09-19 10:36:00,2011-09-19 10:36:00,1,675.3,Potential loyalists
13326,281.76,1,2010-10-03 16:00:00,2010-10-03 16:00:00,1,281.76,Lost
13327,9879.48,20,2009-12-18 15:35:00,2011-11-01 10:21:00,682,493.974,Champions
13328,1308.48,1,2011-01-27 15:22:00,2011-01-27 15:22:00,1,1308.48,Lost
13329,5112.97,8,2009-12-04 15:41:00,2011-11-08 10:29:00,703,639.12125,Champions
13330,2806.18,6,2010-02-23 10:12:00,2011-09-08 12:27:00,562,467.69666666666666,Loyal
13331,262.4,1,2010-11-03 08:04:00,2010-11-03 08:04:00,1,262.4,Lost
13332,350.9,1,2011-11-25 13:30:00,2011-11-25 13:30:00,1,350.9,New customers
13333,1015.74,3,2010-02-19 09:26:00,2010-10-24 13:24:00,247,338.58,At risk
13334,6263.75,5,2010-02-25 12:21:00,2011-09-18 15:21:00,570,1252.75,Loyal
13336,795.12,1,2011-09-23 14:05:00,2011-09-23 14:05:00,1,795.12,Potential loyalists
13337,1575.26,1,2010-06-11 13:27:00,2010-06-11 13:27:00,1,1575.26,Lost
13338,2445.62,4,2010-01-05 12:25:00,2011-07-05 09:06:00,545,611.405,Loyal
13339,860.12,1,2011-05-23 08:31:00,2011-05-23 08:31:00,1,860.12,Lost
13340,22100.56,12,2010-02-22 14:54:00,2011-10-25 13:15:00,609,1841.7133333333334,Champions
13341,775.85,1,2011-03-24 09:50:00,2011-03-24 09:50:00,1,775.85,Lost
13343,353.43,1,2011-06-15 12:24:00,2011-06-15 12:24:00,1,353.43,Potential loyalists
13344,2543.72,3,2011-03-07 10:28:00,2011-10-03 09:45:00,209,847.9066666666666,Loyal
13345,389.5,1,2011-02-25 09:01:00,2011-02-25 09:01:00,1,389.5,Lost
13346,299.4,6,2010-04-22 12:34:00,2010-09-03 11:41:00,133,49.9,At risk
13347,341.36,1,2011-09-30 13:28:00,2011-09-30 13:28:00,1,341.36,Potential loyalists
13348,233.76,1,2011-10-06 17:28:00,2011-10-06 17:28:00,1,233.76,New customers
13349,247.32,1,2011-11-29 08:07:00,2011-11-29 08:07:00,1,247.32,New customers
13350,979.12,2,2011-09-21 13:33:00,2011-11-23 16:33:00,63,489.56,New customers
13351,373.94,1,2011-10-04 12:55:00,2011-10-04 12:55:00,1,373.94,Potential loyalists
13352,397.97999999999996,1,2011-10-10 13:55:00,2011-10-10 13:55:00,1,397.97999999999996,New customers
13354,743.53,1,2011-09-29 13:17:00,2011-09-29 13:17:00,1,743.53,Potential loyalists
13355,674.7,1,2011-08-09 14:48:00,2011-08-09 14:48:00,1,674.7,Potential loyalists
13356,768.24,1,2011-09-20 14:33:00,2011-09-20 14:33:00,1,768.24,Potential loyalists
13357,3838.36,5,2010-03-22 14:30:00,2011-03-27 13:56:00,369,767.672,At risk
13358,439.03,1,2011-03-16 11:52:00,2011-03-16 11:52:00,1,439.03,Lost
13359,1043.31,2,2010-11-01 15:05:00,2011-10-07 09:30:00,339,521.655,New customers
13360,1553.65,4,2010-01-08 11:16:00,2010-10-04 12:37:00,269,388.4125,At risk
13361,1450.5,2,2010-04-01 07:49:00,2010-08-24 14:56:00,145,725.25,Lost
13362,5394.07,7,2010-10-10 15:27:00,2011-11-30 14:41:00,415,770.5814285714285,Champions
13363,1723.86,3,2010-10-26 11:07:00,2011-11-22 12:40:00,392,574.62,Loyal
13364,134.95999999999998,1,2011-09-29 18:13:00,2011-09-29 18:13:00,1,134.95999999999998,Potential loyalists
13365,2225.37,2,2011-05-06 12:00:00,2011-11-06 12:36:00,184,1112.685,New customers
13366,56.160000000000004,1,2011-10-20 13:37:00,2011-10-20 13:37:00,1,56.160000000000004,New customers
13367,510.20000000000005,1,2010-10-04 10:00:00,2010-10-04 10:00:00,1,510.20000000000005,Lost
13368,1121.5,4,2010-10-12 10:43:00,2011-03-28 09:59:00,166,280.375,At risk
13369,616.5600000000001,1,2010-12-09 11:30:00,2010-12-09 11:30:00,1,616.5600000000001,Lost
13370,1509.74,1,2010-12-03 10:26:00,2010-12-03 10:26:00,1,1509.74,Lost
13371,2297.66,2,2010-03-17 15:29:00,2010-07-22 17:33:00,127,1148.83,Lost
13372,378.64,1,2011-09-11 12:46:00,2011-09-11 12:46:00,1,378.64,Potential loyalists
13373,7587.1900000000005,6,2009-12-06 12:34:00,2011-10-10 10:51:00,672,1264.5316666666668,Champions
13374,422.8,2,2010-09-16 10:29:00,2010-10-21 10:04:00,34,211.4,Lost
13375,1792.23,2,2010-09-21 08:12:00,2011-09-12 10:19:00,356,896.115,Potential loyalists
13376,1019.76,3,2011-04-19 13:03:00,2011-09-01 16:16:00,135,339.92,Loyal
13377,1552.88,2,2010-03-04 10:06:00,2010-11-08 12:20:00,249,776.44,Lost
13379,572.56,3,2011-07-26 12:26:00,2011-11-13 13:45:00,110,190.85333333333332,Loyal
13380,62.4,1,2010-10-03 10:18:00,2010-10-03 10:18:00,1,62.4,Lost
13381,8224.37,12,2009-12-01 15:19:00,2011-11-08 11:58:00,706,685.3641666666667,Champions
13382,1387.58,5,2009-12-08 09:56:00,2011-03-04 10:03:00,451,277.51599999999996,At risk
13383,305.28000000000003,1,2010-06-14 11:45:00,2010-06-14 11:45:00,1,305.28000000000003,Lost
13384,6680.83,11,2010-07-27 12:22:00,2011-11-09 11:04:00,469,607.3481818181818,Champions
13385,534.57,1,2011-01-14 09:52:00,2011-01-14 09:52:00,1,534.57,Lost
13386,835.46,2,2010-09-28 13:09:00,2010-10-21 12:52:00,22,417.73,Lost
13387,189.44,1,2010-10-18 14:07:00,2010-10-18 14:07:00,1,189.44,Lost
13388,1185.65,3,2010-04-15 10:18:00,2011-07-31 12:52:00,472,395.2166666666667,Loyal
13389,797.96,3,2011-04-21 12:12:00,2011-11-28 14:01:00,221,265.9866666666667,Loyal
13390,544.08,1,2011-09-26 08:38:00,2011-09-26 08:38:00,1,544.08,Potential loyalists
13391,59.8,1,2011-05-20 10:50:00,2011-05-20 10:50:00,1,59.8,Lost
13392,91.14,1,2010-01-31 13:34:00,2010-01-31 13:34:00,1,91.14,Lost
13393,1131.45,4,2009-12-07 18:12:00,2010-05-05 09:34:00,148,282.8625,At risk
13394,6319.6,18,2009-12-01 11:58:00,2011-10-17 10:17:00,684,351.0888888888889,Champions
13395,1180.23,3,2010-10-14 13:00:00,2011-06-07 15:04:00,236,393.41,Loyal
13396,1360.99,2,2011-01-24 13:37:00,2011-11-10 16:59:00,290,680.495,New customers
13397,3191.87,10,2010-01-20 09:50:00,2011-09-28 10:56:00,616,319.187,Loyal
13398,670.34,2,2010-09-17 09:34:00,2011-05-31 13:17:00,256,335.17,Potential loyalists
13399,275.4,3,2010-07-08 17:47:00,2010-09-01 13:59:00,54,91.8,At risk
13400,310.83,1,2010-05-06 09:00:00,2010-05-06 09:00:00,1,310.83,Lost
13402,1535.13,4,2010-05-24 10:56:00,2011-08-04 15:51:00,437,383.7825,Loyal
13403,229.5,3,2009-12-16 13:23:00,2011-11-22 08:28:00,705,76.5,Loyal
13404,217.81,1,2011-05-11 11:57:00,2011-05-11 11:57:00,1,217.81,Lost
13405,1213.811,6,2009-12-15 14:13:00,2011-09-26 17:01:00,650,202.30183333333332,Loyal
13406,568.92,2,2010-03-18 07:29:00,2010-10-08 14:44:00,204,284.46,Lost
13407,2244.7,3,2010-02-16 11:13:00,2010-05-10 12:41:00,83,748.2333333333332,At risk
13408,50870.622,104,2009-12-04 09:31:00,2011-12-01 14:55:00,727,489.14059615384616,Champions
13410,2201.96,9,2009-12-08 13:43:00,2011-11-15 15:33:00,707,244.66222222222223,Champions
13411,213.55,1,2011-08-24 13:57:00,2011-08-24 13:57:00,1,213.55,Potential loyalists
13412,487.34999999999997,1,2010-03-29 16:28:00,2010-03-29 16:28:00,1,487.34999999999997,Lost
13413,429.44,6,2010-01-21 17:43:00,2010-03-10 12:17:00,47,71.57333333333334,At risk
13414,2494.14,6,2010-04-15 17:00:00,2011-07-29 11:45:00,469,415.69,Loyal
13415,800.67,4,2009-12-11 14:20:00,2010-08-24 11:38:00,255,200.1675,At risk
13416,940.8000000000001,3,2009-12-03 13:02:00,2011-10-27 08:56:00,692,313.6,Loyal
13417,1264.66,5,2010-02-08 12:39:00,2011-05-18 16:26:00,464,252.93200000000002,At risk
13418,12233.6,31,2009-12-11 12:51:00,2011-11-28 10:23:00,716,394.6322580645161,Champions
13419,221.06,1,2011-10-07 12:49:00,2011-10-07 12:49:00,1,221.06,New customers
13420,159.85,2,2011-06-22 11:35:00,2011-07-13 08:48:00,20,79.925,Potential loyalists
13421,4103.12,8,2010-02-14 14:45:00,2011-10-30 14:21:00,622,512.89,Champions
13422,2626.3,1,2011-10-06 13:42:00,2011-10-06 13:42:00,1,2626.3,New customers
13423,217.03,1,2010-10-07 09:02:00,2010-10-07 09:02:00,1,217.03,Lost
13424,572.77,1,2010-09-16 10:49:00,2010-09-16 10:49:00,1,572.77,Lost
13425,3403.63,5,2010-05-09 14:35:00,2011-08-23 17:13:00,471,680.726,Loyal
13426,7875.6,21,2009-12-09 15:16:00,2011-11-29 13:29:00,719,375.02857142857147,Champions
13427,1006.53,6,2009-12-17 13:44:00,2011-11-20 13:02:00,702,167.755,Champions
13428,499.98,3,2010-07-13 13:20:00,2011-11-29 14:20:00,504,166.66,Loyal
13429,1006.8,4,2011-09-25 15:59:00,2011-11-29 09:10:00,64,251.7,Loyal
13430,679.45,2,2011-09-14 14:26:00,2011-11-21 08:19:00,67,339.725,New customers
13431,3316.24,8,2010-02-18 11:53:00,2011-10-03 13:49:00,592,414.53,Loyal
13432,439.1,2,2010-04-06 14:42:00,2010-05-17 13:18:00,40,219.55,Lost
13433,658.3199999999999,4,2010-01-12 08:59:00,2010-07-26 16:55:00,195,164.57999999999998,At risk
13434,1666.8600000000001,5,2010-02-22 09:54:00,2011-09-26 14:30:00,581,333.372,Loyal
13435,4032.9300000000003,8,2010-07-27 16:56:00,2011-11-15 15:23:00,475,504.11625000000004,Champions
13437,3408.06,7,2011-06-02 14:30:00,2011-11-25 14:00:00,175,486.86571428571426,Champions
13438,46.5,1,2010-06-10 18:46:00,2010-06-10 18:46:00,1,46.5,Lost
13439,986.61,3,2010-07-01 14:36:00,2011-03-29 14:20:00,270,328.87,At risk
13440,1295.25,7,2010-09-14 10:34:00,2010-10-12 13:11:00,28,185.03571428571428,At risk
13441,720.9,2,2010-10-04 10:38:00,2011-09-09 09:38:00,339,360.45,Potential loyalists
13442,419.87,3,2009-12-01 14:59:00,2010-02-10 14:03:00,70,139.95666666666668,At risk
13443,1280.16,6,2010-01-31 13:30:00,2010-09-17 12:31:00,228,213.36,At risk
13444,631.6800000000001,2,2010-07-21 14:34:00,2010-11-30 13:02:00,131,315.84000000000003,Lost
13445,241.89999999999998,1,2010-03-23 15:34:00,2010-03-23 15:34:00,1,241.89999999999998,Lost
13446,3881.89,11,2010-02-14 11:52:00,2010-10-05 18:51:00,233,352.8990909090909,At risk
13447,1129.14,3,2011-11-04 10:10:00,2011-11-16 13:38:00,12,376.38000000000005,Loyal
13448,9240.87,13,2009-12-06 12:14:00,2011-11-23 12:33:00,717,710.8361538461539,Champions
13449,291.88,1,2011-11-16 08:28:00,2011-11-16 08:28:00,1,291.88,New customers
13450,4120.04,13,2010-04-15 19:15:00,2011-11-13 11:54:00,576,316.92615384615385,Champions
13451,7190.92,11,2010-03-21 16:13:00,2011-11-13 15:58:00,601,653.72,Champions
13452,729.8,3,2010-08-24 09:53:00,2011-03-25 14:19:00,213,243.26666666666665,At risk
13453,781.6899999999999,3,2010-11-02 13:23:00,2011-06-27 09:34:00,236,260.56333333333333,Loyal
13454,219.87,1,2010-03-08 14:40:00,2010-03-08 14:40:00,1,219.87,Lost
13455,2905.93,6,2009-12-09 08:58:00,2011-11-15 11:21:00,706,484.32166666666666,Champions
13456,1766.72,6,2011-05-16 15:34:00,2011-11-22 09:18:00,189,294.4533333333333,Champions
13457,148.22,2,2009-12-02 12:46:00,2010-01-20 08:48:00,48,74.11,Lost
13458,11959.27,16,2010-11-16 14:01:00,2011-12-02 15:29:00,381,747.454375,Champions
13459,1160.4099999999999,2,2010-01-26 13:35:00,2010-03-25 10:24:00,57,580.2049999999999,Lost
13460,183.44,2,2011-10-21 09:50:00,2011-11-10 17:17:00,20,91.72,New customers
13461,4160.0,6,2010-04-21 16:01:00,2011-11-01 09:01:00,558,693.3333333333334,Champions
13462,1153.85,5,2009-12-14 09:48:00,2011-04-01 11:20:00,473,230.76999999999998,At risk
13464,3097.64,6,2010-03-31 15:22:00,2011-10-12 15:01:00,559,516.2733333333333,Champions
13465,931.12,2,2010-05-02 15:30:00,2010-09-19 15:13:00,139,465.56,Lost
13466,1013.35,5,2010-03-21 13:50:00,2011-06-08 16:39:00,444,202.67000000000002,Loyal
13467,1083.71,2,2011-11-03 16:56:00,2011-11-29 10:01:00,25,541.855,New customers
13468,13265.97,71,2009-12-03 13:32:00,2011-12-02 12:07:00,728,186.84464788732393,Champions
13469,82.4,1,2010-02-24 15:03:00,2010-02-24 15:03:00,1,82.4,Lost
13470,165.0,2,2011-08-16 17:06:00,2011-09-01 14:57:00,15,82.5,Potential loyalists
13471,2439.34,3,2011-10-23 13:10:00,2011-12-04 11:45:00,41,813.1133333333333,Loyal
13472,592.24,2,2010-06-02 09:48:00,2010-09-02 09:41:00,91,296.12,Lost
13473,2657.7599999999998,8,2009-12-15 19:02:00,2011-10-10 11:20:00,663,332.21999999999997,Champions
13474,663.79,3,2010-08-01 14:40:00,2011-04-17 13:53:00,258,221.26333333333332,At risk
13475,1431.78,4,2011-02-14 12:36:00,2011-06-01 13:52:00,107,357.945,Loyal
13476,2061.4700000000003,5,2010-03-05 09:39:00,2011-06-14 12:00:00,466,412.29400000000004,Loyal
13477,2834.17,11,2010-01-25 11:52:00,2011-11-02 12:04:00,646,257.6518181818182,Champions
13478,2215.78,5,2010-01-31 15:51:00,2010-08-27 13:23:00,207,443.15600000000006,At risk
13479,851.37,4,2010-08-19 16:18:00,2011-05-23 10:45:00,276,212.8425,At risk
13480,627.82,2,2010-01-29 12:35:00,2010-10-19 11:53:00,262,313.91,Lost
13481,3830.84,11,2009-12-04 12:37:00,2011-10-25 09:07:00,689,348.2581818181818,Champions
13482,336.09,2,2010-03-22 10:31:00,2011-04-21 17:03:00,395,168.045,Lost
13483,140.34,1,2011-10-05 11:53:00,2011-10-05 11:53:00,1,140.34,Potential loyalists
13484,790.72,3,2010-03-10 11:46:00,2011-04-12 16:30:00,398,263.5733333333333,At risk
13485,3019.2200000000003,11,2009-12-03 13:46:00,2011-04-20 13:58:00,503,274.4745454545455,At risk
13486,1122.41,3,2011-07-07 17:19:00,2011-09-22 13:13:00,76,374.1366666666667,Loyal
13487,846.87,5,2009-12-05 10:25:00,2011-10-13 12:07:00,677,169.374,Champions
13488,15587.88,23,2010-01-25 10:13:00,2011-11-22 14:41:00,666,677.7339130434782,Champions
13489,449.52,4,2011-02-18 10:42:00,2011-08-26 13:16:00,189,112.38,Loyal
13490,154.25,1,2010-02-23 14:48:00,2010-02-23 14:48:00,1,154.25,Lost
13491,4566.56,27,2009-12-07 08:24:00,2011-10-19 08:32:00,681,169.13185185185188,Champions
13492,1269.84,3,2011-05-09 10:06:00,2011-07-26 14:25:00,78,423.28,Loyal
13493,618.63,2,2011-02-25 16:42:00,2011-03-09 15:35:00,11,309.315,Lost
13494,316.26000000000005,1,2011-02-01 11:58:00,2011-02-01 11:58:00,1,316.26000000000005,Lost
13495,5374.26,10,2009-12-07 12:12:00,2011-12-02 11:21:00,724,537.426,Champions
13496,653.33,2,2010-12-15 10:17:00,2011-11-29 10:58:00,349,326.665,New customers
13497,1320.33,6,2010-02-08 10:27:00,2011-03-02 09:04:00,386,220.05499999999998,At risk
13498,327.38,1,2009-12-09 15:26:00,2009-12-09 15:26:00,1,327.38,Lost
13499,1159.11,5,2011-03-15 08:52:00,2011-11-22 11:21:00,252,231.82199999999997,Champions
13500,1466.3,4,2010-11-03 13:16:00,2011-11-16 15:35:00,378,366.575,Loyal
13501,2885.11,3,2010-05-18 13:24:00,2011-02-24 18:59:00,282,961.7033333333334,At risk
13502,780.5,5,2010-06-09 10:52:00,2011-11-23 10:39:00,531,156.1,Champions
13503,1905.39,6,2010-02-16 13:49:00,2011-09-29 13:23:00,589,317.565,Loyal
13504,295.93,1,2011-10-06 13:20:00,2011-10-06 13:20:00,1,295.93,New customers
13505,4393.63,4,2011-04-21 12:07:00,2011-09-28 11:56:00,159,1098.4075,Loyal
13506,1639.2,5,2010-09-05 12:33:00,2011-01-27 13:53:00,144,327.84000000000003,At risk
13507,2022.79,3,2011-07-17 11:50:00,2011-09-02 15:45:00,47,674.2633333333333,Loyal
13508,287.05,2,2010-03-07 11:58:00,2011-04-10 11:58:00,399,143.525,Lost
13509,1114.72,8,2010-07-20 12:10:00,2011-12-01 10:10:00,498,139.34,Champions
13510,4216.43,10,2009-12-21 11:53:00,2011-10-25 13:51:00,673,421.64300000000003,Champions
13511,282.76,1,2010-02-01 12:10:00,2010-02-01 12:10:00,1,282.76,Lost
13512,713.39,4,2010-05-05 13:22:00,2011-03-24 10:03:00,322,178.3475,At risk
13513,824.59,3,2010-02-22 16:36:00,2011-08-05 11:50:00,528,274.86333333333334,Loyal
13514,815.9000000000001,4,2010-01-26 15:11:00,2011-09-27 09:39:00,608,203.97500000000002,Loyal
13515,1265.82,6,2010-03-05 11:58:00,2011-09-28 11:26:00,571,210.97,Loyal
13516,1685.26,4,2010-10-18 08:52:00,2011-11-18 13:15:00,396,421.315,Loyal
13517,2128.42,3,2011-06-13 08:44:00,2011-10-11 11:43:00,120,709.4733333333334,Loyal
13518,659.4399999999999,1,2011-09-15 10:29:00,2011-09-15 10:29:00,1,659.4399999999999,Potential loyalists
13519,343.21,2,2010-09-23 11:45:00,2011-09-22 18:24:00,364,171.605,Potential loyalists
13520,6909.4,11,2009-12-17 11:11:00,2011-10-12 10:20:00,663,628.1272727272727,Champions
13521,287.88,1,2011-11-29 15:09:00,2011-11-29 15:09:00,1,287.88,New customers
13522,125.80000000000001,1,2011-11-09 15:11:00,2011-11-09 15:11:00,1,125.80000000000001,New customers
13523,5101.52,6,2010-11-02 14:55:00,2011-11-06 15:11:00,369,850.2533333333334,Champions
13524,680.1800000000001,5,2011-05-04 12:26:00,2011-10-30 12:34:00,179,136.036,Champions
13525,628.78,2,2011-04-05 15:36:00,2011-11-25 12:01:00,233,314.39,New customers
13526,1182.0,2,2009-12-01 12:56:00,2009-12-01 13:13:00,1,591.0,Lost
13527,4683.74,12,2010-01-21 12:37:00,2011-11-06 12:04:00,653,390.31166666666667,Champions
13529,307.76,2,2011-05-19 11:50:00,2011-09-22 09:15:00,125,153.88,Potential loyalists
13530,402.97999999999996,1,2010-03-15 14:10:00,2010-03-15 14:10:00,1,402.97999999999996,Lost
13531,1738.52,6,2009-12-03 15:20:00,2011-05-18 16:56:00,531,289.75333333333333,At risk
13532,210.31,1,2011-11-06 12:25:00,2011-11-06 12:25:00,1,210.31,New customers
13533,270.79,3,2011-03-17 12:47:00,2011-06-10 11:54:00,84,90.26333333333334,Loyal
13534,7363.7,34,2010-07-07 15:00:00,2011-11-07 09:40:00,487,216.57941176470587,Champions
13535,89.5,1,2010-11-02 11:49:00,2010-11-02 11:49:00,1,89.5,Lost
13536,3098.94,6,2011-09-25 13:30:00,2011-12-04 11:55:00,69,516.49,Champions
13537,717.85,2,2010-09-14 10:41:00,2010-10-10 12:45:00,26,358.925,Lost
13538,3112.73,12,2010-02-02 12:47:00,2011-10-27 16:34:00,632,259.39416666666665,Champions
13539,1569.3600000000001,7,2010-04-28 12:04:00,2011-09-15 10:18:00,504,224.19428571428574,Loyal
13540,632.39,3,2010-02-22 09:22:00,2010-08-29 14:20:00,188,210.79666666666665,At risk
13541,785.25,2,2010-05-18 16:15:00,2010-10-08 16:37:00,143,392.625,Lost
13542,4006.17,17,2009-12-10 19:53:00,2010-11-28 11:24:00,352,235.6570588235294,At risk
13543,1439.6100000000001,2,2010-01-21 14:30:00,2010-03-15 13:34:00,52,719.8050000000001,Lost
13544,829.0,6,2010-03-05 11:31:00,2011-10-31 11:57:00,605,138.16666666666666,Champions
13545,374.64,2,2010-06-13 11:49:00,2010-11-14 11:27:00,153,187.32,Lost
13546,1092.14,5,2010-10-11 17:23:00,2011-11-27 14:50:00,411,218.42800000000003,Champions
13547,175.53,1,2010-10-27 14:14:00,2010-10-27 14:14:00,1,175.53,Lost
13548,908.99,3,2010-08-25 13:44:00,2011-09-04 14:50:00,375,302.99666666666667,Loyal
13549,1005.8,8,2010-11-17 12:17:00,2011-11-14 09:20:00,361,125.725,Champions
13550,349.51,1,2010-11-21 15:24:00,2010-11-21 15:24:00,1,349.51,Lost
13551,244.2,2,2010-02-11 15:01:00,2011-01-24 14:46:00,346,122.1,Lost
13552,6978.92,22,2010-02-19 13:28:00,2011-10-04 15:19:00,592,317.2236363636364,Loyal
13553,517.8,1,2010-02-03 12:21:00,2010-02-03 12:21:00,1,517.8,Lost
13554,1638.28,7,2010-09-19 12:39:00,2010-11-24 15:05:00,66,234.04,At risk
13555,8999.19,13,2010-01-19 13:20:00,2011-09-27 12:36:00,615,692.2453846153846,Loyal
13556,200.82,2,2010-09-30 09:01:00,2010-10-06 16:44:00,6,100.41,Lost
13557,3032.26,13,2009-12-08 17:41:00,2011-11-11 15:24:00,702,233.25076923076924,Champions
13558,605.06,4,2011-10-02 13:01:00,2011-12-04 11:24:00,62,151.265,Loyal
13559,990.0,2,2010-06-14 11:52:00,2010-07-15 09:52:00,30,495.0,Lost
13560,174.37,1,2011-12-02 13:11:00,2011-12-02 13:11:00,1,174.37,New customers
13561,1820.72,11,2010-02-28 13:42:00,2011-05-08 12:39:00,433,165.52,At risk
13562,4838.18,8,2010-01-14 16:33:00,2011-09-19 10:51:00,612,604.7725,Loyal
13563,777.53,2,2011-07-22 17:21:00,2011-09-16 14:45:00,55,388.765,Potential loyalists
13564,17249.55,37,2009-12-02 11:55:00,2011-07-18 14:33:00,593,466.20405405405404,Loyal
13565,414.8,3,2010-10-24 15:51:00,2011-11-20 14:33:00,391,138.26666666666668,Loyal
13566,1708.1200000000001,5,2010-03-10 12:22:00,2011-10-30 11:59:00,598,341.624,Champions
13567,1083.69,4,2010-06-16 12:48:00,2010-10-07 12:51:00,113,270.9225,At risk
13568,192.85,1,2011-06-19 14:42:00,2011-06-19 14:42:00,1,192.85,Potential loyalists
13569,893.78,4,2010-10-07 13:05:00,2011-11-22 13:07:00,411,223.445,Loyal
13570,239.49,1,2011-04-10 13:36:00,2011-04-10 13:36:00,1,239.49,Lost
13571,4546.54,26,2009-12-08 13:02:00,2011-11-27 10:47:00,718,174.8669230769231,Champions
13572,1384.25,1,2011-05-18 11:59:00,2011-05-18 11:59:00,1,1384.25,Lost
13573,916.47,6,2010-03-12 16:06:00,2011-10-20 14:33:00,586,152.745,Champions
13574,421.25,1,2010-10-24 13:28:00,2010-10-24 13:28:00,1,421.25,Lost
13575,732.0699999999999,5,2011-06-16 14:24:00,2011-11-16 13:14:00,152,146.414,Champions
13576,11551.74,28,2009-12-08 15:12:00,2011-11-29 15:34:00,721,412.5621428571429,Champions
13577,3489.28,11,2009-12-14 16:10:00,2011-11-14 15:19:00,699,317.20727272727277,Champions
13578,147.66,1,2010-10-26 13:44:00,2010-10-26 13:44:00,1,147.66,Lost
13579,1539.04,5,2010-02-18 13:53:00,2011-11-25 08:41:00,644,307.808,Champions
13580,107.75,1,2010-10-29 15:01:00,2010-10-29 15:01:00,1,107.75,Lost
13581,280.53000000000003,2,2010-10-21 16:30:00,2011-02-03 14:41:00,104,140.26500000000001,Lost
13582,241.68,2,2010-04-01 11:38:00,2010-11-15 11:34:00,227,120.84,Lost
13583,1445.031,2,2010-01-29 13:53:00,2011-07-07 10:40:00,523,722.5155,Potential loyalists
13584,392.45,3,2010-02-02 08:40:00,2011-02-06 12:49:00,369,130.81666666666666,At risk
13585,684.54,3,2009-12-01 14:56:00,2010-06-27 12:33:00,207,228.17999999999998,At risk
13586,131.53,1,2010-06-16 13:47:00,2010-06-16 13:47:00,1,131.53,Lost
13587,1673.5,4,2010-02-14 13:17:00,2011-10-07 12:31:00,599,418.375,Loyal
13588,2478.95,9,2011-03-29 15:53:00,2011-11-24 10:42:00,239,275.43888888888887,Champions
13589,1120.74,6,2009-12-06 10:26:00,2011-11-25 12:10:00,719,186.79,Champions
13590,6349.59,18,2009-12-01 13:37:00,2011-11-28 12:54:00,726,352.755,Champions
13591,2093.94,7,2009-12-14 15:44:00,2011-10-06 12:26:00,660,299.13428571428574,Loyal
13592,247.95999999999998,4,2011-03-20 14:01:00,2011-11-04 09:49:00,228,61.989999999999995,Loyal
13593,5523.6900000000005,14,2010-03-02 16:36:00,2011-08-23 13:35:00,538,394.54928571428576,Loyal
13594,533.32,2,2010-08-11 10:23:00,2011-10-18 10:19:00,432,266.66,New customers
13595,818.22,3,2010-03-03 14:42:00,2010-07-11 12:36:00,129,272.74,At risk
13596,697.04,2,2011-11-27 11:57:00,2011-12-04 12:01:00,7,348.52,New customers
13597,396.71,2,2010-11-02 09:30:00,2010-11-04 14:54:00,2,198.355,Lost
13598,789.59,5,2010-02-26 11:22:00,2011-10-23 14:28:00,604,157.918,Champions
13599,10052.17,32,2009-12-01 12:30:00,2011-12-01 12:54:00,730,314.1303125,Champions
13600,518.42,2,2010-03-15 17:16:00,2011-01-31 15:27:00,321,259.21,Lost
13601,1185.14,4,2010-06-11 15:03:00,2011-10-25 17:31:00,501,296.285,Loyal
13602,1025.17,4,2010-05-28 11:49:00,2011-10-06 11:47:00,495,256.2925,Loyal
13603,164.34,1,2011-11-13 15:57:00,2011-11-13 15:57:00,1,164.34,New customers
13604,717.62,1,2010-02-19 12:02:00,2010-02-19 12:02:00,1,717.62,Lost
13605,522.67,2,2010-05-17 15:46:00,2010-11-17 17:16:00,184,261.335,Lost
13606,280.53999999999996,3,2011-02-01 11:42:00,2011-11-10 17:46:00,282,93.51333333333332,Loyal
13607,1078.31,2,2010-11-02 11:48:00,2011-10-30 16:17:00,362,539.155,New customers
13608,236.2,1,2010-06-17 12:28:00,2010-06-17 12:28:00,1,236.2,Lost
13609,167.35,1,2010-04-25 13:26:00,2010-04-25 13:26:00,1,167.35,Lost
13610,2175.88,14,2010-01-05 14:12:00,2011-11-27 15:38:00,691,155.42000000000002,Champions
13611,3319.53,10,2009-12-03 07:57:00,2011-09-11 14:51:00,647,331.95300000000003,Loyal
13612,818.29,1,2010-03-17 12:14:00,2010-03-17 12:14:00,1,818.29,Lost
13613,1039.8500000000001,5,2010-02-17 12:40:00,2010-09-13 12:01:00,207,207.97000000000003,At risk
13614,2359.19,6,2010-06-06 13:42:00,2011-11-15 14:47:00,527,393.1983333333333,Champions
13615,6272.53,8,2010-01-28 15:43:00,2011-01-25 08:21:00,361,784.06625,At risk
13616,288.1,2,2010-01-17 14:56:00,2010-05-20 12:59:00,122,144.05,Lost
13617,1278.75,8,2010-08-01 15:23:00,2011-10-30 13:50:00,454,159.84375,Champions
13618,177.34,1,2011-06-19 11:09:00,2011-06-19 11:09:00,1,177.34,Potential loyalists
13619,231.69,2,2010-02-03 14:16:00,2010-06-13 11:39:00,129,115.845,Lost
13620,112.34,1,2010-06-29 15:02:00,2010-06-29 15:02:00,1,112.34,Lost
13621,213.85,1,2011-08-15 08:26:00,2011-08-15 08:26:00,1,213.85,Potential loyalists
13622,658.95,1,2010-01-12 13:22:00,2010-01-12 13:22:00,1,658.95,Lost
13623,2566.49,10,2009-12-02 13:57:00,2011-11-09 12:00:00,706,256.649,Champions
13624,462.08,1,2010-11-16 13:43:00,2010-11-16 13:43:00,1,462.08,Lost
13625,301.26,1,2010-04-22 10:50:00,2010-04-22 10:50:00,1,301.26,Lost
13626,707.04,2,2010-11-25 16:12:00,2011-04-01 10:05:00,126,353.52,Lost
13627,2245.9,7,2010-03-09 14:03:00,2011-10-11 14:20:00,581,320.84285714285716,Champions
13628,310.14,1,2010-02-01 14:44:00,2010-02-01 14:44:00,1,310.14,Lost
13629,13370.86,19,2010-02-11 17:34:00,2011-11-16 13:21:00,642,703.7294736842106,Champions
13630,1799.78,6,2011-02-27 12:49:00,2011-09-25 10:30:00,209,299.9633333333333,Loyal
13631,3070.42,11,2011-03-17 17:13:00,2011-09-01 09:57:00,167,279.1290909090909,Loyal
13632,3648.15,8,2010-04-07 10:59:00,2011-11-15 10:51:00,586,456.01875,Champions
13634,5073.47,16,2010-01-10 14:26:00,2011-11-06 13:40:00,664,317.091875,Champions
13635,2999.16,4,2009-12-01 09:46:00,2011-10-03 10:55:00,671,749.79,Loyal
13636,949.12,5,2011-02-27 14:29:00,2011-11-03 10:30:00,248,189.824,Champions
13637,810.5,3,2011-04-27 13:06:00,2011-10-18 13:32:00,174,270.1666666666667,Loyal
13638,122.64,1,2011-11-24 10:38:00,2011-11-24 10:38:00,1,122.64,New customers
13639,1346.27,2,2010-09-29 10:05:00,2011-09-26 13:36:00,362,673.135,Potential loyalists
13640,405.0,1,2010-04-07 15:33:00,2010-04-07 15:33:00,1,405.0,Lost
13641,1016.47,5,2009-12-05 13:17:00,2010-03-09 07:37:00,93,203.294,At risk
13642,514.72,4,2010-10-03 12:23:00,2011-05-08 12:34:00,217,128.68,At risk
13643,2156.77,10,2009-12-08 12:48:00,2011-11-08 15:37:00,700,215.677,Champions
13644,2624.26,4,2011-08-26 11:53:00,2011-11-23 14:07:00,89,656.065,Loyal
13645,252.1,1,2011-08-11 16:11:00,2011-08-11 16:11:00,1,252.1,Potential loyalists
13646,326.25,2,2010-11-05 12:00:00,2010-11-05 12:13:00,1,163.125,Lost
13647,3071.68,8,2010-04-15 12:55:00,2011-11-30 12:00:00,593,383.96,Champions
13648,1764.02,8,2009-12-01 18:13:00,2010-11-04 14:46:00,337,220.5025,At risk
13649,1678.88,6,2010-06-30 16:35:00,2011-03-28 11:51:00,270,279.81333333333333,At risk
13650,3288.0,10,2010-01-26 08:44:00,2011-11-23 12:22:00,666,328.8,Champions
13651,226.85,3,2010-11-23 09:44:00,2011-11-04 14:59:00,346,75.61666666666666,Loyal
13652,2570.85,5,2010-02-25 17:37:00,2011-10-25 08:51:00,606,514.17,Champions
13653,152.2,1,2010-08-09 08:19:00,2010-08-09 08:19:00,1,152.2,Lost
13654,6308.0,11,2009-12-02 11:43:00,2011-10-27 16:24:00,694,573.4545454545455,Champions
13655,2280.51,6,2010-04-27 09:59:00,2011-08-17 14:25:00,477,380.08500000000004,Loyal
13656,1078.85,4,2010-04-23 12:50:00,2011-06-28 10:31:00,430,269.7125,Loyal
13657,382.14,2,2011-05-22 12:35:00,2011-11-29 12:32:00,190,191.07,New customers
13658,6025.5,9,2010-02-05 13:17:00,2011-11-30 10:13:00,662,669.5,Champions
13659,4894.88,12,2010-02-17 09:05:00,2011-05-18 12:37:00,455,407.9066666666667,At risk
13660,314.59,1,2010-11-04 16:10:00,2010-11-04 16:10:00,1,314.59,Lost
13661,325.24,1,2010-04-15 14:58:00,2010-04-15 14:58:00,1,325.24,Lost
13662,2250.11,11,2010-02-19 13:21:00,2011-09-15 12:04:00,572,204.55545454545455,Loyal
13663,2047.51,5,2010-03-03 10:11:00,2011-06-13 15:44:00,467,409.502,Loyal
13665,1711.6599999999999,3,2010-07-23 13:29:00,2010-11-18 13:06:00,117,570.5533333333333,At risk
13666,127.89999999999999,5,2009-12-04 10:48:00,2011-10-10 15:39:00,675,25.58,Champions
13667,305.02,1,2011-07-13 15:42:00,2011-07-13 15:42:00,1,305.02,Potential loyalists
13668,12756.92,34,2009-12-11 14:28:00,2011-11-29 12:50:00,717,375.2035294117647,Champions
13669,413.55,3,2010-10-28 15:05:00,2011-10-20 09:32:00,356,137.85,Loyal
13670,349.7,1,2011-09-25 15:25:00,2011-09-25 15:25:00,1,349.7,Potential loyalists
13671,194.95,1,2010-11-10 10:50:00,2010-11-10 10:50:00,1,194.95,Lost
13672,419.92,3,2009-12-09 11:40:00,2011-02-11 13:53:00,429,139.97333333333333,At risk
13673,396.92,2,2011-11-07 15:40:00,2011-11-21 12:11:00,13,198.46,New customers
13674,240.68,1,2010-10-03 10:41:00,2010-10-03 10:41:00,1,240.68,Lost
13675,486.82000000000005,2,2011-02-28 12:14:00,2011-07-11 12:57:00,133,243.41000000000003,Potential loyalists
13676,243.9,2,2010-03-30 16:53:00,2010-06-18 17:30:00,80,121.95,Lost
13677,556.1899999999999,2,2010-07-07 17:25:00,2010-10-31 11:32:00,115,278.09499999999997,Lost
13678,232.6,1,2011-07-11 10:14:00,2011-07-11 10:14:00,1,232.6,Potential loyalists
13679,281.26,3,2009-12-04 16:52:00,2010-08-03 12:13:00,241,93.75333333333333,At risk
13680,10797.29,11,2009-12-04 14:14:00,2011-10-31 13:22:00,695,981.5718181818182,Champions
13681,827.83,4,2011-07-07 15:21:00,2011-11-22 11:13:00,137,206.9575,Loyal
13682,59.5,1,2011-06-05 14:06:00,2011-06-05 14:06:00,1,59.5,Potential loyalists
13683,258.6,1,2010-09-08 10:00:00,2010-09-08 10:00:00,1,258.6,Lost
13684,596.98,4,2010-03-28 14:48:00,2011-02-27 10:13:00,335,149.245,At risk
13685,1934.45,3,2011-10-10 12:59:00,2011-10-25 13:14:00,15,644.8166666666667,Loyal
13686,409.04,3,2010-11-03 13:44:00,2011-06-10 09:10:00,218,136.34666666666666,Loyal
13687,11880.84,1,2010-09-27 16:30:00,2010-09-27 16:30:00,1,11880.84,Lost
13688,375.5,1,2010-03-14 14:11:00,2010-03-14 14:11:00,1,375.5,Lost
13689,1259.5,2,2010-09-21 10:27:00,2011-10-07 13:21:00,381,629.75,New customers
13690,172.25,1,2011-10-11 15:03:00,2011-10-11 15:03:00,1,172.25,New customers
13691,212.78,1,2010-11-08 17:34:00,2010-11-08 17:34:00,1,212.78,Lost
13692,3114.4,5,2010-10-15 13:28:00,2011-11-15 11:17:00,395,622.88,Champions
13693,2011.82,9,2009-12-07 11:29:00,2010-11-30 18:21:00,358,223.53555555555556,At risk
13694,193351.65,140,2009-12-04 15:26:00,2011-11-14 11:11:00,709,1381.0832142857143,Champions
13695,2770.73,16,2010-05-11 11:07:00,2011-11-08 14:26:00,546,173.170625,Champions
13696,2020.4,3,2010-02-11 14:17:00,2010-10-14 09:44:00,244,673.4666666666667,At risk
13697,151.29999999999998,1,2011-11-01 09:14:00,2011-11-01 09:14:00,1,151.29999999999998,New customers
13698,465.53000000000003,2,2010-01-27 09:02:00,2010-04-22 11:52:00,85,232.76500000000001,Lost
13699,764.15,2,2010-06-07 13:03:00,2011-07-07 16:51:00,395,382.075,Potential loyalists
13700,2613.46,13,2010-02-07 10:53:00,2011-11-13 13:00:00,644,201.03538461538463,Champions
13701,161.0,1,2010-09-19 12:39:00,2010-09-19 12:39:00,1,161.0,Lost
13702,135.18,1,2010-09-20 11:40:00,2010-09-20 11:40:00,1,135.18,Lost
13703,425.56,2,2010-10-20 13:11:00,2011-01-25 13:10:00,96,212.78,Lost
13704,2143.38,8,2011-09-12 14:40:00,2011-11-17 14:30:00,65,267.9225,Champions
13705,2035.33,7,2010-03-25 17:19:00,2011-12-02 12:32:00,616,290.76142857142855,Champions
13706,631.17,2,2010-03-23 09:18:00,2011-02-10 09:21:00,324,315.585,Lost
13707,3365.86,5,2010-06-21 11:57:00,2011-03-17 18:03:00,269,673.172,At risk
13708,296.88,1,2011-03-13 13:46:00,2011-03-13 13:46:00,1,296.88,Lost
13709,7063.4400000000005,16,2010-01-11 10:40:00,2011-11-03 11:32:00,661,441.46500000000003,Champions
13710,509.52,3,2010-04-06 12:54:00,2011-11-08 08:16:00,580,169.84,Loyal
13711,1792.26,9,2009-12-15 19:04:00,2011-05-05 10:31:00,505,199.14,At risk
13712,766.42,2,2010-04-08 11:16:00,2011-04-07 12:33:00,364,383.21,Lost
13713,743.26,3,2010-05-05 16:48:00,2010-10-27 16:18:00,174,247.75333333333333,At risk
13714,161.35,1,2010-08-31 13:57:00,2010-08-31 13:57:00,1,161.35,Lost
13715,8483.29,17,2010-03-11 15:33:00,2011-03-03 19:21:00,357,499.01705882352945,At risk
13716,138.28,1,2011-03-15 13:49:00,2011-03-15 13:49:00,1,138.28,Lost
13717,1763.3,8,2010-08-11 09:40:00,2011-11-07 14:13:00,453,220.4125,Champions
13718,306.55,2,2011-02-17 11:58:00,2011-04-07 13:24:00,49,153.275,Lost
13719,2815.25,11,2010-05-17 14:36:00,2011-11-24 15:26:00,556,255.9318181818182,Champions
13720,799.9,4,2011-03-30 09:17:00,2011-08-15 12:46:00,138,199.975,Loyal
13721,741.54,2,2010-11-09 17:59:00,2011-11-03 14:05:00,358,370.77,New customers
13722,5635.41,10,2010-03-03 14:13:00,2011-07-31 12:44:00,514,563.5409999999999,Loyal
13723,1209.2,6,2010-04-07 14:32:00,2011-05-06 17:04:00,394,201.53333333333333,At risk
13724,213.01,1,2010-03-12 15:28:00,2010-03-12 15:28:00,1,213.01,Lost
13725,1980.56,8,2011-02-04 12:18:00,2011-10-21 10:03:00,258,247.57,Champions
13726,1079.6599999999999,2,2011-08-31 11:06:00,2011-11-01 10:49:00,61,539.8299999999999,New customers
13727,1080.05,8,2009-12-09 13:25:00,2011-11-11 09:46:00,701,135.00625,Champions
13728,2855.17,16,2009-12-09 17:13:00,2011-11-03 10:49:00,693,178.448125,Champions
13729,724.73,3,2010-01-24 14:57:00,2010-09-30 10:44:00,248,241.57666666666668,At risk
13730,752.6,2,2011-07-01 12:47:00,2011-07-27 08:35:00,25,376.3,Potential loyalists
13731,610.59,2,2011-04-07 10:10:00,2011-05-04 14:33:00,27,305.295,Lost
13732,491.86,1,2011-11-11 15:49:00,2011-11-11 15:49:00,1,491.86,New customers
13733,487.03000000000003,2,2009-12-04 15:28:00,2010-10-25 12:18:00,324,243.51500000000001,Lost
13734,6701.640000000001,4,2010-04-16 08:42:00,2010-07-19 12:04:00,94,1675.4100000000003,At risk
13735,9813.22,13,2009-12-13 13:31:00,2011-11-15 11:14:00,701,754.8630769230768,Champions
13736,2391.84,6,2009-12-06 12:07:00,2011-03-24 13:04:00,473,398.64000000000004,At risk
13737,339.59999999999997,1,2011-05-23 16:32:00,2011-05-23 16:32:00,1,339.59999999999997,Lost
13738,440.93,1,2010-11-08 15:23:00,2010-11-08 15:23:00,1,440.93,Lost
13739,292.2,2,2010-06-30 10:25:00,2011-11-21 13:35:00,509,146.1,New customers
13740,1597.77,5,2009-12-02 12:22:00,2011-04-13 10:32:00,496,319.554,At risk
13741,668.4300000000001,3,2011-05-06 13:43:00,2011-09-29 09:19:00,145,222.81000000000003,Loyal
13742,3131.02,12,2011-01-23 14:59:00,2011-11-23 11:07:00,303,260.91833333333335,Champions
13743,1065.84,6,2011-03-25 14:46:00,2011-09-12 12:19:00,170,177.64,Loyal
13744,1156.36,2,2011-02-20 14:08:00,2011-09-05 15:19:00,197,578.18,Potential loyalists
13745,777.36,2,2010-06-11 17:19:00,2011-06-30 16:43:00,383,388.68,Potential loyalists
13746,176.69,1,2010-10-22 11:55:00,2010-10-22 11:55:00,1,176.69,Lost
13747,249.39999999999998,2,2010-10-11 09:15:00,2010-12-01 10:37:00,51,124.69999999999999,Lost
13748,2268.35,9,2009-12-01 16:44:00,2011-09-05 09:45:00,642,252.0388888888889,Loyal
13750,3602.1800000000003,11,2010-04-01 14:49:00,2011-10-17 12:16:00,563,327.4709090909091,Champions
13751,296.25,1,2011-02-24 15:56:00,2011-02-24 15:56:00,1,296.25,Lost
13752,1590.73,7,2010-06-30 10:23:00,2011-08-07 14:16:00,403,227.24714285714285,Loyal
13753,2094.57,4,2009-12-03 10:20:00,2011-02-25 12:48:00,449,523.6425,At risk
13754,447.05,3,2010-09-28 15:29:00,2011-07-11 11:51:00,285,149.01666666666668,Loyal
13755,2004.45,8,2011-10-07 15:45:00,2011-11-30 13:29:00,53,250.55625,Champions
13756,8361.1,21,2009-12-15 15:18:00,2011-11-17 10:02:00,701,398.14761904761906,Champions
13757,195.55,1,2010-02-03 12:37:00,2010-02-03 12:37:00,1,195.55,Lost
13758,9416.98,15,2009-12-01 10:06:00,2011-11-28 11:11:00,727,627.7986666666667,Champions
13759,659.4100000000001,2,2011-09-29 15:40:00,2011-11-06 14:47:00,37,329.70500000000004,New customers
13760,1363.6399999999999,5,2010-04-25 13:10:00,2011-10-16 16:13:00,539,272.72799999999995,Champions
13761,1952.17,6,2010-02-21 11:08:00,2011-10-20 14:01:00,606,325.3616666666667,Champions
13762,2472.48,5,2010-01-10 12:13:00,2011-05-05 09:15:00,479,494.496,At risk
13763,5217.4400000000005,3,2010-09-30 17:39:00,2011-10-07 15:13:00,371,1739.1466666666668,Loyal
13764,2953.26,6,2010-03-07 12:56:00,2011-09-30 12:03:00,571,492.21000000000004,Loyal
13765,352.821,1,2010-02-24 13:46:00,2010-02-24 13:46:00,1,352.821,Lost
13766,190.35,1,2010-08-01 14:25:00,2010-08-01 14:25:00,1,190.35,Lost
13767,34654.55,72,2009-12-01 10:52:00,2011-11-14 12:22:00,713,481.3131944444445,Champions
13768,875.97,2,2009-12-09 10:25:00,2009-12-13 10:41:00,4,437.985,Lost
13769,5482.5,19,2009-12-16 11:59:00,2011-11-02 13:37:00,686,288.55263157894734,Champions
13770,785.37,4,2009-12-09 14:44:00,2010-10-13 15:10:00,308,196.3425,At risk
13771,5728.82,9,2010-02-25 12:37:00,2011-10-06 14:18:00,588,636.5355555555556,Champions
13772,3114.22,8,2010-02-23 13:55:00,2011-11-06 11:43:00,620,389.2775,Champions
13773,301.54,2,2010-02-18 10:27:00,2010-11-08 11:49:00,263,150.77,Lost
13774,345.0,1,2011-09-19 12:06:00,2011-09-19 12:06:00,1,345.0,Potential loyalists
13775,1049.66,1,2010-04-28 12:15:00,2010-04-28 12:15:00,1,1049.66,Lost
13776,623.98,2,2010-10-07 16:07:00,2010-10-07 16:11:00,1,311.99,Lost
13777,56213.18,59,2009-12-02 09:47:00,2011-12-01 11:18:00,729,952.7657627118645,Champions
13778,1124.49,4,2010-05-23 13:34:00,2011-08-28 15:25:00,462,281.1225,Loyal
13779,161.13,1,2010-07-12 11:24:00,2010-07-12 11:24:00,1,161.13,Lost
13780,735.82,3,2010-10-28 19:51:00,2011-12-02 13:49:00,399,245.27333333333334,Loyal
13781,778.83,3,2009-12-18 15:46:00,2011-04-03 12:08:00,470,259.61,At risk
13782,1793.72,13,2009-12-06 12:52:00,2011-11-27 11:54:00,720,137.97846153846154,Champions
13783,1542.09,4,2010-02-04 13:47:00,2010-08-09 09:23:00,185,385.5225,At risk
13784,2910.23,14,2010-09-15 12:27:00,2011-11-30 09:33:00,440,207.87357142857144,Champions
13785,542.49,4,2010-09-05 16:01:00,2010-10-07 09:25:00,31,135.6225,At risk
13786,3358.94,6,2009-12-03 15:32:00,2010-12-07 13:53:00,368,559.8233333333334,At risk
13787,1222.5,6,2010-01-14 10:13:00,2011-09-25 12:06:00,619,203.75,Loyal
13788,3.75,1,2010-07-22 15:50:00,2010-07-22 15:50:00,1,3.75,Lost
13789,239.45999999999998,1,2010-11-16 15:31:00,2010-11-16 15:31:00,1,239.45999999999998,Lost
13791,1516.0,2,2011-06-24 16:38:00,2011-08-04 11:44:00,40,758.0,Potential loyalists
13792,383.95,3,2010-10-13 11:05:00,2011-10-04 14:31:00,356,127.98333333333333,Loyal
13793,96.0,1,2010-03-03 08:25:00,2010-03-03 08:25:00,1,96.0,Lost
13794,126.03,1,2010-06-11 12:30:00,2010-06-11 12:30:00,1,126.03,Lost
13795,836.3,4,2010-03-12 12:44:00,2010-11-16 17:25:00,249,209.075,At risk
13796,289.7,1,2010-07-28 14:45:00,2010-07-28 14:45:00,1,289.7,Lost
13797,1179.45,3,2010-03-02 12:17:00,2010-09-29 10:34:00,210,393.15000000000003,At risk
13798,74672.43,108,2009-12-08 16:21:00,2011-12-02 12:28:00,723,691.4113888888888,Champions
13799,2803.57,9,2010-03-05 16:39:00,2011-08-15 12:07:00,527,311.5077777777778,Loyal
13800,1679.56,3,2009-12-03 10:03:00,2011-02-03 12:27:00,427,559.8533333333334,At risk
13801,324.8,1,2011-10-04 10:15:00,2011-10-04 10:15:00,1,324.8,Potential loyalists
13802,26259.11,19,2010-02-16 10:11:00,2011-07-24 10:54:00,523,1382.0584210526315,Loyal
13803,1338.91,3,2010-03-31 10:00:00,2011-03-29 12:57:00,363,446.30333333333334,At risk
13804,3208.52,9,2010-09-29 10:26:00,2011-11-09 12:32:00,406,356.5022222222222,Champions
13805,924.6,2,2011-08-02 15:29:00,2011-10-18 14:50:00,76,462.3,New customers
13806,256.38,1,2011-10-07 11:43:00,2011-10-07 11:43:00,1,256.38,New customers
13807,534.8,3,2009-12-04 12:41:00,2010-12-07 15:48:00,368,178.26666666666665,At risk
13808,1747.66,5,2011-09-04 12:07:00,2011-12-04 12:18:00,91,349.53200000000004,Champions
13809,679.7,3,2010-09-05 11:42:00,2011-02-07 13:15:00,155,226.5666666666667,At risk
13810,1499.01,3,2011-10-14 12:57:00,2011-11-11 08:33:00,27,499.67,Loyal
13811,814.5,3,2011-04-14 18:40:00,2011-06-09 09:54:00,55,271.5,Loyal
13812,539.0,3,2011-08-26 12:54:00,2011-10-28 14:27:00,63,179.66666666666666,Loyal
13813,2765.47,8,2009-12-06 10:16:00,2011-10-31 10:38:00,694,345.68375,Champions
13814,2257.32,3,2010-06-30 14:12:00,2011-09-08 13:48:00,434,752.44,Loyal
13815,7475.74,8,2010-02-12 10:26:00,2011-11-17 14:19:00,643,934.4675,Champions
13816,571.6700000000001,2,2011-10-06 14:37:00,2011-11-16 08:38:00,40,285.83500000000004,New customers
13817,382.98,2,2010-12-23 11:46:00,2011-11-10 17:49:00,322,191.49,New customers
13818,61.28,1,2010-10-06 12:35:00,2010-10-06 12:35:00,1,61.28,Lost
13819,2642.35,6,2009-12-01 16:18:00,2011-02-11 10:38:00,436,440.39166666666665,At risk
13820,660.65,3,2010-01-28 12:26:00,2010-10-17 13:46:00,262,220.21666666666667,At risk
13821,1410.73,6,2010-01-04 13:36:00,2011-07-18 09:49:00,559,235.12166666666667,Loyal
13822,632.0,2,2011-10-30 15:55:00,2011-12-04 12:13:00,34,316.0,New customers
13823,3403.4500000000003,7,2009-12-15 14:34:00,2011-11-21 10:22:00,705,486.2071428571429,Champions
13824,3314.76,12,2010-03-12 15:17:00,2011-11-07 12:41:00,604,276.23,Champions
13825,255.59,2,2009-12-09 14:30:00,2010-03-28 11:02:00,108,127.795,Lost
13826,189.5,1,2011-06-16 13:48:00,2011-06-16 13:48:00,1,189.5,Potential loyalists
13827,412.05,3,2011-07-19 15:38:00,2011-10-13 12:38:00,85,137.35,Loyal
13828,209.49,1,2011-11-17 16:02:00,2011-11-17 16:02:00,1,209.49,New customers
13829,102.0,1,2010-10-14 18:19:00,2010-10-14 18:19:00,1,102.0,Lost
13830,156.85000000000002,1,2010-05-07 12:24:00,2010-05-07 12:24:00,1,156.85000000000002,Lost
13831,7023.58,18,2009-12-10 14:50:00,2011-11-23 15:41:00,713,390.19888888888886,Champions
13832,613.6899999999999,2,2010-10-13 14:41:00,2011-11-20 15:36:00,403,306.84499999999997,New customers
13833,701.36,2,2010-10-31 14:11:00,2011-07-03 13:27:00,244,350.68,Potential loyalists
13834,324.19,2,2010-02-08 12:52:00,2010-05-12 10:27:00,92,162.095,Lost
13835,1095.27,7,2010-03-04 08:26:00,2011-11-14 15:37:00,620,156.46714285714285,Champions
13836,620.37,2,2010-10-21 13:27:00,2010-11-05 13:31:00,15,310.185,Lost
13837,271.24,2,2011-01-26 12:15:00,2011-05-12 12:10:00,105,135.62,Lost
13838,1966.09,10,2010-05-09 11:40:00,2011-12-04 11:00:00,573,196.60899999999998,Champions
13839,139.95000000000002,1,2010-08-10 13:52:00,2010-08-10 13:52:00,1,139.95000000000002,Lost
13840,651.4,1,2010-10-19 13:34:00,2010-10-19 13:34:00,1,651.4,Lost
13841,85.0,1,2011-04-01 12:10:00,2011-04-01 12:10:00,1,85.0,Lost
13842,5629.91,18,2010-02-16 15:54:00,2011-10-12 10:51:00,602,312.7727777777778,Champions
13843,319.75,1,2010-11-23 17:48:00,2010-11-23 17:48:00,1,319.75,Lost
13844,361.62,1,2011-11-28 13:21:00,2011-11-28 13:21:00,1,361.62,New customers
13845,312.98,1,2011-10-06 08:25:00,2011-10-06 08:25:00,1,312.98,Potential loyalists
13846,1307.79,4,2010-11-05 09:47:00,2011-11-15 12:07:00,375,326.9475,Loyal
13847,310.72,1,2009-12-20 10:41:00,2009-12-20 10:41:00,1,310.72,Lost
13848,3335.0,8,2009-12-09 16:17:00,2011-09-08 12:58:00,637,416.875,Loyal
13849,3469.3,5,2010-03-25 12:03:00,2011-10-19 10:59:00,572,693.86,Champions
13850,1595.48,1,2011-08-02 14:04:00,2011-08-02 14:04:00,1,1595.48,Potential loyalists
13851,4606.46,8,2010-01-29 11:54:00,2011-09-05 12:36:00,584,575.8075,Loyal
13852,187.35000000000002,1,2010-04-08 09:06:00,2010-04-08 09:06:00,1,187.35000000000002,Lost
13853,1090.14,1,2011-10-13 14:18:00,2011-10-13 14:18:00,1,1090.14,New customers
13854,12253.96,39,2010-01-08 11:28:00,2011-12-01 09:06:00,691,314.2041025641025,Champions
13855,1310.3400000000001,4,2009-12-08 16:56:00,2010-07-27 09:53:00,230,327.58500000000004,At risk
13856,1142.03,11,2010-03-30 15:40:00,2011-06-24 10:03:00,450,103.82090909090908,Loyal
13857,1001.01,6,2010-05-17 14:21:00,2010-11-11 12:54:00,177,166.835,At risk
13858,216.17,1,2011-10-13 16:17:00,2011-10-13 16:17:00,1,216.17,New customers
13859,515.86,2,2010-06-28 15:36:00,2011-01-17 16:14:00,203,257.93,Lost
13860,926.45,4,2011-09-14 09:27:00,2011-11-25 13:42:00,72,231.6125,Loyal
13861,273.26,2,2010-06-27 11:37:00,2010-10-06 14:20:00,101,136.63,Lost
13862,2556.09,9,2010-11-15 13:43:00,2011-11-21 16:24:00,371,284.01,Champions
13863,1239.55,4,2010-04-25 13:09:00,2011-04-06 10:20:00,345,309.8875,At risk
13864,662.4000000000001,1,2010-11-18 12:50:00,2010-11-18 12:50:00,1,662.4000000000001,Lost
13865,501.56,4,2011-02-23 12:04:00,2011-10-12 13:31:00,231,125.39,Loyal
13866,145.67000000000002,1,2011-09-26 14:54:00,2011-09-26 14:54:00,1,145.67000000000002,Potential loyalists
13867,1015.29,3,2011-05-05 17:28:00,2011-11-08 15:48:00,186,338.43,Loyal
13868,3192.54,2,2011-11-01 12:45:00,2011-12-02 16:32:00,31,1596.27,New customers
13869,8111.57,10,2010-01-17 14:53:00,2011-08-08 13:53:00,567,811.1569999999999,Loyal
13870,5559.33,14,2010-02-08 12:08:00,2011-10-30 16:11:00,629,397.09499999999997,Champions
13871,7885.85,17,2009-12-20 13:09:00,2011-11-17 10:49:00,696,463.8735294117647,Champions
13872,919.57,3,2009-12-14 09:56:00,2010-06-30 15:35:00,198,306.52333333333337,At risk
13873,1038.92,8,2010-03-03 12:31:00,2011-08-12 10:08:00,526,129.865,Loyal
13874,2049.15,7,2010-02-04 18:39:00,2010-12-16 18:20:00,314,292.7357142857143,At risk
13875,4814.37,14,2009-12-17 10:30:00,2011-10-17 09:36:00,668,343.88357142857143,Champions
13876,122.7,1,2011-10-07 10:22:00,2011-10-07 10:22:00,1,122.7,New customers
13877,449.68,3,2010-01-19 10:53:00,2011-09-14 15:49:00,603,149.89333333333335,Loyal
13878,2473.06,4,2010-04-14 13:50:00,2011-10-16 12:19:00,549,618.265,Loyal
13879,395.5,1,2010-03-04 10:49:00,2010-03-04 10:49:00,1,395.5,Lost
13880,4391.66,17,2010-05-26 14:29:00,2011-11-18 13:44:00,540,258.33294117647057,Champions
13881,44609.98,42,2010-03-04 14:41:00,2011-11-28 15:10:00,634,1062.142380952381,Champions
13882,998.05,4,2011-10-06 15:28:00,2011-11-28 13:08:00,52,249.5125,Loyal
13883,6560.02,15,2009-12-08 17:26:00,2011-11-29 10:45:00,720,437.3346666666667,Champions
13884,1888.48,10,2010-08-26 19:57:00,2011-12-02 16:30:00,462,188.848,Champions
13885,506.8,2,2011-05-23 08:52:00,2011-06-03 15:07:00,11,253.4,Potential loyalists
13886,243.56,1,2011-09-29 13:17:00,2011-09-29 13:17:00,1,243.56,Potential loyalists
13887,349.55,1,2011-05-19 17:22:00,2011-05-19 17:22:00,1,349.55,Lost
13888,2169.05,7,2010-05-13 11:57:00,2011-08-12 10:13:00,455,309.86428571428576,Loyal
13889,1991.23,6,2010-01-22 14:32:00,2011-09-08 09:13:00,593,331.87166666666667,Loyal
13890,2565.63,12,2009-12-06 15:15:00,2011-12-01 12:11:00,724,213.8025,Champions
13891,863.5600000000001,3,2010-05-06 16:02:00,2010-11-26 15:57:00,203,287.85333333333335,At risk
13892,1267.6499999999999,6,2010-05-13 10:32:00,2011-11-13 11:50:00,549,211.27499999999998,Champions
13893,821.1,1,2011-02-15 11:30:00,2011-02-15 11:30:00,1,821.1,Lost
13894,564.62,3,2011-02-02 12:54:00,2011-11-16 09:44:00,286,188.20666666666668,Loyal
13895,4008.52,6,2009-12-03 13:09:00,2011-11-11 16:57:00,708,668.0866666666667,Champions
13896,388.55,1,2010-03-24 08:55:00,2010-03-24 08:55:00,1,388.55,Lost
13897,1160.72,3,2010-01-31 13:48:00,2011-10-20 14:30:00,627,386.9066666666667,Loyal
13898,686.4,2,2010-10-24 15:42:00,2011-01-18 10:28:00,85,343.2,Lost
13899,388.52,2,2011-03-10 09:30:00,2011-11-23 13:40:00,258,194.26,New customers
13900,1610.59,6,2010-03-25 13:46:00,2011-06-09 19:26:00,441,268.4316666666667,Loyal
13901,5676.34,15,2010-01-05 09:29:00,2011-09-28 14:48:00,631,378.42266666666666,Loyal
13902,34095.26,5,2009-12-15 10:02:00,2010-03-17 13:09:00,92,6819.052000000001,At risk
13903,165.45000000000002,1,2010-11-04 17:44:00,2010-11-04 17:44:00,1,165.45000000000002,Lost
13904,332.64,2,2011-02-18 11:18:00,2011-11-02 13:41:00,257,166.32,New customers
13905,312.65,1,2009-12-07 11:41:00,2009-12-07 11:41:00,1,312.65,Lost
13906,42.0,1,2010-10-26 15:00:00,2010-10-26 15:00:00,1,42.0,Lost
13907,136.8,1,2010-01-17 12:22:00,2010-01-17 12:22:00,1,136.8,Lost
13908,2369.55,4,2011-03-08 12:04:00,2011-09-21 11:49:00,196,592.3875,Loyal
13909,286.6,2,2010-07-06 16:52:00,2010-10-12 17:22:00,98,143.3,Lost
13911,4234.99,20,2010-03-01 16:31:00,2011-10-13 15:43:00,590,211.74949999999998,Champions
13912,124.95,1,2010-10-12 08:43:00,2010-10-12 08:43:00,1,124.95,Lost
13913,42.22,1,2010-07-21 10:11:00,2010-07-21 10:11:00,1,42.22,Lost
13914,626.45,2,2011-11-03 16:28:00,2011-11-28 10:35:00,24,313.225,New customers
13915,70.80000000000001,1,2010-11-10 15:17:00,2010-11-10 15:17:00,1,70.80000000000001,Lost
13916,1275.81,4,2010-02-02 10:06:00,2010-09-02 10:04:00,211,318.9525,At risk
13917,272.04,2,2011-06-01 12:46:00,2011-10-21 09:56:00,141,136.02,New customers
13918,1212.8400000000001,2,2011-03-31 18:05:00,2011-10-21 12:25:00,203,606.4200000000001,New customers
13919,1360.68,4,2010-06-17 09:30:00,2011-10-11 14:24:00,481,340.17,Loyal
13920,1774.68,4,2010-05-26 15:48:00,2010-10-04 12:37:00,130,443.67,At risk
13921,730.7,4,2009-12-18 12:19:00,2010-11-02 16:32:00,319,182.675,At risk
13922,865.2,3,2010-08-29 14:36:00,2010-12-23 10:38:00,115,288.40000000000003,At risk
13923,351.13,1,2011-10-17 12:33:00,2011-10-17 12:33:00,1,351.13,New customers
13924,1536.45,5,2011-09-28 15:07:00,2011-11-22 11:28:00,54,307.29,Champions
13925,678.25,4,2011-07-28 12:09:00,2011-09-08 12:47:00,42,169.5625,Loyal
13926,223.85000000000002,1,2011-11-16 13:16:00,2011-11-16 13:16:00,1,223.85000000000002,New customers
13927,708.26,2,2010-09-28 16:12:00,2011-09-26 12:00:00,362,354.13,Potential loyalists
13928,464.57,4,2011-07-29 15:59:00,2011-11-29 10:33:00,122,116.1425,Loyal
13929,3494.1,11,2010-01-14 07:25:00,2011-06-23 15:26:00,525,317.6454545454545,Loyal
13930,337.34,2,2011-07-26 11:00:00,2011-10-13 09:45:00,78,168.67,New customers
13931,5257.38,11,2009-12-03 10:26:00,2011-09-05 10:12:00,640,477.94363636363636,Loyal
13932,307.4,1,2011-02-18 12:02:00,2011-02-18 12:02:00,1,307.4,Lost
13933,608.7900000000001,2,2011-07-14 13:35:00,2011-08-22 14:03:00,39,304.39500000000004,Potential loyalists
13934,922.1,1,2011-03-21 08:39:00,2011-03-21 08:39:00,1,922.1,Lost
13935,6116.92,3,2010-02-25 16:01:00,2010-04-22 11:21:00,55,2038.9733333333334,At risk
13936,939.66,3,2010-10-21 14:21:00,2011-06-13 08:47:00,234,313.21999999999997,Loyal
13937,880.13,2,2010-11-02 12:37:00,2011-06-23 16:35:00,233,440.065,Potential loyalists
13938,71.66,1,2011-11-04 14:37:00,2011-11-04 14:37:00,1,71.66,New customers
13939,1560.96,7,2010-04-06 12:43:00,2011-11-16 13:33:00,589,222.99428571428572,Champions
13940,839.14,4,2011-07-18 16:05:00,2011-11-22 15:15:00,126,209.785,Loyal
13941,11122.300000000001,15,2009-12-16 16:10:00,2011-11-18 09:43:00,701,741.4866666666668,Champions
13942,320.0,1,2010-06-23 12:35:00,2010-06-23 12:35:00,1,320.0,Lost
13943,246.54,1,2010-05-11 11:30:00,2010-05-11 11:30:00,1,246.54,Lost
13944,200.43,1,2010-02-24 15:02:00,2010-02-24 15:02:00,1,200.43,Lost
13945,854.15,2,2010-08-17 09:59:00,2010-11-10 10:00:00,85,427.075,Lost
13946,1876.23,6,2009-12-04 11:07:00,2011-09-21 13:33:00,656,312.705,Loyal
13947,90.6,1,2011-10-05 14:42:00,2011-10-05 14:42:00,1,90.6,Potential loyalists
13948,548.76,4,2009-12-04 12:14:00,2010-12-14 10:18:00,374,137.19,At risk
13949,1909.09,5,2011-09-06 11:55:00,2011-11-15 11:30:00,69,381.818,Champions
13950,745.06,4,2011-04-07 11:29:00,2011-11-28 14:44:00,235,186.265,Loyal
13951,674.45,3,2011-02-18 15:21:00,2011-06-16 16:43:00,118,224.8166666666667,Loyal
13952,12823.521,14,2009-12-16 09:41:00,2011-05-06 09:00:00,505,915.9657857142857,At risk
13953,6640.68,12,2009-12-11 12:58:00,2011-12-02 16:04:00,721,553.39,Champions
13954,227.41,1,2011-09-30 10:52:00,2011-09-30 10:52:00,1,227.41,Potential loyalists
13955,545.17,3,2010-11-29 17:35:00,2011-07-08 17:19:00,220,181.72333333333333,Loyal
13956,869.92,4,2011-03-13 12:51:00,2011-10-16 15:56:00,217,217.48,Loyal
13957,458.25,3,2010-02-19 10:32:00,2010-10-18 10:02:00,240,152.75,At risk
13958,4709.2300000000005,8,2009-12-05 13:12:00,2010-11-25 10:11:00,354,588.6537500000001,At risk
13959,1076.18,6,2010-07-16 15:11:00,2011-09-21 15:06:00,431,179.36333333333334,Loyal
13960,230.22,2,2011-09-29 12:39:00,2011-11-18 15:27:00,50,115.11,New customers
13961,538.4,1,2010-11-12 14:40:00,2010-11-12 14:40:00,1,538.4,Lost
13962,362.8,3,2010-09-30 10:35:00,2011-11-18 08:47:00,413,120.93333333333334,Loyal
13963,3011.87,17,2010-04-21 16:20:00,2011-02-04 14:43:00,288,177.16882352941175,At risk
13964,438.9,2,2010-10-05 12:38:00,2010-11-17 13:53:00,43,219.45,Lost
13965,996.61,3,2010-01-05 15:21:00,2010-08-20 10:40:00,226,332.2033333333333,At risk
13966,390.86,1,2010-09-30 13:08:00,2010-09-30 13:08:00,1,390.86,Lost
13967,166.3,2,2010-11-08 13:24:00,2011-07-17 12:02:00,250,83.15,Potential loyalists
13968,123.66,1,2010-10-12 13:22:00,2010-10-12 13:22:00,1,123.66,Lost
13969,13365.87,35,2010-03-25 13:15:00,2011-12-02 15:11:00,617,381.882,Champions
13970,846.55,2,2010-09-28 11:53:00,2010-11-18 13:21:00,51,423.275,Lost
13971,4667.57,14,2010-01-26 09:51:00,2011-11-21 12:06:00,664,333.3978571428571,Champions
13972,190.25,2,2011-05-22 11:34:00,2011-09-30 11:54:00,131,95.125,Potential loyalists
13973,264.7,1,2011-02-25 15:21:00,2011-02-25 15:21:00,1,264.7,Lost
13974,677.72,2,2010-05-06 17:55:00,2011-10-21 14:41:00,532,338.86,New customers
13975,5358.84,12,2010-02-02 13:13:00,2011-11-08 13:19:00,644,446.57,Champions
13976,1192.36,4,2010-02-09 13:08:00,2011-05-17 09:13:00,461,298.09,At risk
13977,519.8100000000001,1,2010-10-24 14:08:00,2010-10-24 14:08:00,1,519.8100000000001,Lost
13978,196.79000000000002,2,2011-10-25 15:04:00,2011-11-25 11:36:00,30,98.39500000000001,New customers
13979,3416.23,7,2009-12-03 10:02:00,2011-09-27 13:32:00,663,488.03285714285715,Loyal
13980,799.92,5,2010-02-21 14:18:00,2011-10-10 13:34:00,595,159.98399999999998,Champions
13981,331.14,1,2010-10-20 10:03:00,2010-10-20 10:03:00,1,331.14,Lost
13982,4445.59,9,2010-01-20 14:04:00,2011-10-31 16:24:00,649,493.95444444444445,Champions
13983,7108.45,21,2009-12-09 13:53:00,2011-11-10 11:06:00,700,338.497619047619,Champions
13984,2048.6,12,2009-12-07 11:51:00,2011-11-13 12:38:00,706,170.71666666666667,Champions
13985,9873.300000000001,21,2010-02-09 13:56:00,2011-11-25 10:02:00,653,470.1571428571429,Champions
13986,320.46,1,2011-11-22 15:00:00,2011-11-22 15:00:00,1,320.46,New customers
13987,682.54,2,2010-11-04 09:54:00,2010-11-25 10:20:00,21,341.27,Lost
13988,4757.8,8,2010-03-24 11:05:00,2011-11-20 10:15:00,605,594.725,Champions
13989,2026.06,5,2010-05-25 12:13:00,2011-10-05 09:47:00,497,405.212,Loyal
13990,311.3,1,2011-05-10 15:19:00,2011-05-10 15:19:00,1,311.3,Lost
13991,855.97,6,2011-07-19 12:58:00,2011-11-27 16:18:00,131,142.66166666666666,Champions
13992,219.5,3,2010-09-02 17:04:00,2011-11-09 15:23:00,432,73.16666666666667,Loyal
13993,6775.71,19,2009-12-03 11:57:00,2011-10-28 09:06:00,693,356.6163157894737,Champions
13994,2197.04,5,2011-07-14 18:28:00,2011-10-31 11:10:00,108,439.408,Champions
13995,3902.01,14,2009-12-18 12:43:00,2011-11-24 14:22:00,706,278.71500000000003,Champions
13996,895.76,2,2010-11-05 15:07:00,2010-11-18 16:27:00,13,447.88,Lost
13997,382.31,3,2010-06-07 17:33:00,2010-07-08 18:06:00,31,127.43666666666667,At risk
13998,566.7,3,2010-05-12 13:18:00,2010-09-19 10:20:00,129,188.9,At risk
13999,9502.26,29,2009-12-05 12:42:00,2011-11-29 13:40:00,724,327.6641379310345,Champions
14000,2046.3400000000001,5,2009-12-02 09:50:00,2011-05-12 16:50:00,526,409.26800000000003,At risk
14001,4530.09,9,2010-08-03 12:49:00,2011-10-25 10:31:00,447,503.34333333333336,Champions
14002,529.73,2,2011-07-06 14:59:00,2011-07-28 15:55:00,22,264.865,Potential loyalists
14003,209.41,1,2009-12-07 08:53:00,2009-12-07 08:53:00,1,209.41,Lost
14004,6258.45,11,2010-09-30 09:39:00,2011-10-27 14:40:00,392,568.9499999999999,Champions
14005,2874.72,5,2011-05-08 10:33:00,2011-11-30 12:41:00,206,574.944,Champions
14006,2196.67,7,2010-02-25 09:45:00,2011-08-16 09:39:00,536,313.81,Loyal
14007,79.48,1,2010-07-15 09:06:00,2010-07-15 09:06:00,1,79.48,Lost
14008,509.04,1,2010-10-03 13:09:00,2010-10-03 13:09:00,1,509.04,Lost
14009,1099.91,3,2010-09-03 12:08:00,2011-05-25 15:47:00,264,366.6366666666667,At risk
14010,445.15,2,2010-05-23 12:46:00,2010-05-23 13:00:00,1,222.575,Lost
14011,457.82,2,2010-04-11 13:40:00,2010-08-16 15:31:00,127,228.91,Lost
14012,328.8,1,2011-03-07 12:26:00,2011-03-07 12:26:00,1,328.8,Lost
14013,1084.57,5,2010-03-26 10:02:00,2011-08-21 15:01:00,513,216.914,Loyal
14014,1948.21,3,2010-05-12 09:04:00,2011-09-23 13:18:00,499,649.4033333333333,Loyal
14015,917.34,1,2011-10-18 10:02:00,2011-10-18 10:02:00,1,917.34,New customers
14016,11403.41,11,2010-01-08 14:12:00,2011-07-01 11:29:00,538,1036.6736363636364,Loyal
14017,229.75,1,2010-05-17 14:52:00,2010-05-17 14:52:00,1,229.75,Lost
14018,367.15000000000003,1,2010-03-04 14:23:00,2010-03-04 14:23:00,1,367.15000000000003,Lost
14019,1421.61,3,2011-07-24 15:39:00,2011-10-24 10:13:00,91,473.86999999999995,Loyal
14020,1249.01,4,2010-06-28 15:29:00,2011-11-23 09:22:00,512,312.2525,Loyal
14021,1716.58,7,2010-04-26 11:22:00,2011-07-07 15:46:00,437,245.22571428571428,Loyal
14022,792.15,2,2010-08-10 09:38:00,2011-04-28 14:39:00,261,396.075,Lost
14023,584.07,2,2011-04-03 15:50:00,2011-12-02 13:58:00,242,292.035,New customers
14024,645.74,3,2010-11-14 10:51:00,2011-08-10 11:30:00,269,215.24666666666667,Loyal
14025,4057.9,8,2010-05-05 09:56:00,2010-09-01 10:11:00,119,507.2375,At risk
14026,713.11,2,2010-03-24 14:10:00,2010-08-26 10:31:00,154,356.555,Lost
14027,104.82,1,2011-10-10 09:01:00,2011-10-10 09:01:00,1,104.82,New customers
14028,10396.5,3,2010-06-07 12:02:00,2010-06-07 13:33:00,1,3465.5,At risk
14029,467.66,2,2011-07-18 16:57:00,2011-10-07 14:46:00,80,233.83,New customers
14030,8262.29,20,2009-12-10 17:27:00,2011-11-21 16:48:00,710,413.1145,Champions
14031,40999.17,44,2009-12-03 15:35:00,2011-12-02 17:13:00,729,931.7993181818182,Champions
14032,4667.15,15,2009-12-14 12:02:00,2011-11-23 16:24:00,709,311.1433333333333,Champions
14033,109.44,1,2010-06-02 15:10:00,2010-06-02 15:10:00,1,109.44,Lost
14034,651.8199999999999,3,2011-07-05 13:06:00,2011-11-17 14:02:00,135,217.2733333333333,Loyal
14035,2856.72,9,2010-04-06 12:39:00,2011-11-11 10:03:00,583,317.4133333333333,Champions
14036,626.65,1,2011-02-28 09:26:00,2011-02-28 09:26:00,1,626.65,Lost
14037,836.95,6,2009-12-07 11:39:00,2011-06-16 13:57:00,556,139.49166666666667,Loyal
14038,3069.88,5,2010-02-04 08:56:00,2011-09-22 13:37:00,595,613.976,Loyal
14039,267.28000000000003,2,2010-05-13 10:15:00,2011-11-06 13:48:00,542,133.64000000000001,New customers
14040,12645.57,35,2009-12-01 12:14:00,2011-10-30 12:42:00,698,361.30199999999996,Champions
14041,141.41,1,2011-03-18 13:25:00,2011-03-18 13:25:00,1,141.41,Lost
14042,431.98,1,2009-12-14 15:07:00,2009-12-14 15:07:00,1,431.98,Lost
14043,304.25,2,2009-12-10 15:56:00,2010-08-05 18:18:00,238,152.125,Lost
14044,3123.1,10,2010-01-24 15:14:00,2011-11-13 12:05:00,657,312.31,Champions
14045,11313.029999999999,16,2010-01-08 10:08:00,2011-08-22 15:27:00,591,707.0643749999999,Loyal
14046,154.99,1,2011-02-28 14:48:00,2011-02-28 14:48:00,1,154.99,Lost
14047,4255.03,14,2010-02-01 10:05:00,2011-12-01 11:43:00,668,303.93071428571426,Champions
14048,748.69,3,2010-11-22 14:08:00,2011-02-07 14:53:00,77,249.56333333333336,At risk
14049,13239.03,13,2010-04-01 14:52:00,2011-11-23 12:20:00,600,1018.3869230769232,Champions
14050,746.36,2,2011-08-25 13:46:00,2011-11-08 10:00:00,74,373.18,New customers
14051,21230.100000000002,36,2009-12-03 11:53:00,2011-12-01 13:27:00,728,589.725,Champions
14052,480.81,2,2010-11-14 11:37:00,2011-11-20 12:30:00,371,240.405,New customers
14053,572.3,4,2010-08-10 11:02:00,2011-08-07 14:27:00,362,143.075,Loyal
14054,92.46,1,2011-10-05 15:49:00,2011-10-05 15:49:00,1,92.46,Potential loyalists
14055,1520.96,3,2009-12-16 15:11:00,2011-08-25 15:04:00,616,506.9866666666667,Loyal
14056,7789.63,22,2011-02-28 15:19:00,2011-11-24 13:25:00,268,354.0740909090909,Champions
14057,8408.84,22,2009-12-03 13:17:00,2011-11-16 10:32:00,712,382.22,Champions
14058,469.19,2,2010-06-27 11:29:00,2010-09-03 09:31:00,67,234.595,Lost
14059,183.6,1,2011-03-18 10:06:00,2011-03-18 10:06:00,1,183.6,Lost
14060,9221.6,29,2010-03-11 09:47:00,2011-11-17 12:59:00,616,317.9862068965517,Champions
14061,917.4300000000001,3,2009-12-01 18:03:00,2010-07-20 17:22:00,230,305.81,At risk
14062,25604.2,24,2009-12-10 14:28:00,2011-11-30 10:04:00,719,1066.8416666666667,Champions
14063,22710.2,9,2009-12-08 13:46:00,2010-09-27 16:18:00,293,2523.355555555556,At risk
14064,3332.42,15,2010-01-21 13:22:00,2011-11-10 13:14:00,657,222.16133333333335,Champions
14065,891.02,3,2010-10-04 12:03:00,2010-11-15 16:13:00,42,297.00666666666666,At risk
14066,152.55,1,2011-03-18 12:21:00,2011-03-18 12:21:00,1,152.55,Lost
14067,374.7,2,2011-09-04 12:00:00,2011-10-07 10:21:00,32,187.35,New customers
14068,1528.3700000000001,4,2010-01-31 10:10:00,2011-01-23 16:02:00,357,382.09250000000003,At risk
14069,230.06,2,2010-05-27 12:30:00,2010-07-13 12:12:00,46,115.03,Lost
14070,326.55,1,2010-01-24 12:27:00,2010-01-24 12:27:00,1,326.55,Lost
14071,1284.24,6,2011-03-20 11:33:00,2011-11-20 14:07:00,245,214.04,Champions
14072,390.85,1,2010-02-11 12:31:00,2010-02-11 12:31:00,1,390.85,Lost
14073,151.04,1,2011-11-07 15:49:00,2011-11-07 15:49:00,1,151.04,New customers
14074,219.39999999999998,1,2010-03-26 13:55:00,2010-03-26 13:55:00,1,219.39999999999998,Lost
14075,1418.09,5,2010-06-16 14:47:00,2011-11-20 12:32:00,521,283.618,Champions
14076,122.47,1,2011-08-02 15:19:00,2011-08-02 15:19:00,1,122.47,Potential loyalists
14077,615.0799999999999,6,2010-11-09 16:01:00,2011-10-30 12:35:00,354,102.51333333333332,Champions
14078,1692.6299999999999,9,2010-03-28 15:05:00,2011-08-30 12:16:00,519,188.07,Loyal
14079,618.73,2,2010-01-26 17:19:00,2011-08-07 12:10:00,557,309.365,Potential loyalists
14080,1115.68,5,2009-12-02 15:01:00,2011-11-07 11:09:00,704,223.13600000000002,Champions
14081,5370.1,10,2009-12-10 18:27:00,2011-02-10 16:17:00,426,537.01,At risk
14082,413.36,2,2010-11-12 11:47:00,2010-12-10 11:02:00,27,206.68,Lost
14083,960.69,10,2009-12-18 11:34:00,2011-12-02 10:35:00,713,96.069,Champions
14084,150.5,1,2010-07-15 14:36:00,2010-07-15 14:36:00,1,150.5,Lost
14085,9874.27,32,2009-12-08 13:41:00,2011-12-02 14:02:00,724,308.5709375,Champions
14086,39.95,1,2010-09-03 10:52:00,2010-09-03 10:52:00,1,39.95,Lost
14087,651.8,2,2009-12-04 15:27:00,2010-10-31 11:22:00,330,325.9,Lost
14088,64036.8,16,2010-10-14 19:46:00,2011-11-29 16:16:00,410,4002.3,Champions
14089,161.0,1,2011-10-14 10:38:00,2011-10-14 10:38:00,1,161.0,New customers
14090,76.32000000000001,1,2011-01-19 10:51:00,2011-01-19 10:51:00,1,76.32000000000001,Lost
14091,9530.08,2,2010-01-10 13:41:00,2010-02-23 15:17:00,44,4765.04,Lost
14092,7229.45,24,2009-12-16 16:24:00,2011-12-02 12:13:00,715,301.2270833333333,Champions
14093,442.85,1,2011-11-27 16:27:00,2011-11-27 16:27:00,1,442.85,New customers
14094,335.22,1,2010-09-26 11:58:00,2010-09-26 11:58:00,1,335.22,Lost
14095,2.95,1,2009-12-17 12:49:00,2009-12-17 12:49:00,1,2.95,Lost
14096,56228.81,16,2011-08-30 10:49:00,2011-11-28 15:54:00,90,3514.300625,Champions
14097,422.85999999999996,2,2010-03-04 10:46:00,2010-08-15 14:20:00,164,211.42999999999998,Lost
14098,147.35,1,2011-11-03 10:13:00,2011-11-03 10:13:00,1,147.35,New customers
14099,5765.71,20,2009-12-10 11:55:00,2011-11-23 13:53:00,713,288.2855,Champions
14100,194.9,1,2011-07-25 11:01:00,2011-07-25 11:01:00,1,194.9,Potential loyalists
14101,9961.93,13,2010-03-28 13:36:00,2011-09-27 12:28:00,547,766.3023076923077,Loyal
14102,1241.78,4,2011-10-26 12:46:00,2011-11-28 10:20:00,32,310.445,Loyal
14104,771.5799999999999,5,2010-05-28 16:11:00,2011-07-08 12:50:00,405,154.31599999999997,Loyal
14105,5988.83,5,2009-12-18 16:57:00,2011-04-14 17:58:00,482,1197.766,At risk
14106,214.79999999999998,1,2009-12-02 14:09:00,2009-12-02 14:09:00,1,214.79999999999998,Lost
14107,4877.3,11,2009-12-09 14:20:00,2011-10-19 12:12:00,678,443.39090909090913,Champions
14108,1044.96,4,2009-12-01 18:07:00,2011-11-09 10:41:00,707,261.24,Loyal
14109,144.2,1,2011-09-28 10:18:00,2011-09-28 10:18:00,1,144.2,Potential loyalists
14110,12662.51,32,2009-12-01 09:50:00,2011-11-18 08:59:00,716,395.7034375,Champions
14111,692.85,4,2011-04-12 11:36:00,2011-11-25 13:44:00,227,173.2125,Loyal
14112,5834.59,13,2010-02-23 14:16:00,2011-11-17 12:30:00,631,448.8146153846154,Champions
14113,6620.71,15,2009-12-08 07:42:00,2011-11-17 10:59:00,709,441.3806666666667,Champions
14114,1364.09,7,2010-04-12 11:07:00,2011-03-11 09:42:00,332,194.86999999999998,At risk
14115,622.6700000000001,2,2010-02-11 11:44:00,2010-07-26 12:36:00,165,311.33500000000004,Lost
14116,1382.74,5,2011-08-10 12:44:00,2011-11-20 10:29:00,101,276.548,Champions
14117,90.0,1,2011-07-19 09:49:00,2011-07-19 09:49:00,1,90.0,Potential loyalists
14118,458.45,1,2010-10-07 11:59:00,2010-10-07 11:59:00,1,458.45,Lost
14119,183.37,2,2009-12-21 14:52:00,2010-11-29 10:33:00,342,91.685,Lost
14121,2008.99,3,2011-10-11 10:39:00,2011-11-29 13:43:00,49,669.6633333333333,Loyal
14122,362.42,3,2009-12-02 14:22:00,2010-10-29 15:11:00,331,120.80666666666667,At risk
14123,436.18,1,2009-12-06 15:35:00,2009-12-06 15:35:00,1,436.18,Lost
14124,419.58000000000004,1,2011-09-16 13:32:00,2011-09-16 13:32:00,1,419.58000000000004,Potential loyalists
14125,2740.43,3,2011-09-22 15:40:00,2011-11-29 12:47:00,67,913.4766666666666,Loyal
14126,1172.46,4,2010-09-21 14:51:00,2011-12-02 11:45:00,436,293.115,Loyal
14127,1900.0800000000002,6,2010-10-10 11:53:00,2011-08-09 10:49:00,302,316.68,Loyal
14128,924.21,3,2010-06-06 14:05:00,2011-10-10 12:00:00,490,308.07,Loyal
14129,2438.76,8,2010-05-09 14:54:00,2011-11-22 12:09:00,561,304.845,Champions
14130,1882.67,4,2009-12-11 16:33:00,2011-01-24 16:05:00,408,470.6675,At risk
14131,187.87,1,2010-03-01 11:59:00,2010-03-01 11:59:00,1,187.87,Lost
14132,3270.9,10,2011-06-09 12:04:00,2011-11-25 10:03:00,168,327.09000000000003,Champions
14133,911.14,4,2009-12-06 12:10:00,2011-08-02 11:34:00,603,227.785,Loyal
14134,11123.35,15,2009-12-10 09:25:00,2010-11-22 12:26:00,347,741.5566666666667,At risk
14135,9504.02,23,2009-12-02 08:58:00,2011-12-01 14:54:00,729,413.21826086956526,Champions
14136,1570.81,5,2009-12-08 09:19:00,2010-11-04 11:53:00,331,314.162,At risk
14137,332.7,1,2010-01-13 12:30:00,2010-01-13 12:30:00,1,332.7,Lost
14138,638.21,1,2011-10-07 09:38:00,2011-10-07 09:38:00,1,638.21,New customers
14139,1086.8,4,2010-06-15 09:17:00,2011-10-24 13:34:00,496,271.7,Loyal
14140,540.99,1,2011-11-08 11:20:00,2011-11-08 11:20:00,1,540.99,New customers
14141,688.7800000000001,3,2011-08-26 14:40:00,2011-10-11 12:17:00,45,229.59333333333336,Loyal
14142,983.15,2,2010-03-03 15:13:00,2010-12-01 16:33:00,273,491.575,Lost
14143,115.8,1,2011-07-29 09:48:00,2011-07-29 09:48:00,1,115.8,Potential loyalists
14144,30.599999999999998,1,2010-08-10 15:17:00,2010-08-10 15:17:00,1,30.599999999999998,Lost
14145,7600.05,7,2010-04-08 09:47:00,2011-10-24 12:10:00,564,1085.7214285714285,Champions
14146,9450.3,12,2010-01-13 16:04:00,2011-12-01 10:18:00,686,787.525,Champions
14147,2590.2,9,2010-03-09 13:43:00,2011-09-22 18:10:00,562,287.79999999999995,Loyal
14148,466.29,2,2010-10-21 14:08:00,2011-04-20 12:02:00,180,233.145,Lost
14149,446.62,1,2011-05-03 09:44:00,2011-05-03 09:44:00,1,446.62,Lost
14150,658.64,2,2010-12-15 10:04:00,2011-11-04 10:05:00,324,329.32,New customers
14151,679.45,2,2009-12-23 10:54:00,2010-02-04 15:35:00,43,339.725,Lost
14152,1997.3400000000001,7,2010-02-18 13:57:00,2011-09-25 12:54:00,583,285.3342857142857,Loyal
14153,233.4,1,2010-08-13 14:35:00,2010-08-13 14:35:00,1,233.4,Lost
14154,6460.7,8,2010-01-13 12:47:00,2011-04-14 16:26:00,456,807.5875,At risk
14155,118.75,1,2011-03-18 14:13:00,2011-03-18 14:13:00,1,118.75,Lost
14156,313946.37,156,2009-12-01 12:30:00,2011-11-30 10:54:00,728,2012.4767307692307,Champions
14157,1002.78,5,2010-03-03 16:49:00,2011-11-20 11:32:00,626,200.55599999999998,Champions
14158,507.66,1,2011-10-30 15:08:00,2011-10-30 15:08:00,1,507.66,New customers
14159,7938.01,20,2009-12-03 12:31:00,2011-11-20 12:36:00,717,396.9005,Champions
14160,8421.47,7,2010-01-10 12:06:00,2010-04-08 14:30:00,88,1203.0671428571427,At risk
14161,3318.88,7,2009-12-13 11:46:00,2011-05-08 11:41:00,510,474.1257142857143,At risk
14162,289.36,2,2011-02-20 12:32:00,2011-06-19 11:36:00,118,144.68,Potential loyalists
14163,2594.62,5,2010-09-03 17:15:00,2011-09-13 15:18:00,374,518.924,Loyal
14164,1631.77,2,2011-09-20 12:18:00,2011-09-30 12:24:00,10,815.885,Potential loyalists
14165,122.53999999999999,1,2011-03-09 12:39:00,2011-03-09 12:39:00,1,122.53999999999999,Lost
14166,256.85,2,2010-03-23 15:10:00,2010-07-22 19:42:00,121,128.425,Lost
14167,1296.49,8,2010-01-27 16:07:00,2011-10-31 14:29:00,641,162.06125,Champions
14168,370.45,2,2010-05-24 12:28:00,2010-10-15 10:49:00,143,185.225,Lost
14169,624.4300000000001,2,2010-09-21 13:39:00,2010-10-05 08:45:00,13,312.21500000000003,Lost
14170,597.33,3,2010-11-09 14:06:00,2010-11-29 13:10:00,19,199.11,At risk
14171,498.79,2,2009-12-09 13:50:00,2011-09-02 16:43:00,632,249.395,Potential loyalists
14172,402.72,3,2010-03-07 10:58:00,2010-04-13 13:26:00,37,134.24,At risk
14173,586.0,6,2009-12-09 12:46:00,2011-11-29 11:54:00,719,97.66666666666667,Champions
14174,134.46,1,2011-11-06 13:17:00,2011-11-06 13:17:00,1,134.46,New customers
14175,7678.88,8,2010-03-22 10:43:00,2011-10-11 11:55:00,568,959.86,Champions
14176,916.01,5,2010-11-23 13:21:00,2011-02-15 13:12:00,83,183.202,At risk
14177,2229.34,13,2010-02-26 11:59:00,2011-09-14 15:11:00,565,171.48769230769233,Loyal
14178,1620.93,7,2011-06-10 12:51:00,2011-12-01 12:01:00,173,231.5614285714286,Champions
14179,719.78,2,2011-10-18 14:00:00,2011-10-30 12:07:00,11,359.89,New customers
14180,6319.25,33,2010-06-09 14:56:00,2011-11-29 10:56:00,537,191.49242424242425,Champions
14181,310.55,2,2010-05-26 12:32:00,2010-10-25 08:27:00,151,155.275,Lost
14182,678.77,4,2010-04-22 15:36:00,2010-09-22 11:45:00,152,169.6925,At risk
14183,286.29,2,2010-08-15 15:36:00,2010-10-24 14:45:00,69,143.145,Lost
14184,452.89,1,2011-10-04 12:43:00,2011-10-04 12:43:00,1,452.89,Potential loyalists
14185,197.65,1,2011-01-12 13:52:00,2011-01-12 13:52:00,1,197.65,Lost
14186,1550.63,5,2010-03-05 11:17:00,2010-10-08 13:30:00,217,310.12600000000003,At risk
14187,123.5,1,2010-08-23 12:06:00,2010-08-23 12:06:00,1,123.5,Lost
14188,2054.36,6,2011-02-02 13:46:00,2011-11-09 12:45:00,279,342.3933333333334,Champions
14189,5512.83,15,2010-11-16 09:28:00,2011-11-23 16:43:00,372,367.522,Champions
14190,79.9,1,2010-02-11 14:27:00,2010-02-11 14:27:00,1,79.9,Lost
14191,4391.54,14,2009-12-11 10:48:00,2011-11-29 17:23:00,718,313.68142857142857,Champions
14192,293.74,1,2010-11-16 17:44:00,2010-11-16 17:44:00,1,293.74,Lost
14193,1210.19,3,2010-11-08 12:31:00,2011-10-03 09:34:00,328,403.3966666666667,Loyal
14194,18186.49,35,2010-01-06 12:16:00,2011-11-21 10:35:00,683,519.614,Champions
14195,2615.6,6,2010-03-15 17:12:00,2011-05-22 10:29:00,432,435.93333333333334,At risk
14196,335.52,1,2011-08-25 10:25:00,2011-08-25 10:25:00,1,335.52,Potential loyalists
14197,390.05,1,2010-10-25 10:01:00,2010-10-25 10:01:00,1,390.05,Lost
14198,1569.73,9,2010-01-05 10:07:00,2011-11-21 16:35:00,685,174.41444444444446,Champions
14199,1091.7,4,2010-06-27 12:13:00,2011-05-05 13:44:00,312,272.925,At risk
14200,379.2,1,2010-04-01 13:01:00,2010-04-01 13:01:00,1,379.2,Lost
14201,1193.54,10,2010-04-30 13:00:00,2011-10-10 13:27:00,528,119.354,Champions
14202,847.76,3,2010-03-25 10:36:00,2010-11-23 17:13:00,243,282.58666666666664,At risk
14203,339.34,1,2010-11-07 13:35:00,2010-11-07 13:35:00,1,339.34,Lost
14204,901.9300000000001,3,2009-12-02 13:26:00,2010-10-13 13:32:00,315,300.6433333333334,At risk
14205,2414.2,9,2010-03-07 12:20:00,2011-11-23 10:55:00,625,268.2444444444444,Champions
14206,1185.01,3,2010-11-02 11:37:00,2011-04-14 16:38:00,163,395.00333333333333,At risk
14207,157.8,1,2010-01-21 09:33:00,2010-01-21 09:33:00,1,157.8,Lost
14208,567.05,2,2010-06-06 13:11:00,2011-09-06 12:48:00,456,283.525,Potential loyalists
14209,4993.27,15,2010-01-22 10:28:00,2011-11-29 10:18:00,675,332.8846666666667,Champions
14210,5861.52,16,2010-01-06 10:17:00,2011-08-26 12:36:00,597,366.345,Loyal
14211,4402.29,18,2009-12-09 12:48:00,2011-10-17 13:23:00,677,244.57166666666666,Champions
14212,2190.14,2,2010-09-20 11:48:00,2011-09-11 12:45:00,356,1095.07,Potential loyalists
14213,1192.2,1,2010-10-31 10:37:00,2010-10-31 10:37:00,1,1192.2,Lost
14214,1004.38,5,2011-03-07 12:26:00,2011-11-09 10:31:00,246,200.876,Champions
14215,3416.33,9,2009-12-08 09:35:00,2011-11-28 12:19:00,720,379.59222222222223,Champions
14216,2011.79,4,2010-10-21 15:07:00,2011-12-01 14:58:00,405,502.9475,Loyal
14217,3322.41,22,2010-06-30 12:54:00,2011-11-28 12:08:00,515,151.01863636363635,Champions
14218,169.48000000000002,1,2011-10-28 10:00:00,2011-10-28 10:00:00,1,169.48000000000002,New customers
14219,543.89,2,2010-08-03 14:42:00,2010-10-26 10:34:00,83,271.945,Lost
14220,1515.0,4,2010-05-19 13:26:00,2011-04-06 13:23:00,321,378.75,At risk
14221,6517.49,17,2010-04-06 14:10:00,2011-10-28 13:42:00,569,383.38176470588235,Champions
14222,683.17,1,2011-06-15 16:42:00,2011-06-15 16:42:00,1,683.17,Potential loyalists
14223,991.13,3,2011-03-20 16:02:00,2011-09-08 13:38:00,171,330.37666666666667,Loyal
14224,1897.9,9,2010-06-13 13:46:00,2011-08-21 13:24:00,433,210.8777777777778,Loyal
14225,2037.02,4,2010-01-12 15:02:00,2010-10-01 10:32:00,261,509.255,At risk
14226,3002.53,6,2010-09-24 14:32:00,2011-11-11 11:34:00,412,500.4216666666667,Champions
14227,6368.71,15,2010-02-08 09:38:00,2011-11-13 15:48:00,643,424.5806666666667,Champions
14228,745.5,3,2010-06-11 12:29:00,2010-09-28 09:45:00,108,248.5,At risk
14229,2594.04,7,2010-08-25 11:47:00,2011-10-19 10:04:00,419,370.57714285714286,Champions
14230,979.8000000000001,3,2010-06-09 13:56:00,2010-09-30 09:07:00,112,326.6,At risk
14231,1235.6200000000001,4,2010-09-15 09:52:00,2011-06-09 11:05:00,267,308.90500000000003,Loyal
14232,2048.07,5,2011-03-20 12:44:00,2011-10-28 11:09:00,221,409.61400000000003,Champions
14233,2904.27,7,2010-03-05 16:35:00,2011-10-21 15:54:00,594,414.8957142857143,Champions
14234,775.46,4,2011-10-13 13:58:00,2011-11-17 17:53:00,35,193.865,Loyal
14235,4717.99,9,2010-03-30 13:36:00,2011-09-25 14:37:00,544,524.2211111111111,Loyal
14236,1744.64,5,2010-07-22 14:27:00,2011-09-20 09:13:00,424,348.928,Loyal
14237,632.14,2,2010-04-28 10:04:00,2010-12-01 13:20:00,217,316.07,Lost
14238,434.23,3,2009-12-05 10:58:00,2011-01-17 14:40:00,408,144.74333333333334,At risk
14239,4263.17,21,2009-12-05 12:36:00,2011-10-27 14:40:00,691,203.00809523809525,Champions
14240,1247.49,3,2010-10-12 12:48:00,2011-11-09 13:45:00,393,415.83,Loyal
14241,333.70000000000005,2,2010-01-12 15:11:00,2011-06-09 11:46:00,512,166.85000000000002,Potential loyalists
14242,280.55,2,2011-01-18 08:53:00,2011-04-19 11:46:00,91,140.275,Lost
14243,7431.05,17,2010-08-20 13:41:00,2011-12-01 11:12:00,467,437.1205882352941,Champions
14244,366.41999999999996,1,2010-02-17 11:40:00,2010-02-17 11:40:00,1,366.41999999999996,Lost
14245,1693.45,2,2011-03-21 10:41:00,2011-05-04 08:40:00,43,846.725,Lost
14246,1474.06,3,2011-04-08 08:25:00,2011-08-21 11:50:00,135,491.3533333333333,Loyal
14247,772.66,5,2010-06-06 15:07:00,2011-03-06 15:21:00,273,154.53199999999998,At risk
14248,1032.95,3,2010-07-12 14:27:00,2011-01-25 14:45:00,197,344.31666666666666,At risk
14249,5625.461,12,2010-01-29 14:21:00,2010-10-25 12:34:00,268,468.7884166666667,At risk
14250,1904.05,3,2011-09-11 13:44:00,2011-12-02 14:30:00,82,634.6833333333333,Loyal
14251,2397.42,4,2011-10-13 12:46:00,2011-11-29 12:07:00,46,599.355,Loyal
14252,350.99,1,2010-11-23 13:36:00,2010-11-23 13:36:00,1,350.99,Lost
14253,363.40000000000003,2,2010-03-26 15:08:00,2010-08-03 14:55:00,129,181.70000000000002,Lost
14254,601.03,1,2010-10-03 11:52:00,2010-10-03 11:52:00,1,601.03,Lost
14255,1000.63,1,2010-06-11 15:54:00,2010-06-11 15:54:00,1,1000.63,Lost
14256,2473.9900000000002,5,2010-01-14 10:35:00,2011-03-24 13:17:00,434,494.79800000000006,At risk
14257,5954.45,9,2010-03-01 15:36:00,2011-10-06 16:54:00,584,661.6055555555555,Champions
14258,32051.34,25,2009-12-04 08:36:00,2011-11-30 15:27:00,726,1282.0536,Champions
14259,120.0,1,2011-07-21 10:44:00,2011-07-21 10:44:00,1,120.0,Potential loyalists
14260,824.28,3,2010-06-09 11:23:00,2010-08-25 14:55:00,77,274.76,At risk
14261,1163.45,2,2011-09-22 10:47:00,2011-10-20 10:04:00,27,581.725,New customers
14262,2618.23,8,2011-04-13 12:23:00,2011-12-01 14:17:00,232,327.27875,Champions
14263,322.93,1,2010-10-12 14:09:00,2010-10-12 14:09:00,1,322.93,Lost
14264,1517.3600000000001,6,2010-04-07 13:21:00,2011-07-08 10:20:00,456,252.89333333333335,Loyal
14265,1373.35,4,2010-04-06 14:39:00,2011-08-22 13:32:00,502,343.3375,Loyal
14266,40.56,1,2010-10-07 13:32:00,2010-10-07 13:32:00,1,40.56,Lost
14267,1516.24,3,2011-03-24 11:38:00,2011-06-30 10:09:00,97,505.41333333333336,Loyal
14268,354.85,1,2010-08-26 10:45:00,2010-08-26 10:45:00,1,354.85,Lost
14269,295.73,1,2010-09-26 12:53:00,2010-09-26 12:53:00,1,295.73,Lost
14270,492.65000000000003,1,2011-01-12 09:33:00,2011-01-12 09:33:00,1,492.65000000000003,Lost
14271,219.13,2,2010-10-26 17:01:00,2011-04-28 12:47:00,183,109.565,Lost
14272,920.81,4,2010-05-06 14:01:00,2011-09-27 10:08:00,508,230.2025,Loyal
14273,559.97,4,2011-04-11 13:24:00,2011-10-19 13:20:00,190,139.9925,Loyal
14274,256.6,1,2010-01-22 12:51:00,2010-01-22 12:51:00,1,256.6,Lost
14275,1189.3799999999999,6,2010-04-11 12:32:00,2010-11-09 09:06:00,211,198.23,At risk
14276,2102.68,7,2010-02-17 13:10:00,2011-09-02 09:45:00,561,300.3828571428571,Loyal
14277,17225.81,9,2009-12-13 15:43:00,2011-11-24 15:01:00,710,1913.978888888889,Champions
14278,205.83,1,2010-10-26 12:07:00,2010-10-26 12:07:00,1,205.83,Lost
14279,191.86,2,2010-01-27 16:34:00,2010-07-07 08:42:00,160,95.93,Lost
14280,134.04,1,2011-05-27 10:37:00,2011-05-27 10:37:00,1,134.04,Potential loyalists
14281,245.15,1,2010-10-27 14:45:00,2010-10-27 14:45:00,1,245.15,Lost
14282,7762.36,24,2010-02-15 11:22:00,2011-12-01 12:18:00,654,323.4316666666667,Champions
14283,628.4399999999999,4,2010-05-19 12:22:00,2010-09-02 14:46:00,106,157.10999999999999,At risk
14284,1299.65,3,2010-02-24 12:06:00,2011-11-09 08:11:00,622,433.2166666666667,Loyal
14285,3284.42,8,2009-12-08 14:13:00,2011-11-18 14:50:00,710,410.5525,Champions
14286,8479.76,7,2009-12-04 08:40:00,2011-11-16 10:34:00,712,1211.3942857142858,Champions
14287,176.63,3,2011-05-25 11:41:00,2011-12-01 13:25:00,190,58.876666666666665,Loyal
14288,426.6,1,2011-05-10 13:22:00,2011-05-10 13:22:00,1,426.6,Lost
14289,911.26,6,2011-02-23 12:33:00,2011-12-01 11:44:00,280,151.87666666666667,Champions
14290,4516.56,8,2009-12-08 11:44:00,2011-11-28 14:02:00,720,564.57,Champions
14291,7346.41,21,2009-12-09 10:46:00,2011-10-13 09:16:00,672,349.8290476190476,Champions
14292,9226.25,16,2010-03-19 11:10:00,2011-12-02 11:50:00,623,576.640625,Champions
14293,2960.78,8,2009-12-10 10:57:00,2011-07-15 15:28:00,582,370.0975,Loyal
14294,375.34,1,2010-10-28 16:25:00,2010-10-28 16:25:00,1,375.34,Lost
14295,2362.91,5,2009-12-08 09:49:00,2011-10-30 15:50:00,691,472.582,Champions
14296,456.40000000000003,2,2010-05-14 14:34:00,2010-10-14 14:14:00,152,228.20000000000002,Lost
14297,1305.33,4,2011-03-10 08:31:00,2011-11-22 09:06:00,257,326.3325,Loyal
14298,91194.49,82,2009-12-11 13:49:00,2011-12-01 13:12:00,719,1112.1279268292683,Champions
14299,14499.49,27,2009-12-02 10:58:00,2011-12-01 16:05:00,729,537.0181481481482,Champions
14300,43.2,1,2011-11-21 08:57:00,2011-11-21 08:57:00,1,43.2,New customers
14301,1992.18,4,2010-02-11 13:07:00,2011-08-14 15:33:00,549,498.045,Loyal
14302,742.9000000000001,3,2009-12-02 08:16:00,2010-10-05 08:10:00,306,247.63333333333335,At risk
14303,277.94,2,2010-10-01 10:31:00,2010-10-28 15:37:00,27,138.97,Lost
14304,1725.01,3,2010-05-18 10:50:00,2011-05-01 11:50:00,348,575.0033333333333,At risk
14305,1858.96,3,2011-07-27 14:14:00,2011-09-29 15:29:00,64,619.6533333333333,Loyal
14306,3151.4,6,2010-01-31 13:42:00,2011-10-19 13:23:00,625,525.2333333333333,Champions
14307,5071.03,10,2009-12-07 13:06:00,2011-09-12 09:38:00,643,507.10299999999995,Loyal
14308,1147.02,2,2010-06-08 16:39:00,2010-06-08 16:48:00,1,573.51,Lost
14309,3780.81,11,2010-06-07 10:24:00,2011-12-01 13:33:00,542,343.71,Champions
14310,492.1,1,2010-10-03 12:34:00,2010-10-03 12:34:00,1,492.1,Lost
14311,516.45,2,2010-05-21 10:28:00,2011-04-11 10:14:00,324,258.225,Lost
14312,3090.29,11,2010-07-23 15:05:00,2011-10-24 09:46:00,457,280.93545454545455,Champions
14314,229.8,2,2010-10-05 08:00:00,2011-08-25 10:39:00,324,114.9,Potential loyalists
14315,3197.82,8,2010-03-15 12:49:00,2011-10-26 12:06:00,589,399.7275,Champions
14316,1370.34,5,2010-03-19 15:18:00,2010-10-13 16:31:00,208,274.068,At risk
14317,508.58000000000004,1,2011-10-06 10:44:00,2011-10-06 10:44:00,1,508.58000000000004,Potential loyalists
14318,158.02,1,2010-09-05 15:32:00,2010-09-05 15:32:00,1,158.02,Lost
14319,494.85,1,2010-10-11 13:38:00,2010-10-11 13:38:00,1,494.85,Lost
14320,1346.75,5,2010-01-21 11:44:00,2011-05-17 09:24:00,480,269.35,At risk
14321,2218.06,7,2010-08-23 12:56:00,2011-11-29 09:47:00,462,316.86571428571426,Champions
14322,474.1,4,2010-02-18 08:49:00,2010-10-06 15:17:00,230,118.525,At risk
14323,605.0600000000001,2,2011-04-15 11:44:00,2011-08-17 11:37:00,123,302.53000000000003,Potential loyalists
14324,701.61,2,2010-01-15 13:31:00,2010-10-26 11:44:00,283,350.805,Lost
14325,245.48000000000002,1,2010-05-19 09:20:00,2010-05-19 09:20:00,1,245.48000000000002,Lost
14326,940.98,3,2010-06-25 12:10:00,2011-04-11 15:04:00,290,313.66,At risk
14327,1894.93,6,2010-01-08 14:04:00,2011-06-29 13:58:00,536,315.82166666666666,Loyal
14328,445.05,1,2010-09-27 16:01:00,2010-09-27 16:01:00,1,445.05,Lost
14329,9927.22,15,2009-12-16 15:31:00,2011-11-22 15:50:00,706,661.8146666666667,Champions
14330,200.63,1,2010-03-26 09:10:00,2010-03-26 09:10:00,1,200.63,Lost
14331,462.65999999999997,2,2011-07-27 15:14:00,2011-08-07 13:17:00,10,231.32999999999998,Potential loyalists
14332,1943.51,5,2010-10-19 13:01:00,2011-11-17 11:54:00,393,388.702,Champions
14333,415.2,1,2011-10-03 10:38:00,2011-10-03 10:38:00,1,415.2,Potential loyalists
14334,4318.48,12,2010-05-20 10:04:00,2011-11-23 10:01:00,551,359.8733333333333,Champions
14335,468.26,2,2011-09-04 13:07:00,2011-11-23 13:41:00,80,234.13,New customers
14336,1614.91,4,2011-03-08 16:48:00,2011-11-23 11:40:00,259,403.7275,Loyal
14338,928.1,3,2010-06-21 10:32:00,2011-07-01 14:08:00,375,309.3666666666667,Loyal
14339,620.27,2,2010-10-07 08:50:00,2011-04-11 11:06:00,186,310.135,Lost
14340,134.7,1,2011-05-05 09:44:00,2011-05-05 09:44:00,1,134.7,Lost
14341,4467.32,18,2009-12-01 12:20:00,2011-10-25 15:48:00,693,248.18444444444444,Champions
14342,918.44,6,2010-08-24 13:03:00,2011-11-18 13:21:00,451,153.07333333333335,Champions
14343,1088.91,4,2010-01-18 16:47:00,2010-10-14 13:05:00,268,272.2275,At risk
14344,3333.7000000000003,20,2010-03-23 15:47:00,2011-08-04 13:51:00,498,166.685,Loyal
14345,108.97999999999999,1,2011-11-01 09:51:00,2011-11-01 09:51:00,1,108.97999999999999,New customers
14346,2315.75,5,2010-07-30 10:44:00,2011-08-11 09:47:00,376,463.15,Loyal
14347,82.6,1,2009-12-03 10:49:00,2009-12-03 10:49:00,1,82.6,Lost
14348,409.57,1,2011-03-24 16:23:00,2011-03-24 16:23:00,1,409.57,Lost
14349,133.5,1,2011-11-29 15:39:00,2011-11-29 15:39:00,1,133.5,New customers
14350,972.03,3,2010-10-05 15:52:00,2011-03-10 14:14:00,155,324.01,At risk
14351,51.0,1,2011-06-28 11:56:00,2011-06-28 11:56:00,1,51.0,Potential loyalists
14352,1078.96,4,2011-03-11 14:58:00,2011-07-05 15:41:00,116,269.74,Loyal
14353,376.5,3,2010-10-04 12:38:00,2011-05-08 16:06:00,216,125.5,At risk
14354,163.62,2,2011-11-09 15:36:00,2011-12-04 11:32:00,24,81.81,New customers
14355,1014.45,3,2010-03-22 15:08:00,2010-12-09 12:16:00,261,338.15000000000003,At risk
14356,701.23,2,2011-09-19 14:43:00,2011-09-21 09:18:00,1,350.615,Potential loyalists
14357,225.77,1,2011-10-27 16:23:00,2011-10-27 16:23:00,1,225.77,New customers
14358,400.06,2,2010-10-07 17:26:00,2010-11-15 15:51:00,38,200.03,Lost
14359,912.18,3,2011-09-13 09:03:00,2011-11-20 13:17:00,68,304.06,Loyal
14360,2128.23,4,2011-09-06 11:58:00,2011-11-08 09:12:00,62,532.0575,Loyal
14361,214.70999999999998,1,2010-05-10 12:29:00,2010-05-10 12:29:00,1,214.70999999999998,Lost
14362,161.2,1,2011-11-17 15:08:00,2011-11-17 15:08:00,1,161.2,New customers
14363,227.47000000000003,2,2010-09-14 14:39:00,2010-11-02 17:01:00,49,113.73500000000001,Lost
14364,3717.35,8,2011-05-12 12:56:00,2011-08-23 11:01:00,102,464.66875,Loyal
14365,634.68,2,2010-01-27 09:44:00,2010-11-10 09:52:00,287,317.34,Lost
14366,136.0,1,2010-07-02 17:23:00,2010-07-02 17:23:00,1,136.0,Lost
14367,9261.52,16,2011-03-08 14:12:00,2011-12-01 13:19:00,267,578.845,Champions
14368,155.0,1,2011-01-24 09:52:00,2011-01-24 09:52:00,1,155.0,Lost
14369,469.13,2,2010-02-16 10:28:00,2010-03-07 15:47:00,19,234.565,Lost
14370,1175.78,6,2010-02-01 08:35:00,2010-09-15 10:53:00,226,195.96333333333334,At risk
14371,100.5,1,2011-02-17 16:35:00,2011-02-17 16:35:00,1,100.5,Lost
14372,860.08,2,2010-04-19 15:57:00,2010-09-22 16:17:00,156,430.04,Lost
14373,76.55,1,2010-12-16 15:40:00,2010-12-16 15:40:00,1,76.55,Lost
14374,108.0,1,2010-06-16 14:25:00,2010-06-16 14:25:00,1,108.0,Lost
14375,1132.99,3,2010-06-16 14:34:00,2011-06-07 13:44:00,355,377.66333333333336,Loyal
14376,215.46,1,2010-01-25 15:36:00,2010-01-25 15:36:00,1,215.46,Lost
14377,617.05,2,2011-03-22 13:38:00,2011-06-01 13:32:00,70,308.525,Potential loyalists
14378,131.25,1,2010-03-28 12:22:00,2010-03-28 12:22:00,1,131.25,Lost
14379,1268.91,4,2010-08-16 15:31:00,2011-10-26 16:43:00,436,317.2275,Loyal
14380,48.96,1,2010-01-26 17:11:00,2010-01-26 17:11:00,1,48.96,Lost
14381,631.34,2,2010-09-14 16:15:00,2011-10-18 17:10:00,399,315.67,New customers
14382,1246.8,2,2010-11-14 16:32:00,2011-11-13 16:18:00,363,623.4,New customers
14383,1247.69,3,2011-06-29 10:18:00,2011-11-01 15:53:00,125,415.8966666666667,Loyal
14384,58.5,1,2010-07-27 09:53:00,2010-07-27 09:53:00,1,58.5,Lost
14385,202.11,3,2011-11-16 11:55:00,2011-11-30 15:36:00,14,67.37,Loyal
14386,142.4,1,2011-02-16 09:45:00,2011-02-16 09:45:00,1,142.4,Lost
14387,1770.56,3,2011-08-22 14:13:00,2011-11-07 12:29:00,76,590.1866666666666,Loyal
14388,6701.0,16,2010-01-20 11:54:00,2011-11-29 13:32:00,678,418.8125,Champions
14389,1898.01,5,2010-04-28 14:57:00,2011-10-05 15:17:00,525,379.602,Loyal
14390,6399.83,13,2010-10-10 14:30:00,2011-11-29 13:49:00,414,492.2946153846154,Champions
14391,135.6,1,2010-05-12 09:42:00,2010-05-12 09:42:00,1,135.6,Lost
14392,266.4,1,2010-10-03 12:56:00,2010-10-03 12:56:00,1,266.4,Lost
14393,67.95,1,2011-05-05 18:16:00,2011-05-05 18:16:00,1,67.95,Lost
14394,93.8,1,2010-05-24 10:43:00,2010-05-24 10:43:00,1,93.8,Lost
14395,7649.02,19,2010-04-18 13:12:00,2011-10-10 17:26:00,540,402.58000000000004,Champions
14396,2121.93,7,2009-12-02 14:21:00,2011-10-05 16:09:00,672,303.1328571428571,Loyal
14397,2391.52,18,2011-05-10 12:25:00,2011-12-04 10:53:00,207,132.86222222222221,Champions
14398,707.79,2,2010-06-30 11:57:00,2010-11-03 13:46:00,126,353.895,Lost
14399,2113.16,8,2010-02-03 13:09:00,2010-11-10 13:23:00,280,264.145,At risk
14400,1732.47,3,2010-03-18 12:11:00,2011-07-13 15:50:00,482,577.49,Loyal
14401,6442.12,21,2009-12-14 13:22:00,2011-11-01 13:37:00,687,306.76761904761906,Champions
14402,285.6,1,2010-02-25 13:20:00,2010-02-25 13:20:00,1,285.6,Lost
14403,1880.51,6,2010-03-10 14:00:00,2011-08-01 12:57:00,508,313.41833333333335,Loyal
14404,2899.11,13,2009-12-20 14:40:00,2011-11-06 12:30:00,685,223.00846153846155,Champions
14405,195.0,1,2010-11-18 11:40:00,2010-11-18 11:40:00,1,195.0,Lost
14406,156.75,1,2011-08-12 16:54:00,2011-08-12 16:54:00,1,156.75,Potential loyalists
14407,2157.73,6,2011-03-08 11:59:00,2011-08-24 14:02:00,169,359.62166666666667,Loyal
14408,4109.77,11,2009-12-07 12:18:00,2011-11-29 11:41:00,721,373.6154545454546,Champions
14409,3756.09,9,2010-05-21 16:45:00,2011-09-29 18:18:00,496,417.34333333333336,Loyal
14410,2651.14,11,2010-09-28 15:46:00,2011-09-08 15:08:00,344,241.01272727272726,Loyal
14411,1063.0,1,2011-02-02 10:56:00,2011-02-02 10:56:00,1,1063.0,Lost
14412,1426.19,3,2010-10-11 12:33:00,2011-10-28 10:45:00,381,475.3966666666667,Loyal
14413,770.37,4,2010-01-19 14:27:00,2010-12-12 13:37:00,326,192.5925,At risk
14414,2399.33,8,2010-11-30 10:12:00,2011-09-09 12:09:00,283,299.91625,Loyal
14415,10995.65,22,2009-12-16 14:08:00,2011-11-20 15:52:00,704,499.80227272727274,Champions
14416,490.22,2,2011-10-28 15:10:00,2011-11-17 15:22:00,20,245.11,New customers
14417,604.2,1,2010-11-17 10:55:00,2010-11-17 10:55:00,1,604.2,Lost
14418,1039.9,2,2011-08-23 17:18:00,2011-11-14 13:55:00,82,519.95,New customers
14419,1260.91,7,2010-11-22 11:09:00,2011-11-29 11:22:00,372,180.13000000000002,Champions
14420,1639.17,4,2010-01-17 12:41:00,2011-09-01 18:07:00,592,409.7925,Loyal
14421,2469.37,6,2010-01-17 11:30:00,2011-10-13 13:24:00,634,411.56166666666667,Champions
14422,9889.51,18,2009-12-17 12:12:00,2011-11-22 14:59:00,705,549.4172222222222,Champions
14423,916.6099999999999,3,2010-01-14 11:49:00,2011-05-05 15:12:00,476,305.53666666666663,At risk
14424,322.08,1,2011-11-22 11:48:00,2011-11-22 11:48:00,1,322.08,New customers
14425,661.39,3,2009-12-02 11:31:00,2010-10-01 10:24:00,302,220.46333333333334,At risk
14426,11727.94,17,2010-03-04 14:36:00,2011-11-16 12:25:00,621,689.8788235294118,Champions
14427,1263.52,4,2010-03-18 09:49:00,2011-10-20 14:23:00,581,315.88,Loyal
14428,1244.83,5,2011-01-18 16:39:00,2011-12-02 13:17:00,317,248.96599999999998,Champions
14429,516.28,1,2010-11-01 10:08:00,2010-11-01 10:08:00,1,516.28,Lost
14430,1220.9,3,2010-04-11 15:59:00,2010-07-16 11:35:00,95,406.9666666666667,At risk
14431,2614.2,4,2010-01-21 10:49:00,2011-02-10 10:40:00,384,653.55,At risk
14432,2255.51,6,2011-09-11 14:09:00,2011-11-30 08:04:00,79,375.91833333333335,Champions
14433,289.6,1,2010-08-31 12:35:00,2010-08-31 12:35:00,1,289.6,Lost
14434,1372.8,6,2011-09-28 15:31:00,2011-11-18 08:56:00,50,228.79999999999998,Champions
14435,90.42,1,2010-07-26 12:33:00,2010-07-26 12:33:00,1,90.42,Lost
14436,271.70000000000005,2,2010-06-04 11:32:00,2011-09-02 10:13:00,454,135.85000000000002,Potential loyalists
14437,958.84,5,2010-05-05 12:20:00,2010-12-09 09:27:00,217,191.768,At risk
14438,131.9,1,2011-02-06 14:56:00,2011-02-06 14:56:00,1,131.9,Lost
14439,9443.04,5,2010-01-21 14:01:00,2011-01-24 11:39:00,367,1888.6080000000002,At risk
14440,6638.7300000000005,13,2009-12-02 12:13:00,2011-12-01 15:42:00,729,510.6715384615385,Champions
14441,4305.99,10,2010-01-18 10:40:00,2011-10-27 14:27:00,647,430.599,Champions
14442,5367.0199999999995,7,2010-01-18 12:59:00,2011-05-19 11:36:00,485,766.7171428571428,At risk
14443,2386.47,5,2010-11-25 14:18:00,2011-10-17 10:10:00,325,477.294,Champions
14444,132.04,1,2010-09-09 18:56:00,2010-09-09 18:56:00,1,132.04,Lost
14445,221.65,1,2010-09-10 11:09:00,2010-09-10 11:09:00,1,221.65,Lost
14446,1044.22,4,2010-11-18 12:08:00,2011-11-11 12:02:00,357,261.055,Loyal
14447,1711.73,6,2010-11-04 13:32:00,2011-11-21 08:28:00,381,285.28833333333336,Champions
14448,375.35,2,2010-12-10 17:26:00,2011-11-30 13:50:00,354,187.675,New customers
14449,2482.8,8,2010-09-29 13:15:00,2011-11-21 12:06:00,417,310.35,Champions
14450,1128.44,7,2010-04-08 12:09:00,2011-06-12 10:46:00,429,161.2057142857143,Loyal
14451,3308.77,12,2010-01-17 10:35:00,2011-10-10 13:38:00,631,275.73083333333335,Champions
14452,665.59,4,2010-07-06 13:13:00,2011-11-29 12:06:00,510,166.3975,Loyal
14453,119.93,1,2011-06-02 14:15:00,2011-06-02 14:15:00,1,119.93,Potential loyalists
14454,977.3,5,2009-12-06 12:56:00,2010-11-28 13:26:00,357,195.45999999999998,At risk
14455,628.21,4,2010-08-01 13:26:00,2010-10-03 15:48:00,63,157.0525,At risk
14456,2679.44,8,2011-07-20 13:06:00,2011-11-17 17:18:00,120,334.93,Champions
14457,113.64,1,2011-02-02 09:39:00,2011-02-02 09:39:00,1,113.64,Lost
14458,237.42,1,2010-11-24 12:43:00,2010-11-24 12:43:00,1,237.42,Lost
14459,5375.741,2,2010-02-26 13:26:00,2011-07-07 13:35:00,496,2687.8705,Potential loyalists
14460,1093.5,9,2009-12-15 19:06:00,2011-08-21 14:19:00,613,121.5,Loyal
14461,6713.5,13,2010-01-18 12:48:00,2011-07-14 17:11:00,542,516.4230769230769,Loyal
14462,2270.01,12,2010-10-03 14:13:00,2011-10-04 15:55:00,366,189.16750000000002,Loyal
14463,786.5699999999999,4,2010-07-28 11:35:00,2011-09-02 15:20:00,401,196.64249999999998,Loyal
14464,111.0,2,2010-03-22 15:20:00,2010-05-20 18:00:00,59,55.5,Lost
14465,3946.03,11,2010-01-07 15:03:00,2011-04-07 12:38:00,454,358.73,At risk
14466,4646.9,13,2009-12-13 15:44:00,2011-11-10 14:07:00,696,357.45384615384614,Champions
14467,2220.9900000000002,12,2009-12-02 12:44:00,2011-11-22 12:48:00,720,185.0825,Champions
14468,204.24,1,2009-12-06 12:21:00,2009-12-06 12:21:00,1,204.24,Lost
14469,2112.21,4,2010-01-29 11:12:00,2010-10-19 14:30:00,263,528.0525,At risk
14470,712.04,3,2010-10-05 12:39:00,2011-11-28 10:31:00,418,237.34666666666666,Loyal
14471,400.95,2,2009-12-07 12:26:00,2010-04-27 17:12:00,141,200.475,Lost
14472,2228.22,9,2010-01-19 13:09:00,2011-08-28 11:01:00,585,247.57999999999998,Loyal
14473,234.34000000000003,2,2011-03-02 13:56:00,2011-09-26 15:10:00,208,117.17000000000002,Potential loyalists
14474,1278.08,2,2010-05-09 12:12:00,2011-10-24 13:26:00,533,639.04,New customers
14475,1151.15,4,2010-10-27 09:20:00,2011-09-29 10:46:00,337,287.7875,Loyal
14476,215.7,1,2011-03-27 15:39:00,2011-03-27 15:39:00,1,215.7,Lost
14477,1969.6,7,2010-01-04 15:41:00,2011-11-20 11:11:00,684,281.37142857142857,Champions
14478,1276.66,4,2009-12-01 13:20:00,2010-11-22 15:29:00,356,319.165,At risk
14479,1299.11,4,2009-12-06 13:48:00,2011-03-31 09:07:00,479,324.7775,At risk
14480,1299.52,4,2009-12-21 16:32:00,2011-11-28 16:35:00,707,324.88,Loyal
14481,2311.4900000000002,5,2010-01-31 12:43:00,2011-06-28 10:38:00,512,462.29800000000006,Loyal
14482,4357.91,12,2010-08-26 14:13:00,2011-11-21 13:14:00,451,363.15916666666664,Champions
14483,257.1,2,2009-12-03 10:16:00,2011-03-03 10:26:00,455,128.55,Lost
14484,1070.98,4,2009-12-17 10:57:00,2011-10-20 14:11:00,672,267.745,Loyal
14485,165.75,1,2011-11-01 12:25:00,2011-11-01 12:25:00,1,165.75,New customers
14486,175.5,2,2010-06-04 10:30:00,2010-07-16 09:42:00,41,87.75,Lost
14487,1453.61,7,2010-11-25 13:36:00,2011-11-13 12:17:00,352,207.6585714285714,Champions
14488,1064.28,1,2011-10-03 09:30:00,2011-10-03 09:30:00,1,1064.28,Potential loyalists
14489,1574.93,4,2010-04-06 09:52:00,2011-05-16 14:51:00,405,393.7325,At risk
14490,1273.47,2,2010-10-07 11:36:00,2010-10-29 15:04:00,22,636.735,Lost
14491,468.13,2,2010-12-02 12:10:00,2011-06-17 15:22:00,197,234.065,Potential loyalists
14492,1921.91,7,2010-03-30 14:23:00,2010-10-05 13:21:00,188,274.55857142857144,At risk
14493,5130.15,10,2010-03-08 08:33:00,2011-12-02 16:14:00,634,513.015,Champions
14494,401.46,3,2009-12-08 13:25:00,2011-11-14 09:21:00,705,133.82,Loyal
14495,174.8,3,2010-02-18 08:49:00,2011-10-20 12:28:00,609,58.26666666666667,Loyal
14496,2668.23,7,2010-03-16 13:15:00,2011-02-01 09:01:00,321,381.17571428571426,At risk
14497,697.0600000000001,2,2010-02-04 09:59:00,2011-02-03 17:01:00,364,348.53000000000003,Lost
14498,3911.27,10,2010-06-07 16:05:00,2011-10-28 12:09:00,507,391.127,Champions
14499,2138.9700000000003,7,2010-08-27 11:57:00,2011-11-13 13:01:00,443,305.56714285714287,Champions
14500,356.85,3,2011-06-03 10:08:00,2011-09-12 16:45:00,101,118.95,Loyal
14501,251.21,2,2011-01-24 10:43:00,2011-06-09 12:02:00,136,125.605,Potential loyalists
14502,2470.67,11,2011-01-30 15:52:00,2011-11-20 11:50:00,293,224.60636363636365,Champions
14503,3205.51,5,2011-06-14 10:00:00,2011-12-02 14:46:00,171,641.1020000000001,Champions
14504,673.26,4,2011-03-06 14:38:00,2011-10-23 16:00:00,231,168.315,Loyal
14505,12001.84,19,2009-12-09 14:48:00,2011-11-22 15:45:00,713,631.6757894736842,Champions
14506,3290.67,7,2010-04-19 08:27:00,2011-11-22 13:02:00,582,470.0957142857143,Champions
14507,3284.43,11,2009-12-10 17:04:00,2011-11-16 12:21:00,705,298.58454545454543,Champions
14508,874.94,5,2010-06-17 13:02:00,2011-11-17 19:48:00,518,174.988,Champions
14509,110.95,1,2010-06-23 13:21:00,2010-06-23 13:21:00,1,110.95,Lost
14510,1007.28,3,2010-09-29 13:35:00,2010-11-29 12:46:00,60,335.76,At risk
14511,1314.81,5,2011-07-29 12:13:00,2011-11-28 17:05:00,122,262.962,Champions
14512,1223.47,7,2009-12-07 13:49:00,2011-06-05 12:39:00,544,174.78142857142856,Loyal
14513,788.01,6,2010-05-20 17:57:00,2011-08-31 11:25:00,467,131.335,Loyal
14514,4598.9800000000005,9,2009-12-13 13:21:00,2011-10-09 16:05:00,665,510.99777777777786,Champions
14515,3749.2599999999998,12,2010-06-07 12:37:00,2011-11-22 11:37:00,532,312.43833333333333,Champions
14516,163.92,1,2010-07-11 14:07:00,2010-07-11 14:07:00,1,163.92,Lost
14517,330.45,2,2011-07-21 11:42:00,2011-11-06 14:20:00,108,165.225,New customers
14518,174.37,1,2011-10-06 14:43:00,2011-10-06 14:43:00,1,174.37,New customers
14519,206.09,2,2009-12-11 10:40:00,2010-01-25 11:18:00,45,103.045,Lost
14520,165.0,1,2011-02-22 09:15:00,2011-02-22 09:15:00,1,165.0,Lost
14521,199.45000000000002,1,2010-08-05 16:35:00,2010-08-05 16:35:00,1,199.45000000000002,Lost
14522,1758.6200000000001,8,2010-01-24 13:55:00,2011-11-15 13:24:00,659,219.82750000000001,Champions
14523,241.09,1,2011-08-23 13:13:00,2011-08-23 13:13:00,1,241.09,Potential loyalists
14524,2933.71,13,2010-10-19 11:44:00,2011-11-08 12:29:00,385,225.67000000000002,Champions
14525,8240.64,17,2009-12-13 14:01:00,2011-11-20 11:37:00,706,484.74352941176465,Champions
14526,262.4,1,2010-11-15 13:32:00,2010-11-15 13:32:00,1,262.4,Lost
14527,27430.96,121,2009-12-02 12:06:00,2011-12-01 12:25:00,729,226.70214876033057,Champions
14528,364.21999999999997,1,2011-11-02 17:09:00,2011-11-02 17:09:00,1,364.21999999999997,New customers
14529,620.04,3,2011-08-21 14:10:00,2011-10-10 15:27:00,50,206.67999999999998,Loyal
14530,6197.4,16,2010-01-21 11:25:00,2011-11-14 10:38:00,661,387.3375,Champions
14531,376.34,1,2010-08-17 10:16:00,2010-08-17 10:16:00,1,376.34,Lost
14532,3859.1800000000003,11,2010-01-10 11:47:00,2011-04-17 13:05:00,462,350.8345454545455,At risk
14533,3466.37,11,2010-04-08 12:13:00,2011-11-15 12:05:00,585,315.12454545454545,Champions
14534,6140.29,25,2010-03-15 14:16:00,2011-11-22 11:24:00,616,245.6116,Champions
14535,6030.7300000000005,9,2010-02-24 15:03:00,2011-10-10 15:39:00,593,670.0811111111111,Champions
14536,171.8,1,2011-03-25 12:21:00,2011-03-25 12:21:00,1,171.8,Lost
14537,641.4,2,2010-03-26 13:44:00,2011-10-13 10:54:00,565,320.7,New customers
14538,1370.8400000000001,5,2010-01-25 15:42:00,2011-10-06 10:31:00,618,274.168,Loyal
14539,537.48,2,2011-10-26 12:03:00,2011-11-24 09:50:00,28,268.74,New customers
14540,3795.34,11,2009-12-07 13:00:00,2011-11-30 10:15:00,722,345.0309090909091,Champions
14541,2499.68,14,2010-01-07 11:59:00,2011-10-12 10:08:00,642,178.54857142857142,Champions
14542,103.25,1,2011-06-07 08:19:00,2011-06-07 08:19:00,1,103.25,Potential loyalists
14543,14906.77,39,2009-12-01 13:47:00,2011-11-11 12:45:00,709,382.22487179487183,Champions
14544,2982.43,3,2010-08-26 16:00:00,2011-11-15 15:06:00,445,994.1433333333333,Loyal
14545,349.25,1,2010-02-03 15:23:00,2010-02-03 15:23:00,1,349.25,Lost
14546,5197.9,11,2009-12-06 13:10:00,2011-12-04 13:00:00,727,472.5363636363636,Champions
14547,3528.04,6,2011-10-16 14:35:00,2011-11-27 13:49:00,41,588.0066666666667,Champions
14548,2627.49,9,2009-12-06 14:00:00,2011-07-12 12:19:00,582,291.9433333333333,Loyal
14549,916.5500000000001,4,2009-12-02 14:06:00,2011-02-01 13:47:00,425,229.13750000000002,At risk
14550,1353.31,4,2010-08-13 12:05:00,2011-11-29 12:12:00,473,338.3275,Loyal
14551,880.04,7,2010-01-27 12:06:00,2011-11-21 13:36:00,663,125.72,Champions
14552,511.28000000000003,3,2010-04-26 13:44:00,2011-07-11 12:49:00,440,170.42666666666668,Loyal
14553,1841.54,9,2010-07-18 12:07:00,2011-11-20 13:20:00,490,204.61555555555555,Champions
14554,2381.04,4,2011-10-18 13:04:00,2011-11-29 16:44:00,42,595.26,Loyal
14555,2315.63,6,2009-12-18 11:39:00,2011-10-13 16:24:00,664,385.93833333333333,Champions
14556,835.34,3,2010-01-20 11:49:00,2010-04-22 14:57:00,92,278.44666666666666,At risk
14557,788.38,1,2011-09-15 15:48:00,2011-09-15 15:48:00,1,788.38,Potential loyalists
14558,655.5,3,2009-12-08 10:41:00,2010-02-23 12:51:00,77,218.5,At risk
14559,75.6,1,2010-11-14 16:05:00,2010-11-14 16:05:00,1,75.6,Lost
14560,6114.03,44,2009-12-02 10:15:00,2011-12-02 15:22:00,730,138.95522727272726,Champions
14561,1080.76,3,2011-06-08 13:26:00,2011-09-25 12:39:00,108,360.25333333333333,Loyal
14562,6406.08,24,2010-02-07 14:10:00,2011-11-28 14:39:00,659,266.92,Champions
14563,679.44,2,2010-04-26 12:51:00,2010-07-18 12:01:00,82,339.72,Lost
14564,2605.62,2,2009-12-04 09:27:00,2010-10-01 09:02:00,300,1302.81,Lost
14565,3859.2200000000003,5,2010-08-23 09:48:00,2011-09-05 09:07:00,377,771.844,Loyal
14566,4092.0,4,2010-06-24 10:34:00,2011-08-21 11:05:00,423,1023.0,Loyal
14567,1530.3600000000001,2,2011-08-01 13:48:00,2011-10-14 10:21:00,73,765.1800000000001,New customers
14568,919.7,1,2010-09-30 17:15:00,2010-09-30 17:15:00,1,919.7,Lost
14569,371.59,3,2010-04-15 11:49:00,2010-09-13 10:51:00,150,123.86333333333333,At risk
14570,613.75,3,2010-09-22 13:07:00,2011-03-04 10:58:00,162,204.58333333333334,At risk
14571,161.65,1,2010-10-10 15:06:00,2010-10-10 15:06:00,1,161.65,Lost
14572,5480.13,10,2010-03-28 13:47:00,2011-10-30 14:04:00,581,548.013,Champions
14573,2621.42,13,2010-01-08 16:34:00,2011-06-13 11:15:00,520,201.64769230769232,Loyal
14574,143.70000000000002,1,2009-12-07 12:42:00,2009-12-07 12:42:00,1,143.70000000000002,Lost
14575,460.71,1,2010-08-08 14:51:00,2010-08-08 14:51:00,1,460.71,Lost
14576,70.80000000000001,1,2010-12-02 17:51:00,2010-12-02 17:51:00,1,70.80000000000001,Lost
14577,1374.25,7,2009-12-11 12:09:00,2011-11-27 12:47:00,716,196.32142857142858,Champions
14579,105.56,1,2010-10-03 14:36:00,2010-10-03 14:36:00,1,105.56,Lost
14580,14.850000000000001,1,2010-07-09 15:20:00,2010-07-09 15:20:00,1,14.850000000000001,Lost
14581,433.8,2,2010-06-13 15:48:00,2011-11-23 12:39:00,527,216.9,New customers
14582,114.11,1,2011-10-30 11:56:00,2011-10-30 11:56:00,1,114.11,New customers
14583,1781.03,8,2010-03-28 15:16:00,2011-12-04 12:32:00,615,222.62875,Champions
14584,1747.91,8,2010-02-17 14:01:00,2011-06-23 18:33:00,491,218.48875,Loyal
14585,1143.27,5,2010-10-19 12:17:00,2011-10-20 14:33:00,366,228.654,Champions
14586,237.36,1,2011-03-08 10:04:00,2011-03-08 10:04:00,1,237.36,Lost
14587,1601.14,9,2011-01-12 13:16:00,2011-11-21 11:34:00,312,177.90444444444447,Champions
14588,135.39,1,2010-05-10 15:08:00,2010-05-10 15:08:00,1,135.39,Lost
14589,79.5,1,2010-12-03 11:42:00,2010-12-03 11:42:00,1,79.5,Lost
14590,3006.62,20,2009-12-07 14:10:00,2010-10-11 12:06:00,307,150.331,At risk
14591,1447.14,4,2011-05-10 14:09:00,2011-11-24 13:57:00,197,361.785,Loyal
14592,570.46,3,2011-10-06 18:08:00,2011-11-04 16:35:00,28,190.15333333333334,Loyal
14593,3712.0099999999998,12,2009-12-09 12:57:00,2011-11-18 12:48:00,708,309.33416666666665,Champions
14594,634.83,2,2010-12-01 13:54:00,2011-12-02 13:28:00,365,317.415,New customers
14595,2164.45,8,2010-01-20 13:59:00,2011-11-20 12:12:00,668,270.55625,Champions
14596,229.47,1,2010-03-23 12:13:00,2010-03-23 12:13:00,1,229.47,Lost
14597,2201.54,6,2010-09-28 13:17:00,2011-11-28 13:13:00,425,366.92333333333335,Champions
14598,384.04,2,2010-05-19 13:07:00,2011-10-26 13:19:00,525,192.02,New customers
14599,474.54,2,2010-07-18 15:54:00,2010-11-14 14:49:00,118,237.27,Lost
14600,865.1700000000001,2,2010-11-11 15:56:00,2011-02-07 09:48:00,87,432.58500000000004,Lost
14601,213.96,1,2011-11-29 09:48:00,2011-11-29 09:48:00,1,213.96,New customers
14602,205.35999999999999,1,2010-02-21 15:47:00,2010-02-21 15:47:00,1,205.35999999999999,Lost
14603,660.0,1,2011-03-10 10:27:00,2011-03-10 10:27:00,1,660.0,Lost
14604,143.85999999999999,1,2010-03-16 13:00:00,2010-03-16 13:00:00,1,143.85999999999999,Lost
14605,937.16,4,2009-12-08 13:59:00,2010-11-30 14:07:00,357,234.29,At risk
14606,30505.35,190,2009-12-03 12:40:00,2011-11-30 14:00:00,727,160.5544736842105,Champions
14607,24137.63,22,2009-12-15 11:25:00,2011-11-24 10:35:00,708,1097.165,Champions
14608,2845.39,10,2009-12-06 12:34:00,2011-11-10 18:37:00,704,284.539,Champions
14609,1486.2,10,2010-02-09 09:48:00,2011-09-28 12:54:00,596,148.62,Loyal
14610,24.35,2,2010-07-13 16:06:00,2010-11-09 10:58:00,118,12.175,Lost
14611,604.3299999999999,2,2010-04-20 10:19:00,2010-09-22 09:19:00,154,302.16499999999996,Lost
14612,877.7,1,2010-10-20 16:01:00,2010-10-20 16:01:00,1,877.7,Lost
14613,76.32000000000001,1,2010-01-28 13:02:00,2010-01-28 13:02:00,1,76.32000000000001,Lost
14614,295.13,1,2010-11-18 13:04:00,2010-11-18 13:04:00,1,295.13,Lost
14615,951.76,5,2010-06-09 13:59:00,2010-11-10 13:36:00,153,190.352,At risk
14616,527.78,5,2010-06-09 09:42:00,2011-04-11 09:54:00,306,105.556,At risk
14617,190.47000000000003,2,2010-10-20 10:40:00,2010-11-02 11:41:00,13,95.23500000000001,Lost
14618,1342.32,7,2010-06-11 10:11:00,2011-11-30 13:45:00,537,191.76,Champions
14619,1291.24,2,2010-06-16 14:41:00,2011-04-08 07:37:00,295,645.62,Lost
14620,412.78000000000003,2,2011-03-01 08:30:00,2011-05-18 11:58:00,78,206.39000000000001,Lost
14621,2697.71,8,2010-01-25 09:08:00,2011-11-09 15:02:00,653,337.21375,Champions
14622,320.58000000000004,1,2011-06-08 12:42:00,2011-06-08 12:42:00,1,320.58000000000004,Potential loyalists
14623,2059.58,10,2010-04-16 17:12:00,2011-11-07 13:56:00,569,205.958,Champions
14624,814.07,6,2010-04-14 10:44:00,2011-10-13 13:44:00,547,135.67833333333334,Champions
14625,4497.88,11,2009-12-16 13:23:00,2011-05-27 15:32:00,527,408.89818181818185,Loyal
14626,5410.92,11,2009-12-10 14:57:00,2011-11-16 10:37:00,705,491.9018181818182,Champions
14627,462.75,1,2010-11-25 16:32:00,2010-11-25 16:32:00,1,462.75,Lost
14628,1998.0,5,2010-01-25 14:40:00,2011-09-09 14:58:00,592,399.6,Loyal
14629,604.83,1,2011-10-23 16:13:00,2011-10-23 16:13:00,1,604.83,New customers
14630,338.65,1,2010-08-12 16:38:00,2010-08-12 16:38:00,1,338.65,Lost
14631,2025.69,6,2010-08-09 14:45:00,2011-10-20 11:17:00,436,337.615,Champions
14632,114.56,1,2011-03-22 08:49:00,2011-03-22 08:49:00,1,114.56,Lost
14633,344.90000000000003,1,2011-03-18 17:07:00,2011-03-18 17:07:00,1,344.90000000000003,Lost
14634,2124.46,4,2010-06-16 09:48:00,2010-09-28 10:40:00,104,531.115,At risk
14635,215.22,1,2010-09-12 10:47:00,2010-09-12 10:47:00,1,215.22,Lost
14636,609.85,2,2011-03-16 09:52:00,2011-11-03 16:12:00,232,304.925,New customers
14637,106.67999999999999,1,2010-01-31 15:52:00,2010-01-31 15:52:00,1,106.67999999999999,Lost
14638,443.6,1,2011-10-20 10:10:00,2011-10-20 10:10:00,1,443.6,New customers
14639,4978.96,9,2010-02-16 12:35:00,2011-10-18 15:06:00,609,553.2177777777778,Champions
14640,3667.06,10,2010-01-22 15:44:00,2011-11-15 13:07:00,661,366.706,Champions
14641,110.46,1,2011-11-18 10:42:00,2011-11-18 10:42:00,1,110.46,New customers
14642,96.12,1,2011-10-12 11:08:00,2011-10-12 11:08:00,1,96.12,New customers
14643,1679.89,5,2009-12-11 11:52:00,2011-06-22 14:41:00,558,335.978,Loyal
14644,2247.72,7,2009-12-03 16:24:00,2011-10-03 08:30:00,668,321.1028571428571,Loyal
14645,876.89,3,2010-03-15 11:33:00,2011-07-06 09:15:00,477,292.2966666666667,Loyal
14646,516874.5,148,2009-12-02 16:52:00,2011-11-23 11:06:00,720,3492.3952702702704,Champions
14647,519.97,2,2010-07-04 13:27:00,2011-05-22 13:40:00,322,259.985,Lost
14648,4546.86,15,2009-12-10 13:59:00,2010-10-19 13:12:00,312,303.12399999999997,At risk
14649,3261.32,8,2010-01-20 13:10:00,2011-09-28 15:42:00,616,407.665,Loyal
14650,62.5,1,2010-04-29 20:27:00,2010-04-29 20:27:00,1,62.5,Lost
14651,2034.1200000000001,9,2010-03-18 11:39:00,2011-10-03 15:52:00,564,226.01333333333335,Loyal
14652,114.18,1,2011-09-23 14:21:00,2011-09-23 14:21:00,1,114.18,Potential loyalists
14653,3211.51,11,2009-12-02 11:51:00,2011-11-30 10:14:00,727,291.9554545454546,Champions
14654,246.86,1,2009-12-01 12:57:00,2009-12-01 12:57:00,1,246.86,Lost
14655,3878.51,7,2010-04-22 14:29:00,2011-12-01 16:28:00,588,554.0728571428572,Champions
14656,814.65,5,2010-04-15 12:10:00,2011-06-23 13:51:00,434,162.93,Loyal
14657,1460.8700000000001,6,2010-09-30 19:57:00,2011-11-22 12:47:00,417,243.47833333333335,Champions
14658,123.14,1,2011-08-14 15:42:00,2011-08-14 15:42:00,1,123.14,Potential loyalists
14659,2529.93,9,2011-01-28 12:43:00,2011-12-01 12:17:00,306,281.1033333333333,Champions
14660,285.74,2,2011-08-31 10:40:00,2011-09-14 11:34:00,14,142.87,Potential loyalists
14661,107.95,1,2011-11-13 11:51:00,2011-11-13 11:51:00,1,107.95,New customers
14662,1416.33,7,2009-12-03 16:47:00,2011-11-11 12:13:00,707,202.33285714285714,Champions
14663,490.6,2,2010-10-05 13:12:00,2010-10-05 13:21:00,1,245.3,Lost
14664,637.89,2,2011-11-06 14:56:00,2011-11-20 10:59:00,13,318.945,New customers
14665,2749.65,7,2010-04-26 11:17:00,2011-10-10 09:14:00,531,392.8071428571429,Champions
14666,195.25,1,2011-11-15 12:57:00,2011-11-15 12:57:00,1,195.25,New customers
14667,21927.14,54,2009-12-02 12:38:00,2011-11-29 11:30:00,726,406.0581481481481,Champions
14668,111.63,1,2010-09-20 15:03:00,2010-09-20 15:03:00,1,111.63,Lost
14669,3243.93,7,2009-12-02 13:06:00,2011-04-12 11:43:00,495,463.4185714285714,At risk
14670,602.0,3,2009-12-07 13:59:00,2011-03-04 14:13:00,452,200.66666666666666,At risk
14671,1127.45,2,2010-05-20 18:21:00,2010-06-08 13:39:00,18,563.725,Lost
14672,1113.14,4,2010-01-28 11:33:00,2011-04-19 10:19:00,445,278.285,At risk
14673,3044.04,6,2010-10-26 10:14:00,2011-11-30 12:36:00,400,507.34,Champions
14674,173.66,1,2010-07-18 14:25:00,2010-07-18 14:25:00,1,173.66,Lost
14675,1066.9,2,2010-11-16 12:22:00,2011-11-23 12:58:00,372,533.45,New customers
14676,8356.79,12,2010-03-10 09:30:00,2011-11-08 13:29:00,608,696.3991666666667,Champions
14677,184.91,1,2010-04-26 09:48:00,2010-04-26 09:48:00,1,184.91,Lost
14678,403.39,1,2010-05-09 14:32:00,2010-05-09 14:32:00,1,403.39,Lost
14679,1289.44,3,2009-12-08 17:13:00,2010-11-23 11:51:00,349,429.81333333333333,At risk
14680,57412.77,58,2009-12-04 12:36:00,2011-11-14 16:59:00,710,989.8753448275861,Champions
14681,875.1500000000001,6,2010-02-24 08:54:00,2011-09-29 15:52:00,582,145.85833333333335,Loyal
14682,1514.81,6,2010-02-05 14:47:00,2011-06-05 12:12:00,484,252.46833333333333,Loyal
14683,146.56,1,2010-04-30 17:18:00,2010-04-30 17:18:00,1,146.56,Lost
14684,1468.55,6,2010-11-14 14:07:00,2011-11-14 11:33:00,364,244.75833333333333,Champions
14685,4619.79,8,2009-12-13 11:32:00,2010-05-12 13:08:00,150,577.47375,At risk
14686,885.83,5,2010-02-18 18:29:00,2010-10-21 18:31:00,245,177.166,At risk
14687,1402.06,3,2010-06-06 10:36:00,2011-08-25 11:59:00,445,467.3533333333333,Loyal
14688,7713.57,28,2010-09-09 12:35:00,2011-12-02 12:26:00,448,275.48464285714283,Champions
14689,112.8,1,2011-05-15 11:22:00,2011-05-15 11:22:00,1,112.8,Lost
14690,794.33,4,2010-10-25 12:20:00,2011-10-26 15:39:00,366,198.5825,Loyal
14691,2114.33,5,2011-05-11 09:55:00,2011-11-09 12:30:00,182,422.866,Champions
14692,1745.09,12,2010-04-01 14:04:00,2011-07-25 15:08:00,480,145.42416666666665,Loyal
14693,1165.36,7,2010-07-02 08:28:00,2011-03-20 12:50:00,261,166.48,At risk
14694,244.31,1,2010-04-01 19:46:00,2010-04-01 19:46:00,1,244.31,Lost
14695,1620.07,3,2009-12-07 11:05:00,2010-07-08 14:18:00,213,540.0233333333333,At risk
14696,2467.36,7,2010-10-14 11:43:00,2011-09-29 15:04:00,350,352.48,Loyal
14697,188.60999999999999,2,2011-05-05 15:29:00,2011-05-05 15:39:00,1,94.30499999999999,Lost
14698,1093.6,4,2011-10-19 12:54:00,2011-11-24 11:10:00,35,273.4,Loyal
14699,702.6,4,2010-07-02 12:04:00,2011-05-09 14:54:00,311,175.65,At risk
14700,3116.26,5,2010-08-11 12:19:00,2011-11-07 14:40:00,453,623.2520000000001,Champions
14701,4562.09,15,2010-01-24 12:15:00,2011-11-29 12:38:00,674,304.13933333333335,Champions
14702,6554.93,28,2009-12-10 20:22:00,2011-12-01 19:33:00,720,234.10464285714286,Champions
14703,318.17,1,2011-11-25 09:23:00,2011-11-25 09:23:00,1,318.17,New customers
14704,1813.57,11,2010-03-25 17:21:00,2011-11-28 12:51:00,612,164.87,Champions
14705,179.0,1,2011-05-25 12:39:00,2011-05-25 12:39:00,1,179.0,Lost
14706,390.69,1,2010-03-31 11:09:00,2010-03-31 11:09:00,1,390.69,Lost
14707,139.2,2,2010-05-12 11:07:00,2010-09-30 11:37:00,141,69.6,Lost
14708,1787.09,4,2010-09-10 10:26:00,2011-07-08 16:08:00,301,446.7725,Loyal
14709,8886.33,25,2009-12-05 15:26:00,2011-11-24 15:41:00,719,355.4532,Champions
14710,1922.59,13,2009-12-03 17:12:00,2011-11-25 14:53:00,721,147.89153846153846,Champions
14711,2868.8,11,2011-03-22 13:32:00,2011-11-29 14:58:00,252,260.8,Champions
14712,1328.0700000000002,4,2010-10-17 14:49:00,2011-11-10 12:59:00,388,332.01750000000004,Loyal
14713,5418.87,21,2009-12-03 19:22:00,2011-11-30 16:26:00,726,258.0414285714286,Champions
14714,906.24,4,2010-01-21 11:51:00,2011-11-15 13:07:00,663,226.56,Loyal
14715,1840.45,8,2010-01-19 12:18:00,2011-11-15 12:10:00,664,230.05625,Champions
14716,565.45,3,2010-09-21 12:07:00,2011-10-27 17:29:00,401,188.48333333333335,Loyal
14717,81.3,1,2009-12-06 13:05:00,2009-12-06 13:05:00,1,81.3,Lost
14718,226.42,1,2010-10-25 13:07:00,2010-10-25 13:07:00,1,226.42,Lost
14719,1195.71,4,2011-04-04 14:17:00,2011-11-29 12:52:00,238,298.9275,Loyal
14720,663.81,3,2011-08-05 12:06:00,2011-12-04 12:02:00,120,221.26999999999998,Loyal
14721,115.77,1,2010-11-25 13:08:00,2010-11-25 13:08:00,1,115.77,Lost
14722,513.37,3,2010-08-10 13:28:00,2011-07-15 14:58:00,339,171.12333333333333,Loyal
14723,2093.06,11,2009-12-04 11:22:00,2011-11-29 15:23:00,725,190.27818181818182,Champions
14724,345.25,1,2010-04-28 13:26:00,2010-04-28 13:26:00,1,345.25,Lost
14725,1315.24,4,2010-06-23 11:34:00,2011-11-15 12:42:00,510,328.81,Loyal
14726,124.75,1,2010-02-23 12:35:00,2010-02-23 12:35:00,1,124.75,Lost
14727,467.92999999999995,3,2010-06-11 13:23:00,2011-03-10 14:45:00,272,155.97666666666666,At risk
14728,190.58,1,2010-10-22 15:57:00,2010-10-22 15:57:00,1,190.58,Lost
14729,907.38,3,2010-03-24 13:30:00,2010-12-01 12:43:00,251,302.46,At risk
14730,1760.13,7,2011-03-08 12:49:00,2011-10-05 13:47:00,211,251.44714285714286,Loyal
14731,380.02,3,2011-05-11 13:06:00,2011-10-23 15:54:00,165,126.67333333333333,Loyal
14732,5517.07,19,2009-12-09 10:48:00,2011-12-01 14:34:00,722,290.3721052631579,Champions
14733,16184.97,15,2010-11-02 15:42:00,2011-11-23 15:39:00,385,1078.998,Champions
14734,1056.42,4,2010-06-06 15:15:00,2010-10-10 12:04:00,125,264.105,At risk
14735,11682.72,55,2009-12-04 11:32:00,2011-11-28 12:32:00,724,212.4130909090909,Champions
14736,401.08,2,2010-08-11 15:13:00,2010-08-11 15:21:00,1,200.54,Lost
14737,3471.37,3,2010-11-04 11:29:00,2011-08-03 10:04:00,271,1157.1233333333332,Loyal
14738,1821.9,9,2009-12-07 10:21:00,2011-10-28 08:56:00,689,202.43333333333334,Champions
14739,11752.54,24,2009-12-02 13:23:00,2011-11-20 10:37:00,717,489.6891666666667,Champions
14740,4161.06,11,2010-02-25 11:40:00,2011-05-26 18:17:00,455,378.27818181818185,Loyal
14741,1897.59,7,2010-10-18 09:33:00,2011-11-28 08:48:00,405,271.0842857142857,Champions
14742,579.85,1,2010-09-30 14:07:00,2010-09-30 14:07:00,1,579.85,Lost
14743,50.48,1,2010-04-26 10:26:00,2010-04-26 10:26:00,1,50.48,Lost
14744,3885.08,14,2010-05-18 14:06:00,2011-11-23 12:51:00,553,277.5057142857143,Champions
14745,2571.81,12,2010-03-12 10:33:00,2011-08-19 10:05:00,524,214.3175,Loyal
14746,593.5,4,2010-10-12 11:06:00,2010-10-29 14:44:00,17,148.375,At risk
14747,328.2,1,2011-04-04 14:09:00,2011-04-04 14:09:00,1,328.2,Lost
14748,3152.32,10,2010-03-04 17:08:00,2011-11-10 18:33:00,616,315.232,Champions
14749,310.15,1,2010-08-17 12:36:00,2010-08-17 12:36:00,1,310.15,Lost
14750,112.03,1,2009-12-03 17:57:00,2009-12-03 17:57:00,1,112.03,Lost
14751,126.45,2,2009-12-13 14:08:00,2010-01-24 13:37:00,41,63.225,Lost
14752,389.64,1,2011-10-27 11:55:00,2011-10-27 11:55:00,1,389.64,New customers
14753,869.51,2,2010-09-05 11:04:00,2011-09-13 14:50:00,373,434.755,Potential loyalists
14754,1550.48,6,2010-01-18 11:04:00,2011-10-26 12:01:00,646,258.41333333333336,Champions
14755,9972.550000000001,25,2009-12-03 16:51:00,2011-11-30 11:24:00,726,398.90200000000004,Champions
14756,2653.76,3,2010-10-11 11:50:00,2011-11-24 18:13:00,409,884.5866666666667,Loyal
14757,420.5,1,2011-09-25 14:36:00,2011-09-25 14:36:00,1,420.5,Potential loyalists
14758,2864.97,7,2010-04-08 08:27:00,2011-07-18 08:21:00,465,409.28142857142853,Loyal
14759,870.85,2,2011-04-21 10:55:00,2011-08-19 08:57:00,119,435.425,Potential loyalists
14760,89.2,1,2011-02-15 16:27:00,2011-02-15 16:27:00,1,89.2,Lost
14761,447.92,3,2010-09-21 14:22:00,2011-10-12 12:10:00,385,149.30666666666667,Loyal
14762,417.57,2,2010-03-23 15:36:00,2011-03-21 08:20:00,362,208.785,Lost
14764,278.3,1,2011-10-24 11:54:00,2011-10-24 11:54:00,1,278.3,New customers
14765,254.11,3,2011-06-16 19:49:00,2011-11-10 19:53:00,147,84.70333333333333,Loyal
14766,6556.13,11,2010-06-06 11:11:00,2011-12-01 16:05:00,543,596.0118181818182,Champions
14767,382.81,1,2010-08-22 14:54:00,2010-08-22 14:54:00,1,382.81,Lost
14768,192.60000000000002,2,2011-08-04 13:25:00,2011-11-22 12:54:00,109,96.30000000000001,New customers
14769,15429.91,16,2009-12-16 09:17:00,2011-09-18 15:33:00,641,964.369375,Loyal
14770,3637.64,8,2010-02-25 18:58:00,2011-04-21 14:21:00,419,454.705,At risk
14771,594.62,2,2009-12-03 09:44:00,2010-03-28 12:52:00,115,297.31,Lost
14772,139.26,1,2011-08-19 15:04:00,2011-08-19 15:04:00,1,139.26,Potential loyalists
14773,140.55,1,2010-04-26 10:29:00,2010-04-26 10:29:00,1,140.55,Lost
14774,241.45,1,2010-06-29 12:26:00,2010-06-29 12:26:00,1,241.45,Lost
14775,1418.46,3,2010-12-02 16:38:00,2011-10-12 15:27:00,313,472.82,Loyal
14776,3708.3,15,2010-09-19 14:12:00,2011-10-19 15:34:00,395,247.22,Champions
14777,307.56,1,2010-11-01 12:50:00,2010-11-01 12:50:00,1,307.56,Lost
14778,730.86,2,2011-02-04 11:43:00,2011-08-04 15:23:00,181,365.43,Potential loyalists
14779,386.15,3,2011-01-20 12:04:00,2011-03-04 12:42:00,43,128.71666666666667,At risk
14780,447.68,2,2011-09-21 15:15:00,2011-10-16 12:46:00,24,223.84,New customers
14782,200.10000000000002,1,2011-01-24 11:12:00,2011-01-24 11:12:00,1,200.10000000000002,Lost
14783,307.3,1,2010-02-18 16:16:00,2010-02-18 16:16:00,1,307.3,Lost
14784,449.93,3,2010-11-15 09:49:00,2011-11-13 13:30:00,363,149.97666666666666,Loyal
14785,77.4,2,2011-11-24 13:40:00,2011-11-29 13:21:00,4,38.7,New customers
14786,90.96,1,2010-06-07 13:42:00,2010-06-07 13:42:00,1,90.96,Lost
14787,110.65,1,2010-08-25 14:38:00,2010-08-25 14:38:00,1,110.65,Lost
14788,1156.32,3,2010-04-22 18:16:00,2011-12-02 17:06:00,588,385.44,Loyal
14789,197.64,1,2011-11-11 08:59:00,2011-11-11 08:59:00,1,197.64,New customers
14790,2526.62,10,2009-12-11 14:37:00,2011-11-23 09:28:00,711,252.66199999999998,Champions
14791,303.63,1,2010-04-12 10:24:00,2010-04-12 10:24:00,1,303.63,Lost
14792,6.2,1,2011-10-07 09:19:00,2011-10-07 09:19:00,1,6.2,New customers
14793,625.9,2,2010-06-22 16:54:00,2011-11-18 14:50:00,513,312.95,New customers
14794,1749.04,9,2010-08-09 15:44:00,2011-11-30 09:00:00,477,194.33777777777777,Champions
14795,131.45000000000002,1,2011-06-26 13:04:00,2011-06-26 13:04:00,1,131.45000000000002,Potential loyalists
14796,10462.41,26,2009-12-14 15:06:00,2011-11-17 13:30:00,702,402.4003846153846,Champions
14797,300.31,1,2010-07-20 14:07:00,2010-07-20 14:07:00,1,300.31,Lost
14798,724.31,8,2010-03-01 08:38:00,2011-10-18 10:58:00,596,90.53875,Champions
14799,338.15,2,2009-12-02 11:18:00,2011-10-19 16:16:00,686,169.075,New customers
14800,7774.32,17,2010-09-30 14:38:00,2011-10-23 12:46:00,387,457.3129411764706,Champions
14801,193.14,1,2011-10-09 15:24:00,2011-10-09 15:24:00,1,193.14,New customers
14802,1502.98,2,2010-09-27 16:32:00,2010-09-27 16:34:00,1,751.49,Lost
14803,845.55,3,2011-02-20 13:21:00,2011-06-30 13:58:00,130,281.84999999999997,Loyal
14804,353.27,1,2011-12-01 11:20:00,2011-12-01 11:20:00,1,353.27,New customers
14805,1104.64,7,2010-03-28 12:34:00,2011-11-24 16:20:00,606,157.8057142857143,Champions
14806,303.43,2,2010-09-26 15:50:00,2011-09-25 15:32:00,363,151.715,Potential loyalists
14807,519.29,2,2010-02-28 11:33:00,2010-11-14 12:47:00,259,259.645,Lost
14808,2741.17,8,2011-06-20 12:53:00,2011-10-31 12:21:00,132,342.64625,Champions
14809,686.76,2,2010-03-28 15:42:00,2010-03-28 15:44:00,1,343.38,Lost
14810,2537.02,13,2010-10-06 13:12:00,2011-10-30 11:19:00,388,195.1553846153846,Champions
14811,170.5,1,2010-11-17 13:09:00,2010-11-17 13:09:00,1,170.5,Lost
14812,185.8,1,2010-04-20 12:13:00,2010-04-20 12:13:00,1,185.8,Lost
14813,1090.87,4,2010-04-08 11:49:00,2010-12-05 11:57:00,241,272.7175,At risk
14814,160.46,1,2010-05-07 14:10:00,2010-05-07 14:10:00,1,160.46,Lost
14815,778.5,2,2011-10-03 11:36:00,2011-11-03 11:36:00,31,389.25,New customers
14816,271.85,1,2011-05-26 13:16:00,2011-05-26 13:16:00,1,271.85,Potential loyalists
14817,3959.86,7,2010-03-22 12:10:00,2011-05-23 13:35:00,427,565.6942857142857,At risk
14818,1170.41,6,2010-03-02 12:48:00,2011-09-27 11:01:00,573,195.06833333333336,Loyal
14819,470.16,4,2009-12-21 15:54:00,2011-10-06 13:41:00,653,117.54,Loyal
14820,1274.76,9,2010-01-31 12:49:00,2011-11-18 15:41:00,656,141.64,Champions
14821,1286.45,7,2010-02-01 13:33:00,2010-12-08 08:43:00,309,183.77857142857144,At risk
14822,157.70000000000002,1,2010-08-11 12:52:00,2010-08-11 12:52:00,1,157.70000000000002,Lost
14823,321.43,3,2011-05-29 12:48:00,2011-06-12 13:12:00,14,107.14333333333333,Loyal
14824,4022.9100000000003,10,2010-03-12 13:07:00,2011-11-29 14:20:00,627,402.29100000000005,Champions
14825,4823.99,23,2010-04-06 14:14:00,2011-11-24 10:07:00,596,209.7386956521739,Champions
14826,385.2,2,2010-01-13 13:08:00,2010-05-07 09:00:00,113,192.6,Lost
14828,9839.460000000001,13,2009-12-07 11:19:00,2011-05-27 10:16:00,535,756.8815384615385,Loyal
14829,1692.84,7,2010-09-29 13:14:00,2011-11-10 16:16:00,407,241.8342857142857,Champions
14830,197.13,1,2011-10-17 14:29:00,2011-10-17 14:29:00,1,197.13,New customers
14831,1676.57,3,2009-12-02 09:21:00,2010-01-28 14:31:00,57,558.8566666666667,At risk
14832,322.69,1,2010-03-19 15:14:00,2010-03-19 15:14:00,1,322.69,Lost
14833,94.8,1,2010-07-29 10:06:00,2010-07-29 10:06:00,1,94.8,Lost
14834,2206.16,7,2010-10-28 17:37:00,2011-11-22 10:30:00,389,315.1657142857143,Champions
14835,297.0,2,2010-04-01 19:34:00,2010-06-29 10:08:00,88,148.5,Lost
14836,102.44999999999999,3,2011-11-09 13:26:00,2011-11-29 16:45:00,20,34.15,Loyal
14837,3460.32,9,2010-01-24 10:20:00,2011-09-11 10:58:00,595,384.48,Loyal
14838,773.6700000000001,2,2009-12-03 09:52:00,2010-10-12 15:46:00,313,386.83500000000004,Lost
14839,915.28,3,2010-01-04 16:29:00,2010-10-17 13:01:00,285,305.0933333333333,At risk
14840,362.71,2,2010-06-18 15:42:00,2011-03-17 12:00:00,271,181.355,Lost
14841,7163.0,14,2009-12-02 16:49:00,2011-10-17 15:03:00,683,511.64285714285717,Champions
14842,2824.69,4,2011-02-04 15:32:00,2011-10-27 12:37:00,264,706.1725,Loyal
14843,211.79999999999998,1,2010-09-29 12:39:00,2010-09-29 12:39:00,1,211.79999999999998,Lost
14844,6702.43,10,2010-04-12 12:50:00,2011-10-07 10:41:00,542,670.243,Champions
14845,150.0,1,2010-04-19 10:19:00,2010-04-19 10:19:00,1,150.0,Lost
14846,437.4,1,2010-10-08 17:07:00,2010-10-08 17:07:00,1,437.4,Lost
14847,1348.95,3,2010-05-24 12:29:00,2011-07-14 10:52:00,415,449.65000000000003,Loyal
14848,310.56,1,2010-10-31 12:22:00,2010-10-31 12:22:00,1,310.56,Lost
14849,15763.45,43,2010-01-10 11:40:00,2011-11-18 10:58:00,676,366.59186046511627,Champions
14850,1794.01,7,2010-05-20 13:28:00,2011-02-01 11:21:00,256,256.28714285714284,At risk
14851,829.4100000000001,3,2010-03-19 11:52:00,2011-11-16 14:20:00,607,276.47,Loyal
14852,6147.18,18,2010-03-05 14:51:00,2011-10-12 13:20:00,585,341.51,Champions
14853,1376.87,5,2010-04-13 09:26:00,2011-11-15 16:56:00,581,275.37399999999997,Champions
14854,4322.86,11,2010-01-22 09:48:00,2011-09-22 17:00:00,608,392.9872727272727,Loyal
14855,6520.3,7,2010-04-08 10:30:00,2011-08-12 14:02:00,491,931.4714285714286,Loyal
14856,1311.3799999999999,3,2011-10-14 09:35:00,2011-11-03 14:53:00,20,437.1266666666666,Loyal
14857,3651.851,7,2010-03-15 11:00:00,2011-10-11 09:23:00,574,521.693,Champions
14858,180.75,1,2010-07-22 10:51:00,2010-07-22 10:51:00,1,180.75,Lost
14859,1705.64,5,2010-06-03 10:26:00,2011-11-27 11:18:00,542,341.12800000000004,Champions
14860,170.32,1,2011-11-20 14:17:00,2011-11-20 14:17:00,1,170.32,New customers
14861,1380.73,10,2009-12-08 12:12:00,2011-10-18 12:54:00,679,138.073,Champions
14862,841.1999999999999,2,2011-07-14 11:20:00,2011-11-14 10:01:00,122,420.59999999999997,New customers
14863,266.76,1,2011-11-10 15:04:00,2011-11-10 15:04:00,1,266.76,New customers
14865,129.72,4,2009-12-01 16:05:00,2011-12-02 16:25:00,731,32.43,Loyal
14866,20850.22,19,2010-08-26 11:54:00,2011-11-29 11:45:00,459,1097.38,Champions
14867,2952.06,16,2009-12-05 15:47:00,2011-06-07 11:39:00,548,184.50375,Loyal
14868,3793.92,11,2010-10-15 14:52:00,2011-11-18 14:40:00,398,344.9018181818182,Champions
14869,2804.24,6,2009-12-16 11:43:00,2011-12-01 12:36:00,715,467.3733333333333,Champions
14870,1838.95,6,2010-01-25 09:05:00,2011-03-23 10:51:00,422,306.4916666666667,At risk
14871,1091.34,8,2009-12-01 11:57:00,2011-06-14 13:04:00,560,136.4175,Loyal
14872,816.6,3,2010-03-16 14:41:00,2010-08-13 12:34:00,149,272.2,At risk
14873,854.13,2,2010-03-16 10:51:00,2011-05-13 13:52:00,423,427.065,Lost
14874,116.18,1,2010-06-22 14:58:00,2010-06-22 14:58:00,1,116.18,Lost
14875,2862.4,3,2010-09-24 10:28:00,2011-08-24 12:20:00,334,954.1333333333333,Loyal
14876,256.7,2,2010-05-27 13:49:00,2010-07-06 14:57:00,40,128.35,Lost
14877,437.0,2,2010-03-07 12:25:00,2010-10-17 13:09:00,224,218.5,Lost
14878,4105.24,25,2010-02-21 11:14:00,2011-11-27 11:15:00,644,164.2096,Champions
14879,185.06,1,2010-01-24 11:35:00,2010-01-24 11:35:00,1,185.06,Lost
14880,706.19,3,2011-02-24 12:27:00,2011-09-23 13:42:00,211,235.39666666666668,Loyal
14881,255.4,1,2011-11-20 11:06:00,2011-11-20 11:06:00,1,255.4,New customers
14882,3628.15,14,2010-03-30 15:02:00,2011-11-13 12:47:00,592,259.1535714285714,Champions
14883,761.59,6,2011-05-12 09:49:00,2011-11-21 10:23:00,193,126.93166666666667,Champions
14884,120.6,1,2010-02-08 12:56:00,2010-02-08 12:56:00,1,120.6,Lost
14885,1598.12,3,2010-08-31 10:11:00,2011-07-31 12:05:00,334,532.7066666666666,Loyal
14886,364.8,1,2011-04-01 08:56:00,2011-04-01 08:56:00,1,364.8,Lost
14887,1862.0,1,2011-09-21 15:32:00,2011-09-21 15:32:00,1,1862.0,Potential loyalists
14888,369.2,1,2011-05-16 14:58:00,2011-05-16 14:58:00,1,369.2,Lost
14889,135.9,1,2011-01-07 15:19:00,2011-01-07 15:19:00,1,135.9,Lost
14890,817.25,3,2010-02-18 09:00:00,2011-03-31 11:57:00,406,272.4166666666667,At risk
14891,1106.73,4,2010-09-29 12:41:00,2011-07-14 18:08:00,288,276.6825,Loyal
14892,202.35000000000002,1,2010-01-18 08:58:00,2010-01-18 08:58:00,1,202.35000000000002,Lost
14893,1809.6100000000001,3,2010-04-01 09:03:00,2011-11-30 12:31:00,608,603.2033333333334,Loyal
14894,1492.81,3,2009-12-02 10:42:00,2011-09-15 13:51:00,652,497.6033333333333,Loyal
14895,25119.54,38,2009-12-10 14:22:00,2011-12-02 09:23:00,721,661.0405263157895,Champions
14896,2092.42,8,2009-12-06 12:42:00,2011-05-19 10:20:00,528,261.5525,At risk
14897,3140.54,8,2009-12-15 17:05:00,2011-12-02 10:32:00,716,392.5675,Champions
14898,3507.81,14,2009-12-03 16:40:00,2011-11-16 14:54:00,712,250.55785714285713,Champions
14899,1384.88,1,2010-11-09 15:20:00,2010-11-09 15:20:00,1,1384.88,Lost
14900,13.919999999999998,1,2010-07-05 15:09:00,2010-07-05 15:09:00,1,13.919999999999998,Lost
14901,2289.65,12,2010-07-29 11:11:00,2011-11-28 17:09:00,487,190.80416666666667,Champions
14902,1035.6200000000001,3,2010-06-04 12:35:00,2011-11-14 10:34:00,527,345.2066666666667,Loyal
14903,2810.63,5,2011-03-06 11:50:00,2011-11-18 16:07:00,257,562.126,Champions
14904,1012.16,3,2010-10-08 12:48:00,2011-11-14 09:13:00,401,337.38666666666666,Loyal
14905,1971.39,8,2009-12-03 14:36:00,2011-07-05 12:41:00,578,246.42375,Loyal
14906,68.44,1,2010-09-20 16:30:00,2010-09-20 16:30:00,1,68.44,Lost
14907,5689.43,15,2010-04-16 13:40:00,2011-11-11 13:25:00,573,379.29533333333336,Champions
14908,381.9,2,2010-09-02 16:39:00,2011-09-26 12:56:00,388,190.95,Potential loyalists
14909,1404.68,3,2010-02-14 15:47:00,2010-09-28 16:56:00,226,468.2266666666667,At risk
14910,323.55,3,2011-10-16 11:06:00,2011-11-14 17:10:00,29,107.85000000000001,Loyal
14911,289670.66,391,2009-12-01 11:41:00,2011-12-01 17:51:00,730,740.8456777493606,Champions
14912,1889.25,6,2010-01-26 16:29:00,2011-11-23 09:20:00,665,314.875,Champions
14913,4073.13,8,2010-08-11 08:40:00,2011-11-04 08:29:00,449,509.14125,Champions
14915,1811.25,11,2009-12-03 10:17:00,2011-09-09 13:34:00,645,164.6590909090909,Loyal
14916,3042.95,8,2010-04-01 10:57:00,2011-09-30 09:20:00,546,380.36875,Loyal
14917,1123.75,2,2010-04-22 09:44:00,2010-04-22 11:28:00,1,561.875,Lost
14918,5955.81,9,2010-04-08 11:18:00,2011-08-16 11:50:00,495,661.7566666666667,Loyal
14919,359.35,1,2010-06-18 13:06:00,2010-06-18 13:06:00,1,359.35,Lost
14920,1607.17,3,2010-05-23 15:25:00,2011-05-11 10:32:00,352,535.7233333333334,At risk
14921,1316.07,2,2011-05-22 12:51:00,2011-11-09 13:17:00,171,658.035,New customers
14922,843.74,2,2010-07-20 09:45:00,2010-11-11 11:14:00,114,421.87,Lost
14923,749.1,1,2011-10-20 11:51:00,2011-10-20 11:51:00,1,749.1,New customers
14924,931.01,3,2010-03-10 12:51:00,2011-04-08 09:25:00,393,310.33666666666664,At risk
14926,359.4,2,2010-04-20 09:59:00,2010-11-23 07:13:00,216,179.7,Lost
14927,308.2,1,2010-11-08 12:30:00,2010-11-08 12:30:00,1,308.2,Lost
14928,223.91000000000003,1,2010-03-22 09:14:00,2010-03-22 09:14:00,1,223.91000000000003,Lost
14929,836.69,2,2010-10-14 12:22:00,2011-11-07 17:21:00,389,418.345,New customers
14930,5246.63,6,2010-04-12 11:22:00,2011-08-23 10:31:00,497,874.4383333333334,Loyal
14931,1059.28,4,2011-04-13 09:32:00,2011-11-17 09:25:00,217,264.82,Loyal
14932,1029.66,2,2010-11-19 09:16:00,2010-12-09 11:48:00,20,514.83,Lost
14933,1770.0,4,2010-09-21 17:29:00,2010-09-22 10:47:00,1,442.5,At risk
14934,3503.5,5,2010-09-24 12:08:00,2011-09-19 10:10:00,359,700.7,Loyal
14935,2849.83,2,2010-03-30 11:48:00,2011-02-15 14:44:00,322,1424.915,Lost
14936,12410.81,12,2010-05-05 12:26:00,2011-11-06 10:30:00,549,1034.2341666666666,Champions
14937,1621.88,3,2011-08-01 14:16:00,2011-10-14 12:29:00,73,540.6266666666667,Loyal
14938,2322.43,2,2010-05-26 13:35:00,2010-05-26 13:38:00,1,1161.215,Lost
14940,531.49,2,2009-12-06 15:46:00,2010-10-18 10:47:00,315,265.745,Lost
14941,182.1,1,2010-05-10 11:30:00,2010-05-10 11:30:00,1,182.1,Lost
14942,746.56,4,2009-12-10 10:32:00,2010-11-03 10:51:00,328,186.64,At risk
14943,107.62,1,2010-02-14 16:04:00,2010-02-14 16:04:00,1,107.62,Lost
14944,9784.67,19,2010-02-17 08:47:00,2011-11-10 09:10:00,631,514.9826315789473,Champions
14945,179.4,1,2010-10-22 11:26:00,2010-10-22 11:26:00,1,179.4,Lost
14946,100.9,1,2011-11-25 13:33:00,2011-11-25 13:33:00,1,100.9,New customers
14947,1049.79,6,2010-03-25 11:29:00,2011-09-28 15:48:00,552,174.965,Loyal
14948,1101.97,6,2011-05-04 14:52:00,2011-11-16 17:16:00,196,183.66166666666666,Champions
14949,515.0,4,2009-12-18 15:28:00,2010-08-27 15:38:00,252,128.75,At risk
14950,371.2,1,2011-11-20 13:48:00,2011-11-20 13:48:00,1,371.2,New customers
14951,311.69,1,2011-09-21 15:15:00,2011-09-21 15:15:00,1,311.69,Potential loyalists
14952,17629.35,32,2009-12-03 15:34:00,2011-10-11 10:33:00,676,550.9171875,Champions
14953,1013.77,4,2010-09-30 12:16:00,2011-11-14 14:59:00,410,253.4425,Loyal
14954,503.44,2,2010-01-05 16:38:00,2011-11-27 14:30:00,690,251.72,New customers
14955,163.77,1,2009-12-07 11:35:00,2009-12-07 11:35:00,1,163.77,Lost
14956,1325.0,1,2010-10-14 16:40:00,2010-10-14 16:40:00,1,1325.0,Lost
14957,333.29,2,2010-03-05 10:50:00,2011-03-31 17:59:00,391,166.645,Lost
14958,957.9399999999999,6,2009-12-03 16:02:00,2011-07-15 14:20:00,588,159.65666666666667,Loyal
14959,695.42,4,2011-02-16 13:00:00,2011-10-06 18:23:00,232,173.855,Loyal
14960,221.27,2,2011-06-21 13:38:00,2011-12-01 12:54:00,162,110.635,New customers
14961,16410.15,22,2009-12-04 11:32:00,2011-11-29 09:42:00,724,745.9159090909092,Champions
14962,366.91,4,2010-05-04 14:57:00,2011-03-14 09:42:00,313,91.7275,At risk
14963,3164.48,12,2010-07-02 12:43:00,2011-11-30 12:16:00,515,263.70666666666665,Champions
14964,206.21,1,2011-04-06 14:13:00,2011-04-06 14:13:00,1,206.21,Lost
14965,599.0,2,2011-09-04 13:15:00,2011-09-04 13:20:00,1,299.5,Potential loyalists
14966,1115.8400000000001,6,2009-12-15 13:48:00,2011-11-25 12:20:00,709,185.97333333333336,Champions
14967,1982.6100000000001,6,2009-12-03 14:07:00,2011-10-21 11:06:00,686,330.435,Champions
14968,504.99,2,2010-09-07 13:28:00,2011-11-09 13:58:00,428,252.495,New customers
14969,906.23,1,2010-01-05 12:43:00,2010-01-05 12:43:00,1,906.23,Lost
14970,4919.35,12,2010-02-14 13:37:00,2011-10-02 13:44:00,595,409.9458333333334,Loyal
14971,1116.57,3,2011-10-27 13:33:00,2011-11-04 17:07:00,8,372.19,Loyal
14972,145.07,2,2010-11-23 16:17:00,2011-08-03 14:54:00,252,72.535,Potential loyalists
14973,1314.45,3,2011-04-28 12:22:00,2011-08-24 15:51:00,118,438.15000000000003,Loyal
14974,114.39,1,2011-11-02 13:01:00,2011-11-02 13:01:00,1,114.39,New customers
14975,472.39,2,2010-10-14 14:11:00,2011-10-13 14:08:00,363,236.195,New customers
14976,790.86,7,2011-01-17 11:09:00,2011-10-13 16:37:00,269,112.98,Champions
14977,31.929999999999996,1,2009-12-14 10:37:00,2009-12-14 10:37:00,1,31.929999999999996,Lost
14978,3142.14,10,2010-04-28 10:50:00,2011-09-28 13:07:00,518,314.214,Loyal
14979,439.46,1,2009-12-04 12:54:00,2009-12-04 12:54:00,1,439.46,Lost
14980,150.68,1,2009-12-02 14:09:00,2009-12-02 14:09:00,1,150.68,Lost
14981,372.92,2,2010-10-12 11:04:00,2011-04-07 13:45:00,177,186.46,Lost
14982,237.78,1,2010-05-16 15:52:00,2010-05-16 15:52:00,1,237.78,Lost
14983,183.20000000000002,1,2010-01-19 17:32:00,2010-01-19 17:32:00,1,183.20000000000002,Lost
14984,1271.41,6,2010-01-11 13:22:00,2011-11-20 14:28:00,678,211.90166666666667,Champions
14985,296.75,2,2010-12-16 19:51:00,2011-05-25 14:29:00,159,148.375,Lost
14986,566.9,2,2010-01-24 15:54:00,2010-11-28 15:25:00,307,283.45,Lost
14987,1713.85,8,2009-12-02 14:56:00,2011-11-24 09:59:00,721,214.23125,Champions
14988,2066.6,7,2010-04-16 13:34:00,2011-05-12 12:05:00,390,295.2285714285714,At risk
14989,342.4,1,2010-02-16 10:40:00,2010-02-16 10:40:00,1,342.4,Lost
14990,305.42,2,2009-12-09 13:31:00,2010-04-06 13:54:00,118,152.71,Lost
14991,314.67,1,2010-10-05 13:01:00,2010-10-05 13:01:00,1,314.67,Lost
14992,210.5,1,2010-09-23 17:48:00,2010-09-23 17:48:00,1,210.5,Lost
14993,36.13,1,2010-05-25 12:47:00,2010-05-25 12:47:00,1,36.13,Lost
14994,960.63,5,2010-03-26 14:16:00,2010-11-22 12:59:00,240,192.126,At risk
14995,233.23000000000002,2,2011-03-04 13:14:00,2011-11-01 11:39:00,241,116.61500000000001,New customers
14996,442.28999999999996,2,2010-08-15 13:41:00,2010-08-15 13:44:00,1,221.14499999999998,Lost
14997,776.5999999999999,4,2010-02-22 12:11:00,2011-10-24 13:28:00,609,194.14999999999998,Loyal
14998,770.73,4,2010-04-13 16:07:00,2011-06-22 17:30:00,435,192.6825,Loyal
14999,129.48000000000002,1,2010-04-26 10:47:00,2010-04-26 10:47:00,1,129.48000000000002,Lost
15000,490.52,1,2011-10-23 11:42:00,2011-10-23 11:42:00,1,490.52,New customers
15001,230.85999999999999,2,2010-11-10 13:31:00,2010-11-10 13:51:00,1,115.42999999999999,Lost
15002,4817.28,9,2010-01-12 11:40:00,2011-08-16 10:44:00,580,535.2533333333333,Loyal
15003,1060.7,6,2010-01-26 13:04:00,2010-08-23 15:44:00,209,176.78333333333333,At risk
15004,1246.32,1,2011-07-15 14:05:00,2011-07-15 14:05:00,1,1246.32,Potential loyalists
15005,14106.2,56,2009-12-01 14:19:00,2011-11-24 12:25:00,722,251.89642857142857,Champions
15006,825.14,2,2010-09-12 13:03:00,2011-10-19 15:08:00,402,412.57,New customers
15007,156.91,1,2011-07-03 16:00:00,2011-07-03 16:00:00,1,156.91,Potential loyalists
15008,360.0,2,2010-03-12 11:13:00,2010-08-16 13:09:00,157,180.0,Lost
15009,1261.78,3,2011-11-14 17:40:00,2011-11-27 13:35:00,12,420.5933333333333,Loyal
15010,308.94,1,2011-11-04 12:42:00,2011-11-04 12:42:00,1,308.94,New customers
15011,416.6,2,2010-10-19 12:05:00,2010-11-09 11:10:00,20,208.3,Lost
15012,860.62,3,2010-05-12 11:49:00,2011-10-17 12:22:00,523,286.87333333333333,Loyal
15013,1641.3,10,2010-01-31 12:15:00,2010-08-09 12:05:00,189,164.13,At risk
15014,260.17,2,2011-06-16 19:40:00,2011-10-27 20:07:00,133,130.085,New customers
15015,2365.02,13,2009-12-14 14:46:00,2010-07-26 13:50:00,223,181.92461538461538,At risk
15016,630.3,5,2010-06-14 13:06:00,2011-06-20 12:06:00,370,126.05999999999999,Loyal
15017,125.58,1,2011-11-06 10:33:00,2011-11-06 10:33:00,1,125.58,New customers
15018,607.46,3,2010-12-07 10:47:00,2011-11-01 12:47:00,329,202.48666666666668,Loyal
15019,266.0,1,2011-03-18 12:35:00,2011-03-18 12:35:00,1,266.0,Lost
15020,203.42,1,2010-11-25 13:29:00,2010-11-25 13:29:00,1,203.42,Lost
15021,2783.83,12,2010-07-29 16:35:00,2011-12-01 11:53:00,489,231.98583333333332,Champions
15022,1186.09,5,2010-01-31 16:02:00,2011-11-28 12:35:00,665,237.218,Champions
15023,11479.04,19,2010-02-03 15:45:00,2011-10-31 17:13:00,635,604.1600000000001,Champions
15024,4075.51,16,2010-10-11 16:14:00,2011-11-30 12:06:00,414,254.719375,Champions
15025,1013.09,2,2010-05-20 13:28:00,2011-11-06 15:20:00,535,506.545,New customers
15026,1061.61,5,2010-09-17 13:52:00,2011-09-20 13:52:00,368,212.32199999999997,Loyal
15027,3195.6,10,2010-03-25 14:39:00,2011-11-09 10:16:00,593,319.56,Champions
15028,1157.71,6,2010-11-10 14:32:00,2011-12-01 14:06:00,385,192.95166666666668,Champions
15029,365.1,1,2010-03-30 12:16:00,2010-03-30 12:16:00,1,365.1,Lost
15030,1979.91,8,2010-03-04 17:10:00,2011-09-29 10:50:00,573,247.48875,Loyal
15031,2981.05,13,2009-12-08 13:38:00,2011-11-09 17:44:00,701,229.31153846153848,Champions
15032,13780.65,8,2009-12-10 15:27:00,2011-03-28 15:03:00,472,1722.58125,At risk
15033,2418.87,9,2011-01-14 13:28:00,2011-11-14 13:12:00,303,268.7633333333333,Champions
15034,8313.4,14,2010-05-11 13:30:00,2011-11-24 12:11:00,561,593.8142857142857,Champions
15035,252.73000000000002,1,2011-09-11 11:08:00,2011-09-11 11:08:00,1,252.73000000000002,Potential loyalists
15036,465.55,3,2011-06-13 12:19:00,2011-09-28 15:42:00,107,155.18333333333334,Loyal
15037,402.51,2,2010-11-28 12:14:00,2010-11-28 13:05:00,1,201.255,Lost
15038,1309.86,9,2010-10-10 14:35:00,2011-10-12 11:33:00,366,145.54,Champions
15039,40031.43,93,2009-12-10 11:39:00,2011-11-30 11:31:00,719,430.44548387096773,Champions
15040,7.49,1,2010-06-16 11:40:00,2010-06-16 11:40:00,1,7.49,Lost
15041,294.02,2,2010-09-21 13:16:00,2011-06-22 16:16:00,274,147.01,Potential loyalists
15042,315.45,2,2010-04-23 14:01:00,2011-05-24 16:25:00,396,157.725,Lost
15043,2873.7999999999997,6,2010-06-24 15:50:00,2011-11-08 14:26:00,501,478.96666666666664,Champions
15044,16204.33,35,2009-12-16 15:13:00,2011-11-20 13:20:00,703,462.98085714285713,Champions
15045,735.66,2,2011-03-27 11:44:00,2011-07-11 11:33:00,105,367.83,Potential loyalists
15046,7812.389999999999,25,2010-01-14 14:29:00,2011-11-30 15:50:00,685,312.49559999999997,Champions
15047,343.62,1,2011-03-15 10:49:00,2011-03-15 10:49:00,1,343.62,Lost
15048,482.75,4,2010-12-06 12:15:00,2011-10-05 14:55:00,303,120.6875,Loyal
15049,121.17000000000002,1,2011-03-11 12:13:00,2011-03-11 12:13:00,1,121.17000000000002,Lost
15050,4193.79,5,2010-08-16 12:00:00,2011-11-14 16:17:00,455,838.758,Champions
15051,3935.16,9,2009-12-01 13:29:00,2011-11-16 15:38:00,715,437.24,Champions
15052,215.78,1,2011-01-24 15:52:00,2011-01-24 15:52:00,1,215.78,Lost
15053,478.6,2,2011-03-03 12:06:00,2011-07-06 13:06:00,125,239.3,Potential loyalists
15054,302.1,2,2011-10-30 14:33:00,2011-11-27 15:02:00,28,151.05,New customers
15055,560.07,3,2009-12-16 15:48:00,2010-08-22 11:06:00,248,186.69000000000003,At risk
15056,133.45,1,2010-07-07 15:58:00,2010-07-07 15:58:00,1,133.45,Lost
15057,3255.96,5,2009-12-05 15:27:00,2011-03-09 15:17:00,458,651.192,At risk
15058,3410.03,16,2010-02-24 14:07:00,2011-11-14 14:57:00,628,213.126875,Champions
15059,3523.57,19,2009-12-06 12:17:00,2011-10-30 11:35:00,692,185.45105263157896,Champions
15060,303.09,4,2011-11-30 14:03:00,2011-12-01 13:47:00,1,75.7725,Loyal
15061,133922.66,126,2009-12-01 12:18:00,2011-11-29 10:52:00,727,1062.878253968254,Champions
15062,2585.62,8,2010-04-08 15:41:00,2011-09-29 16:51:00,539,323.2025,Loyal
15063,370.79999999999995,1,2011-05-10 13:25:00,2011-05-10 13:25:00,1,370.79999999999995,Lost
15064,1254.41,4,2009-12-22 16:17:00,2010-10-25 14:32:00,306,313.6025,At risk
15065,3326.86,5,2010-10-25 09:13:00,2011-11-02 09:45:00,373,665.3720000000001,Champions
15066,893.59,1,2011-10-17 13:25:00,2011-10-17 13:25:00,1,893.59,New customers
15067,3877.88,5,2010-04-11 15:54:00,2011-09-22 13:20:00,528,775.576,Loyal
15068,1176.85,4,2010-03-28 13:18:00,2011-10-24 14:47:00,575,294.2125,Loyal
15069,1109.53,1,2011-06-13 14:16:00,2011-06-13 14:16:00,1,1109.53,Potential loyalists
15070,843.25,3,2009-12-15 13:49:00,2010-12-02 11:23:00,351,281.0833333333333,At risk
15071,1455.56,4,2010-05-18 12:45:00,2011-09-07 11:43:00,476,363.89,Loyal
15072,187.51999999999998,1,2010-08-17 15:46:00,2010-08-17 15:46:00,1,187.51999999999998,Lost
15073,2788.02,8,2010-01-27 08:48:00,2011-11-30 10:44:00,672,348.5025,Champions
15074,1566.33,3,2010-08-29 11:47:00,2011-08-26 14:45:00,362,522.11,Loyal
15075,773.03,1,2011-09-23 12:27:00,2011-09-23 12:27:00,1,773.03,Potential loyalists
15076,1447.74,3,2010-07-05 14:11:00,2011-06-20 08:23:00,349,482.58,Loyal
15077,2428.08,2,2009-12-09 17:10:00,2010-08-02 11:13:00,235,1214.04,Lost
15078,17761.88,53,2009-12-04 12:03:00,2011-12-02 15:41:00,728,335.12981132075475,Champions
15079,3767.35,11,2009-12-08 11:22:00,2011-05-11 12:45:00,519,342.48636363636365,At risk
15080,546.25,2,2010-07-26 10:03:00,2010-10-08 11:52:00,74,273.125,Lost
15081,1965.72,12,2010-06-22 10:25:00,2011-11-17 17:08:00,513,163.81,Champions
15082,93.35000000000001,1,2010-02-09 10:23:00,2010-02-09 10:23:00,1,93.35000000000001,Lost
15083,88.2,1,2011-03-28 12:18:00,2011-03-28 12:18:00,1,88.2,Lost
15084,965.2,2,2010-03-04 10:45:00,2010-11-25 11:58:00,266,482.6,Lost
15085,347.54,1,2009-12-10 11:47:00,2009-12-10 11:47:00,1,347.54,Lost
15086,218.53,2,2010-03-24 13:56:00,2010-05-24 12:27:00,60,109.265,Lost
15087,306.94,1,2011-03-03 10:34:00,2011-03-03 10:34:00,1,306.94,Lost
15088,1160.07,2,2011-10-03 14:05:00,2011-11-18 13:14:00,45,580.035,New customers
15089,2420.84,6,2011-08-03 14:14:00,2011-11-29 16:31:00,118,403.47333333333336,Champions
15090,381.32,1,2011-02-04 14:03:00,2011-02-04 14:03:00,1,381.32,Lost
15091,1046.6100000000001,3,2010-02-03 11:46:00,2011-10-03 12:47:00,607,348.87000000000006,Loyal
15092,776.46,3,2010-09-03 12:33:00,2011-05-08 14:10:00,247,258.82,At risk
15093,14326.11,23,2009-12-08 12:46:00,2011-11-21 13:09:00,713,622.8743478260869,Champions
15094,83.0,2,2010-03-05 12:56:00,2010-09-02 16:55:00,181,41.5,Lost
15095,3141.64,10,2010-01-21 09:37:00,2011-08-28 12:01:00,584,314.164,Loyal
15096,219.39000000000001,1,2011-10-28 10:27:00,2011-10-28 10:27:00,1,219.39000000000001,New customers
15097,660.27,2,2010-05-05 14:22:00,2010-05-05 14:33:00,1,330.135,Lost
15098,39916.5,3,2011-06-10 15:22:00,2011-06-10 15:33:00,1,13305.5,Loyal
15099,410.48,1,2011-09-16 13:13:00,2011-09-16 13:13:00,1,410.48,Potential loyalists
15100,2894.7,7,2010-01-07 14:33:00,2011-01-10 10:35:00,367,413.5285714285714,At risk
15101,1477.94,6,2010-04-28 15:00:00,2011-12-01 10:18:00,581,246.32333333333335,Champions
15102,554.67,2,2010-06-11 10:16:00,2010-06-27 12:16:00,16,277.335,Lost
15103,703.36,2,2011-09-14 13:54:00,2011-11-08 14:53:00,55,351.68,New customers
15104,1027.44,2,2011-03-02 14:16:00,2011-05-27 12:29:00,85,513.72,Potential loyalists
15105,3094.91,9,2010-03-23 12:18:00,2011-11-21 16:54:00,608,343.87888888888887,Champions
15106,1422.52,5,2011-03-15 12:52:00,2011-11-22 09:16:00,251,284.504,Champions
15107,940.35,9,2010-09-14 10:47:00,2011-02-01 14:46:00,140,104.48333333333333,At risk
15108,1300.25,4,2011-04-26 10:54:00,2011-07-21 10:24:00,85,325.0625,Loyal
15109,983.1,3,2009-12-04 12:33:00,2011-04-08 09:58:00,489,327.7,At risk
15110,1505.8500000000001,6,2010-08-11 15:49:00,2011-11-16 11:16:00,461,250.97500000000002,Champions
15111,2730.87,5,2010-04-26 13:12:00,2011-11-10 16:58:00,563,546.174,Champions
15112,209.4,1,2010-04-07 14:17:00,2010-04-07 14:17:00,1,209.4,Lost
15113,3609.33,3,2011-10-16 15:27:00,2011-11-30 08:23:00,44,1203.11,Loyal
15114,3400.12,12,2010-10-14 16:44:00,2011-11-09 15:05:00,390,283.3433333333333,Champions
15115,531.85,2,2009-12-07 11:20:00,2011-11-21 14:59:00,714,265.925,New customers
15116,1352.75,4,2011-05-19 08:50:00,2011-11-22 12:25:00,187,338.1875,Loyal
15117,2485.9700000000003,8,2010-03-15 13:39:00,2011-11-25 08:12:00,619,310.74625000000003,Champions
15118,244.8,1,2011-07-28 14:54:00,2011-07-28 14:54:00,1,244.8,Potential loyalists
15119,266.4,1,2011-04-08 09:08:00,2011-04-08 09:08:00,1,266.4,Lost
15120,358.82,1,2011-07-29 09:48:00,2011-07-29 09:48:00,1,358.82,Potential loyalists
15121,457.72,2,2011-02-24 12:41:00,2011-10-20 14:51:00,238,228.86,New customers
15122,4497.47,11,2010-03-30 14:05:00,2011-08-17 16:48:00,505,408.8609090909091,Loyal
15123,4656.17,5,2010-03-16 09:49:00,2011-12-02 13:12:00,626,931.234,Champions
15124,450.82,4,2010-02-26 10:49:00,2011-11-17 10:09:00,628,112.705,Loyal
15125,17024.87,24,2010-03-31 13:29:00,2011-11-14 13:57:00,593,709.3695833333333,Champions
15126,449.49,2,2010-01-21 17:09:00,2010-06-21 12:31:00,150,224.745,Lost
15127,711.5,2,2010-07-08 10:07:00,2011-10-05 10:30:00,454,355.75,Potential loyalists
15128,1783.68,5,2010-10-05 16:46:00,2011-10-10 13:54:00,369,356.736,Champions
15129,6860.18,23,2010-04-08 17:15:00,2011-10-20 14:40:00,559,298.2686956521739,Champions
15130,330.11,1,2011-06-23 10:15:00,2011-06-23 10:15:00,1,330.11,Potential loyalists
15131,80.28,1,2010-11-10 12:07:00,2010-11-10 12:07:00,1,80.28,Lost
15132,977.9300000000001,5,2011-03-22 12:02:00,2011-11-21 17:10:00,244,195.586,Champions
15133,1806.9,5,2010-07-07 12:31:00,2011-08-04 10:44:00,392,361.38,Loyal
15134,1596.29,10,2010-10-13 12:44:00,2011-11-25 08:55:00,407,159.629,Champions
15135,305.68,2,2010-06-01 13:33:00,2011-04-14 19:16:00,317,152.84,Lost
15136,1029.8,2,2011-09-04 16:05:00,2011-11-17 16:35:00,74,514.9,New customers
15137,823.4,2,2010-01-28 15:45:00,2010-07-07 09:41:00,159,411.7,Lost
15138,502.52,1,2010-11-11 09:16:00,2010-11-11 09:16:00,1,502.52,Lost
15139,178.96,2,2011-01-07 12:44:00,2011-04-14 11:39:00,96,89.48,Lost
15140,3243.69,8,2010-09-23 13:07:00,2011-10-18 14:07:00,390,405.46125,Champions
15141,1388.47,7,2010-03-28 15:58:00,2010-09-08 11:33:00,163,198.35285714285715,At risk
15142,2619.92,6,2010-07-27 09:05:00,2011-10-24 12:51:00,454,436.65333333333336,Champions
15143,563.63,2,2010-10-03 13:58:00,2011-04-28 12:03:00,206,281.815,Lost
15144,12160.31,29,2009-12-13 11:35:00,2011-12-01 15:12:00,718,419.3210344827586,Champions
15145,1036.37,3,2011-04-05 15:20:00,2011-10-27 12:33:00,204,345.45666666666665,Loyal
15146,1327.16,2,2011-02-21 13:07:00,2011-06-28 12:09:00,126,663.58,Potential loyalists
15147,623.5,1,2011-04-13 15:57:00,2011-04-13 15:57:00,1,623.5,Lost
15148,301.29,1,2011-11-29 08:21:00,2011-11-29 08:21:00,1,301.29,New customers
15149,1554.6100000000001,5,2010-02-28 11:13:00,2011-07-29 10:58:00,515,310.922,Loyal
15150,9001.08,13,2010-06-14 12:01:00,2011-11-22 12:52:00,526,692.3907692307693,Champions
15151,2085.61,2,2010-07-18 12:19:00,2010-10-12 16:37:00,86,1042.805,Lost
15152,5263.83,14,2010-01-07 15:15:00,2011-11-30 12:32:00,691,375.98785714285714,Champions
15153,329.25,1,2011-11-08 17:09:00,2011-11-08 17:09:00,1,329.25,New customers
15154,1388.41,3,2010-08-18 17:41:00,2011-09-25 16:05:00,402,462.80333333333334,Loyal
15155,383.96999999999997,1,2010-11-21 12:59:00,2010-11-21 12:59:00,1,383.96999999999997,Lost
15156,317.8,1,2011-11-06 12:41:00,2011-11-06 12:41:00,1,317.8,New customers
15157,2223.41,4,2009-12-10 14:44:00,2011-07-08 13:26:00,574,555.8525,Loyal
15158,606.02,2,2010-11-03 13:46:00,2011-10-25 13:53:00,356,303.01,New customers
15159,20281.94,31,2010-10-04 09:31:00,2011-11-21 14:24:00,413,654.2561290322581,Champions
15160,589.27,4,2010-10-14 15:26:00,2010-12-17 14:15:00,63,147.3175,At risk
15161,119.92,1,2010-11-16 16:08:00,2010-11-16 16:08:00,1,119.92,Lost
15162,312.9,1,2009-12-08 13:14:00,2009-12-08 13:14:00,1,312.9,Lost
15163,304.47,2,2011-05-31 15:22:00,2011-11-21 13:10:00,173,152.235,New customers
15164,2068.92,9,2010-01-18 13:34:00,2011-10-02 12:05:00,621,229.88,Loyal
15165,975.5,1,2010-12-01 14:03:00,2010-12-01 14:03:00,1,975.5,Lost
15166,167.16,1,2010-08-29 12:31:00,2010-08-29 12:31:00,1,167.16,Lost
15167,1659.67,5,2010-02-04 14:13:00,2011-01-23 12:41:00,352,331.934,At risk
15168,106.56,1,2011-11-14 11:26:00,2011-11-14 11:26:00,1,106.56,New customers
15169,569.22,2,2009-12-13 11:16:00,2010-11-22 13:04:00,344,284.61,Lost
15170,81.15,1,2010-10-29 10:34:00,2010-10-29 10:34:00,1,81.15,Lost
15171,1289.5,1,2011-01-12 15:36:00,2011-01-12 15:36:00,1,1289.5,Lost
15172,1624.05,5,2011-04-17 11:56:00,2011-12-01 11:51:00,227,324.81,Champions
15173,1494.6,7,2010-04-01 12:26:00,2010-11-24 10:21:00,236,213.5142857142857,At risk
15174,481.46,2,2010-10-25 09:40:00,2011-01-21 09:06:00,87,240.73,Lost
15175,224.14,1,2011-09-29 11:31:00,2011-09-29 11:31:00,1,224.14,Potential loyalists
15176,988.04,1,2010-02-10 10:36:00,2010-02-10 10:36:00,1,988.04,Lost
15177,948.93,1,2010-10-10 12:48:00,2010-10-10 12:48:00,1,948.93,Lost
15178,40.5,1,2011-03-24 15:12:00,2011-03-24 15:12:00,1,40.5,Lost
15179,7491.92,13,2009-12-03 12:27:00,2011-11-21 12:53:00,718,576.3015384615385,Champions
15180,904.4300000000001,3,2010-04-29 15:27:00,2010-12-07 14:57:00,221,301.4766666666667,At risk
15181,1200.2,5,2009-12-08 19:02:00,2011-10-04 13:58:00,664,240.04000000000002,Loyal
15182,2998.952,11,2010-02-21 12:03:00,2011-07-08 13:37:00,502,272.632,Loyal
15183,639.93,3,2010-05-04 11:31:00,2010-06-10 10:43:00,36,213.30999999999997,At risk
15184,689.95,4,2009-12-16 12:06:00,2011-11-10 13:41:00,694,172.4875,Loyal
15185,310.62,1,2011-09-30 14:06:00,2011-09-30 14:06:00,1,310.62,Potential loyalists
15186,1403.2,5,2010-01-12 10:14:00,2011-11-25 14:58:00,682,280.64,Champions
15187,4447.26,15,2011-05-11 13:49:00,2011-12-01 08:58:00,203,296.48400000000004,Champions
15188,310.43,1,2009-12-14 13:30:00,2009-12-14 13:30:00,1,310.43,Lost
15189,16771.56,44,2010-07-18 13:37:00,2011-12-01 15:13:00,501,381.1718181818182,Champions
15190,834.4399999999999,1,2010-10-01 13:09:00,2010-10-01 13:09:00,1,834.4399999999999,Lost
15191,588.05,3,2010-01-20 12:35:00,2010-09-02 15:37:00,225,196.01666666666665,At risk
15192,1981.39,5,2010-01-29 10:13:00,2011-08-12 11:41:00,560,396.278,Loyal
15193,499.32,1,2011-10-10 08:23:00,2011-10-10 08:23:00,1,499.32,New customers
15194,11721.05,27,2009-12-03 10:37:00,2011-11-08 10:26:00,704,434.1129629629629,Champions
15196,316.25,2,2009-12-13 11:14:00,2010-10-03 10:50:00,293,158.125,Lost
15197,1877.51,6,2009-12-11 12:56:00,2011-11-29 10:00:00,717,312.91833333333335,Champions
15198,571.35,5,2010-01-19 10:01:00,2011-09-08 14:42:00,597,114.27000000000001,Loyal
15199,3122.4,10,2010-05-13 10:14:00,2011-10-11 15:12:00,516,312.24,Champions
15200,549.05,1,2010-08-02 09:38:00,2010-08-02 09:38:00,1,549.05,Lost
15201,1842.95,7,2010-04-07 14:50:00,2011-09-13 14:53:00,524,263.2785714285714,Loyal
15202,6001.49,3,2010-10-15 12:39:00,2010-10-15 13:05:00,1,2000.4966666666667,At risk
15203,4400.18,15,2009-12-08 18:06:00,2011-11-14 08:16:00,705,293.3453333333334,Champions
15204,316.58,1,2010-12-17 13:49:00,2010-12-17 13:49:00,1,316.58,Lost
15205,653.24,2,2011-08-04 16:07:00,2011-09-15 19:36:00,42,326.62,Potential loyalists
15206,420.29999999999995,4,2011-03-09 08:59:00,2011-11-29 13:41:00,265,105.07499999999999,Loyal
15207,683.9200000000001,3,2010-06-10 17:29:00,2010-10-19 13:29:00,130,227.97333333333336,At risk
15208,762.92,5,2010-10-12 12:17:00,2011-11-08 14:39:00,392,152.584,Champions
15209,178.98000000000002,1,2009-12-09 17:26:00,2009-12-09 17:26:00,1,178.98000000000002,Lost
15210,1176.19,3,2010-05-13 14:42:00,2011-04-28 16:11:00,350,392.06333333333333,At risk
15211,1277.48,2,2010-12-09 16:08:00,2011-10-10 13:31:00,304,638.74,New customers
15212,208.28,2,2010-11-28 10:45:00,2011-04-12 13:45:00,135,104.14,Lost
15213,328.35,2,2011-01-14 11:05:00,2011-01-25 12:21:00,11,164.175,Lost
15214,1532.68,7,2011-04-11 09:46:00,2011-11-29 14:51:00,232,218.95428571428573,Champions
15215,2422.43,7,2010-04-06 11:21:00,2011-10-24 11:41:00,566,346.06142857142856,Champions
15216,486.09,2,2010-03-31 09:52:00,2011-09-13 11:41:00,531,243.045,Potential loyalists
15217,426.24,1,2010-05-25 13:51:00,2010-05-25 13:51:00,1,426.24,Lost
15218,11516.57,22,2010-01-26 11:33:00,2011-11-29 11:48:00,672,523.4804545454546,Champions
15219,685.45,2,2010-03-01 11:33:00,2011-06-16 16:57:00,472,342.725,Potential loyalists
15220,1778.96,6,2011-03-04 10:24:00,2011-10-19 12:39:00,229,296.49333333333334,Champions
15221,2465.4500000000003,4,2010-03-12 10:40:00,2010-12-08 13:08:00,271,616.3625000000001,At risk
15222,3550.91,11,2009-12-16 13:49:00,2011-01-25 08:03:00,404,322.81,At risk
15223,1417.95,5,2009-12-05 11:19:00,2011-04-28 11:31:00,509,283.59000000000003,At risk
15224,871.36,5,2010-01-15 16:14:00,2010-12-16 15:02:00,334,174.272,At risk
15225,409.40000000000003,1,2011-04-19 14:51:00,2011-04-19 14:51:00,1,409.40000000000003,Lost
15226,154.41,1,2011-02-02 11:41:00,2011-02-02 11:41:00,1,154.41,Lost
15227,2488.4900000000002,9,2010-03-16 08:23:00,2011-11-03 11:59:00,597,276.4988888888889,Champions
15228,5580.2699999999995,6,2010-07-28 10:21:00,2011-10-04 13:56:00,433,930.045,Loyal
15229,160.5,1,2010-05-02 13:50:00,2010-05-02 13:50:00,1,160.5,Lost
15230,429.6,2,2011-04-13 11:04:00,2011-04-14 14:39:00,1,214.8,Lost
15231,250.26,1,2010-03-28 15:12:00,2010-03-28 15:12:00,1,250.26,Lost
15232,612.06,2,2011-07-22 12:21:00,2011-08-18 16:27:00,27,306.03,Potential loyalists
15233,59.400000000000006,1,2010-11-03 13:36:00,2010-11-03 13:36:00,1,59.400000000000006,Lost
15234,197.0,1,2011-03-08 08:53:00,2011-03-08 08:53:00,1,197.0,Lost
15235,2937.81,16,2010-11-16 12:48:00,2011-05-06 09:44:00,170,183.613125,At risk
15236,321.05,1,2011-02-14 10:52:00,2011-02-14 10:52:00,1,321.05,Lost
15237,1328.72,3,2011-04-26 15:04:00,2011-09-22 15:28:00,149,442.9066666666667,Loyal
15238,1071.99,3,2011-06-08 16:00:00,2011-11-10 14:28:00,154,357.33,Loyal
15239,780.59,2,2011-09-22 09:53:00,2011-11-29 14:14:00,68,390.295,New customers
15240,4459.98,12,2009-12-05 14:57:00,2011-10-26 09:50:00,689,371.66499999999996,Champions
15241,3050.16,11,2010-02-23 13:59:00,2011-10-04 09:05:00,587,277.2872727272727,Loyal
15242,302.04,1,2010-10-13 15:33:00,2010-10-13 15:33:00,1,302.04,Lost
15243,927.2800000000001,2,2010-09-30 17:28:00,2011-09-26 14:12:00,360,463.64000000000004,Potential loyalists
15244,912.08,3,2010-02-11 14:48:00,2011-10-05 13:19:00,600,304.0266666666667,Loyal
15245,4610.84,8,2010-04-23 14:23:00,2011-07-28 18:56:00,461,576.355,Loyal
15246,780.4,3,2010-06-02 11:28:00,2011-04-15 14:45:00,317,260.1333333333333,At risk
15247,976.06,3,2010-06-20 14:08:00,2011-08-09 12:52:00,414,325.3533333333333,Loyal
15248,1893.93,3,2010-06-23 14:34:00,2010-10-24 13:09:00,122,631.3100000000001,At risk
15249,9266.0,18,2010-03-26 14:51:00,2011-11-08 11:45:00,591,514.7777777777778,Champions
15250,60.0,1,2010-03-09 07:35:00,2010-03-09 07:35:00,1,60.0,Lost
15251,20324.54,21,2010-01-29 12:42:00,2011-11-30 15:02:00,670,967.8352380952381,Champions
15252,2103.41,5,2010-04-07 10:24:00,2011-11-03 13:30:00,575,420.68199999999996,Champions
15253,2055.09,8,2010-05-02 11:17:00,2011-11-23 16:22:00,570,256.88625,Champions
15254,1088.35,3,2010-05-28 10:08:00,2011-08-04 15:04:00,433,362.7833333333333,Loyal
15255,3729.42,9,2009-12-03 09:10:00,2011-10-04 12:43:00,670,414.38,Loyal
15256,170.4,2,2010-05-27 11:41:00,2011-07-14 11:47:00,413,85.2,Potential loyalists
15257,685.9,2,2010-10-21 14:03:00,2011-03-01 12:58:00,130,342.95,Lost
15258,623.16,2,2011-05-06 14:16:00,2011-06-24 12:30:00,48,311.58,Potential loyalists
15259,1182.3799999999999,4,2010-01-26 09:41:00,2010-07-15 08:47:00,169,295.59499999999997,At risk
15260,9188.23,25,2009-12-06 11:45:00,2011-08-31 13:55:00,633,367.5292,Loyal
15261,1508.0,4,2010-10-01 11:59:00,2011-07-27 15:20:00,299,377.0,Loyal
15262,418.82,3,2010-08-08 15:55:00,2011-01-20 12:16:00,164,139.60666666666665,At risk
15263,156.51,1,2011-08-25 10:26:00,2011-08-25 10:26:00,1,156.51,Potential loyalists
15264,848.4,2,2010-06-27 13:29:00,2011-10-06 13:49:00,466,424.2,New customers
15265,3345.64,4,2009-12-01 17:08:00,2011-07-11 14:46:00,586,836.41,Loyal
15266,852.21,5,2010-01-07 12:19:00,2011-01-05 13:40:00,363,170.442,At risk
15267,1717.36,5,2011-06-10 10:24:00,2011-11-17 15:59:00,160,343.472,Champions
15268,961.9000000000001,3,2010-04-13 11:27:00,2010-08-18 10:33:00,126,320.6333333333334,At risk
15269,1225.3600000000001,3,2010-11-14 12:58:00,2011-11-16 09:32:00,366,408.4533333333334,Loyal
15270,8524.86,21,2009-12-17 15:02:00,2011-11-24 09:24:00,706,405.9457142857143,Champions
15271,4709.54,24,2010-08-05 14:57:00,2011-12-02 14:11:00,483,196.23083333333332,Champions
15272,2085.48,6,2010-02-14 13:39:00,2011-10-13 12:59:00,605,347.58,Champions
15273,228.96,1,2010-04-19 11:31:00,2010-04-19 11:31:00,1,228.96,Lost
15274,383.99,1,2011-11-21 14:17:00,2011-11-21 14:17:00,1,383.99,New customers
15275,615.14,1,2011-11-02 11:20:00,2011-11-02 11:20:00,1,615.14,New customers
15276,649.53,4,2010-10-01 12:24:00,2011-10-04 16:39:00,368,162.3825,Loyal
15277,476.34,2,2010-10-10 16:02:00,2011-10-24 10:08:00,378,238.17,New customers
15278,496.15999999999997,4,2010-02-12 14:53:00,2010-05-27 10:03:00,103,124.03999999999999,At risk
15279,1580.54,5,2010-02-02 10:15:00,2010-12-20 10:48:00,321,316.108,At risk
15280,406.21999999999997,3,2010-05-17 14:17:00,2011-06-20 17:14:00,399,135.40666666666667,Loyal
15281,8543.57,16,2010-10-08 12:14:00,2011-10-12 09:10:00,368,533.973125,Champions
15282,348.59,1,2010-05-18 16:27:00,2010-05-18 16:27:00,1,348.59,Lost
15283,148.33,3,2010-07-09 15:46:00,2010-11-14 14:54:00,127,49.443333333333335,At risk
15284,24.75,1,2010-07-27 13:25:00,2010-07-27 13:25:00,1,24.75,Lost
15285,94.92,1,2010-10-28 09:46:00,2010-10-28 09:46:00,1,94.92,Lost
15286,240.55,1,2011-10-21 11:08:00,2011-10-21 11:08:00,1,240.55,New customers
15287,856.03,5,2009-12-02 12:13:00,2011-11-17 15:34:00,715,171.206,Champions
15288,3883.13,10,2010-02-12 15:27:00,2011-10-27 16:58:00,622,388.313,Champions
15289,1593.09,5,2010-03-28 11:45:00,2011-11-10 13:49:00,592,318.618,Champions
15290,10233.26,24,2010-02-24 10:15:00,2011-12-01 16:28:00,645,426.3858333333333,Champions
15291,13846.56,40,2009-12-03 11:09:00,2011-11-14 11:02:00,710,346.164,Champions
15292,180.94,1,2011-05-22 15:00:00,2011-05-22 15:00:00,1,180.94,Lost
15293,247.5,1,2010-02-12 11:54:00,2010-02-12 11:54:00,1,247.5,Lost
15294,233.35,1,2010-10-25 11:45:00,2010-10-25 11:45:00,1,233.35,Lost
15295,217.23999999999998,1,2010-02-23 13:03:00,2010-02-23 13:03:00,1,217.23999999999998,Lost
15296,10342.83,12,2010-01-21 13:48:00,2011-10-20 11:47:00,636,861.9025,Champions
15297,641.94,3,2011-10-07 09:42:00,2011-11-29 16:32:00,53,213.98000000000002,Loyal
15298,9147.15,22,2009-12-08 17:04:00,2011-11-29 10:23:00,720,415.7795454545454,Champions
15299,7991.54,10,2010-01-12 11:34:00,2011-10-03 14:19:00,629,799.154,Loyal
15300,496.44,1,2011-10-06 17:08:00,2011-10-06 17:08:00,1,496.44,New customers
15301,7603.4400000000005,17,2010-09-15 15:41:00,2011-10-20 09:57:00,399,447.2611764705883,Champions
15302,308.0,1,2009-12-09 13:11:00,2009-12-09 13:11:00,1,308.0,Lost
15303,1224.18,3,2010-01-25 09:42:00,2011-02-22 13:59:00,393,408.06,At risk
15304,919.5500000000001,9,2010-10-14 10:24:00,2011-10-10 10:23:00,360,102.17222222222223,Champions
15305,93.6,1,2010-06-02 13:50:00,2010-06-02 13:50:00,1,93.6,Lost
15306,3484.73,9,2010-02-18 17:12:00,2011-10-06 12:56:00,594,387.1922222222222,Loyal
15307,205.3,1,2011-09-05 11:38:00,2011-09-05 11:38:00,1,205.3,Potential loyalists
15308,310.47,1,2011-03-10 13:08:00,2011-03-10 13:08:00,1,310.47,Lost
15309,797.96,4,2009-12-04 13:01:00,2010-04-08 11:11:00,124,199.49,At risk
15310,1634.64,1,2010-08-18 11:38:00,2010-08-18 11:38:00,1,1634.64,Lost
15311,115847.2,206,2009-12-01 11:21:00,2011-12-02 13:21:00,731,562.3650485436893,Champions
15312,2930.19,12,2009-12-16 09:23:00,2011-09-25 13:10:00,648,244.1825,Loyal
15313,52.0,1,2011-08-21 16:02:00,2011-08-21 16:02:00,1,52.0,Potential loyalists
15314,820.4499999999999,3,2010-10-07 15:41:00,2011-05-24 14:39:00,228,273.4833333333333,At risk
15315,570.5,2,2011-08-15 15:17:00,2011-10-06 12:51:00,51,285.25,Potential loyalists
15316,165.0,1,2011-01-17 11:34:00,2011-01-17 11:34:00,1,165.0,Lost
15317,129.75,1,2010-01-31 15:55:00,2010-01-31 15:55:00,1,129.75,Lost
15319,204.5,1,2011-03-01 12:48:00,2011-03-01 12:48:00,1,204.5,Lost
15320,267.13,1,2011-10-26 13:27:00,2011-10-26 13:27:00,1,267.13,New customers
15321,6709.7300000000005,12,2010-02-03 09:47:00,2011-09-30 09:40:00,603,559.1441666666667,Loyal
15322,1390.86,2,2010-08-20 13:10:00,2011-09-15 09:34:00,390,695.43,Potential loyalists
15323,434.6,3,2010-02-16 09:21:00,2010-05-26 10:01:00,99,144.86666666666667,At risk
15324,140.22000000000003,1,2010-01-07 14:37:00,2010-01-07 14:37:00,1,140.22000000000003,Lost
15325,1602.01,8,2010-02-16 13:30:00,2011-08-28 11:55:00,557,200.25125,Loyal
15326,1700.52,5,2009-12-01 13:19:00,2011-01-10 11:38:00,404,340.104,At risk
15327,208.75,1,2011-10-18 11:55:00,2011-10-18 11:55:00,1,208.75,New customers
15328,107.24,1,2010-10-28 09:05:00,2010-10-28 09:05:00,1,107.24,Lost
15329,2984.33,11,2009-12-14 12:18:00,2011-10-31 15:36:00,686,271.3027272727273,Champions
15330,714.96,2,2011-10-10 12:30:00,2011-11-07 17:50:00,28,357.48,New customers
15331,767.91,3,2010-04-09 14:26:00,2010-07-28 09:42:00,109,255.97,At risk
15332,6553.74,6,2010-07-14 13:01:00,2010-12-08 14:43:00,147,1092.29,At risk
15333,1028.56,1,2011-05-15 13:27:00,2011-05-15 13:27:00,1,1028.56,Lost
15334,351.67,3,2011-06-19 13:51:00,2011-07-06 11:22:00,16,117.22333333333334,Loyal
15335,173.97,1,2011-10-17 12:50:00,2011-10-17 12:50:00,1,173.97,New customers
15336,240.5,1,2010-11-03 12:39:00,2010-11-03 12:39:00,1,240.5,Lost
15337,373.02,1,2010-10-24 15:29:00,2010-10-24 15:29:00,1,373.02,Lost
15338,283.43,1,2010-01-31 14:25:00,2010-01-31 14:25:00,1,283.43,Lost
15339,1827.84,7,2010-02-08 13:38:00,2011-10-04 12:51:00,602,261.12,Loyal
15340,105.5,1,2010-05-27 10:27:00,2010-05-27 10:27:00,1,105.5,Lost
15341,2402.7200000000003,2,2010-09-16 16:41:00,2011-09-20 09:40:00,368,1201.3600000000001,Potential loyalists
15342,406.09,1,2011-08-02 10:19:00,2011-08-02 10:19:00,1,406.09,Potential loyalists
15343,364.5,1,2011-09-13 13:55:00,2011-09-13 13:55:00,1,364.5,Potential loyalists
15344,460.64,2,2011-09-26 14:48:00,2011-11-07 17:08:00,42,230.32,New customers
15345,393.54,1,2011-10-25 11:28:00,2011-10-25 11:28:00,1,393.54,New customers
15346,596.12,3,2010-10-04 15:11:00,2011-01-11 11:18:00,98,198.70666666666668,At risk
15347,1363.6,4,2010-09-28 12:50:00,2010-12-08 15:25:00,71,340.9,At risk
15348,158.04,1,2011-09-28 13:17:00,2011-09-28 13:17:00,1,158.04,Potential loyalists
15349,473.81,2,2011-06-05 15:46:00,2011-07-04 16:06:00,29,236.905,Potential loyalists
15350,663.25,2,2010-11-21 15:14:00,2010-12-01 13:33:00,9,331.625,Lost
15351,3738.29,10,2010-10-03 12:18:00,2011-11-27 12:52:00,420,373.829,Champions
15352,114.95,1,2010-06-09 11:28:00,2010-06-09 11:28:00,1,114.95,Lost
15353,3175.95,7,2009-12-02 11:33:00,2011-03-30 12:15:00,483,453.70714285714286,At risk
15354,284.4,3,2010-04-15 16:17:00,2010-04-15 16:24:00,1,94.8,At risk
15355,277.05,2,2011-10-17 15:22:00,2011-11-10 13:44:00,23,138.525,New customers
15356,3464.95,13,2010-10-13 13:12:00,2011-11-08 13:11:00,390,266.5346153846154,Champions
15358,16220.35,40,2009-12-07 12:19:00,2011-11-04 13:44:00,697,405.50875,Champions
15359,181.35,8,2010-01-15 11:30:00,2010-02-15 10:47:00,30,22.66875,At risk
15360,427.93,1,2011-10-31 09:35:00,2011-10-31 09:35:00,1,427.93,New customers
15361,689.07,4,2010-06-14 13:27:00,2010-12-13 09:52:00,181,172.2675,At risk
15362,613.08,2,2009-12-01 09:08:00,2010-09-17 10:37:00,290,306.54,Lost
15363,1004.11,2,2010-08-04 08:41:00,2010-12-02 12:28:00,120,502.055,Lost
15364,913.19,2,2011-03-30 13:39:00,2011-09-05 09:46:00,158,456.595,Potential loyalists
15365,4557.13,13,2010-02-04 16:43:00,2011-11-14 08:29:00,647,350.54846153846154,Champions
15366,2389.08,7,2010-02-26 10:10:00,2011-09-25 15:01:00,576,341.29714285714283,Loyal
15367,5081.33,11,2009-12-10 14:20:00,2011-10-13 14:13:00,671,461.9390909090909,Champions
15368,722.74,2,2010-11-10 15:52:00,2011-11-18 14:42:00,372,361.37,New customers
15369,6251.26,11,2009-12-08 07:43:00,2010-08-04 13:54:00,239,568.2963636363637,At risk
15370,3739.01,8,2010-10-25 12:08:00,2011-10-30 10:58:00,369,467.37625,Champions
15371,59.400000000000006,1,2010-02-15 13:14:00,2010-02-15 13:14:00,1,59.400000000000006,Lost
15372,6017.06,8,2010-02-14 11:24:00,2011-07-25 16:39:00,526,752.1325,Loyal
15373,3421.39,17,2010-05-02 11:57:00,2011-12-01 15:05:00,578,201.25823529411764,Champions
15374,307.32,2,2010-03-25 12:03:00,2011-08-03 09:59:00,495,153.66,Potential loyalists
15375,60.959999999999994,1,2010-01-18 15:38:00,2010-01-18 15:38:00,1,60.959999999999994,Lost
15376,1233.3600000000001,3,2011-05-01 13:45:00,2011-10-30 15:04:00,182,411.12000000000006,Loyal
15377,1211.75,4,2010-10-20 11:42:00,2010-11-22 08:55:00,32,302.9375,At risk
15378,246.5,2,2010-07-26 08:47:00,2010-09-03 11:30:00,39,123.25,Lost
15379,4877.84,8,2010-11-04 11:59:00,2011-06-23 13:13:00,231,609.73,Loyal
15380,3479.0600000000004,11,2009-12-01 13:50:00,2011-12-01 12:13:00,729,316.27818181818185,Champions
15381,1890.5700000000002,5,2010-05-05 14:35:00,2011-05-10 11:55:00,369,378.11400000000003,At risk
15382,13733.550000000001,12,2009-12-04 14:13:00,2011-11-25 10:58:00,720,1144.4625,Champions
15384,2027.79,4,2010-04-26 12:38:00,2011-06-23 10:57:00,422,506.9475,Loyal
15385,942.08,3,2010-01-31 13:02:00,2011-10-30 15:11:00,637,314.0266666666667,Loyal
15386,394.14,1,2011-06-06 13:47:00,2011-06-06 13:47:00,1,394.14,Potential loyalists
15387,468.65,1,2010-08-04 16:05:00,2010-08-04 16:05:00,1,468.65,Lost
15388,140.54,1,2011-03-14 13:53:00,2011-03-14 13:53:00,1,140.54,Lost
15389,2733.8,5,2010-01-27 12:44:00,2011-06-20 16:18:00,509,546.76,Loyal
15390,1216.66,2,2010-10-26 17:23:00,2010-11-08 15:19:00,12,608.33,Lost
15391,289.87,1,2010-05-04 15:04:00,2010-05-04 15:04:00,1,289.87,Lost
15392,2607.21,6,2010-10-04 12:50:00,2011-11-09 13:37:00,401,434.535,Champions
15393,891.34,5,2009-12-15 17:56:00,2011-11-23 16:48:00,707,178.268,Champions
15394,5286.8,11,2009-12-15 19:05:00,2011-11-30 11:49:00,714,480.6181818181818,Champions
15395,107.45,1,2011-01-18 12:40:00,2011-01-18 12:40:00,1,107.45,Lost
15396,796.38,2,2010-05-05 09:04:00,2011-08-19 10:56:00,471,398.19,Potential loyalists
15397,94.0,1,2011-02-23 09:25:00,2011-02-23 09:25:00,1,94.0,Lost
15398,1345.53,2,2011-09-22 14:56:00,2011-11-23 16:47:00,62,672.765,New customers
15399,549.13,2,2011-09-21 15:57:00,2011-11-17 15:04:00,56,274.565,New customers
15400,1302.3,8,2010-05-28 08:33:00,2011-09-08 13:57:00,468,162.7875,Loyal
15401,216.95000000000002,2,2010-05-20 10:56:00,2010-09-13 13:42:00,116,108.47500000000001,Lost
15402,1830.54,6,2010-04-27 12:12:00,2011-07-14 12:17:00,443,305.09,Loyal
15403,170.88,2,2009-12-09 12:45:00,2010-08-05 12:21:00,238,85.44,Lost
15404,257.06,1,2010-11-29 11:03:00,2010-11-29 11:03:00,1,257.06,Lost
15405,659.84,2,2010-05-12 15:56:00,2011-06-03 14:44:00,386,329.92,Potential loyalists
15406,975.87,4,2010-09-12 13:06:00,2011-11-08 13:22:00,422,243.9675,Loyal
15407,1056.44,4,2011-02-07 13:18:00,2011-11-06 11:55:00,271,264.11,Loyal
15408,267.18,1,2011-03-20 15:02:00,2011-03-20 15:02:00,1,267.18,Lost
15409,131.25,1,2009-12-18 15:35:00,2009-12-18 15:35:00,1,131.25,Lost
15410,4685.72,10,2010-04-19 08:57:00,2011-09-16 14:47:00,515,468.572,Loyal
15411,1358.88,4,2011-06-10 12:30:00,2011-11-13 15:19:00,156,339.72,Loyal
15412,190.53,1,2011-06-21 15:24:00,2011-06-21 15:24:00,1,190.53,Potential loyalists
15413,6798.72,5,2009-12-01 10:18:00,2010-01-17 11:33:00,47,1359.7440000000001,At risk
15414,774.9000000000001,3,2011-04-11 13:45:00,2011-11-30 09:50:00,232,258.3,Loyal
15415,572.8100000000001,1,2011-01-30 14:13:00,2011-01-30 14:13:00,1,572.8100000000001,Lost
15416,4572.82,7,2010-02-01 11:55:00,2011-10-06 09:38:00,611,653.26,Loyal
15417,508.8,1,2011-09-15 15:26:00,2011-09-15 15:26:00,1,508.8,Potential loyalists
15418,452.32,2,2010-05-02 11:31:00,2010-10-10 13:38:00,161,226.16,Lost
15419,135.86,1,2011-11-15 09:23:00,2011-11-15 09:23:00,1,135.86,New customers
15420,743.0,6,2009-12-05 13:29:00,2010-10-01 15:46:00,300,123.83333333333333,At risk
15421,3805.34,10,2009-12-07 15:10:00,2011-10-12 09:20:00,673,380.534,Champions
15422,1619.97,7,2010-02-07 11:52:00,2011-01-20 16:17:00,347,231.42428571428573,At risk
15423,266.89,3,2010-03-28 13:42:00,2011-11-01 14:01:00,583,88.96333333333332,Loyal
15424,597.78,3,2010-09-02 17:17:00,2011-03-30 13:02:00,208,199.26,At risk
15425,1944.57,4,2010-02-14 12:36:00,2010-11-04 18:13:00,263,486.1425,At risk
15426,2615.39,9,2010-05-02 15:10:00,2011-11-20 15:36:00,567,290.5988888888889,Champions
15427,1483.14,3,2011-10-23 14:47:00,2011-11-06 14:29:00,13,494.38000000000005,Loyal
15428,762.75,4,2009-12-17 17:46:00,2011-11-24 16:54:00,706,190.6875,Loyal
15429,397.35,2,2011-09-25 13:42:00,2011-11-13 12:28:00,48,198.675,New customers
15430,954.75,2,2010-06-29 15:04:00,2010-08-29 10:42:00,60,477.375,Lost
15431,153.24,1,2010-07-25 12:44:00,2010-07-25 12:44:00,1,153.24,Lost
15432,320.76,2,2010-06-16 14:34:00,2011-11-16 16:30:00,518,160.38,New customers
15433,533.3,2,2011-03-17 14:12:00,2011-05-10 10:45:00,53,266.65,Lost
15434,2567.06,11,2010-01-24 15:35:00,2011-12-01 13:33:00,675,233.36909090909091,Champions
15435,149.29,1,2011-11-17 16:39:00,2011-11-17 16:39:00,1,149.29,New customers
15436,1122.53,3,2011-04-19 16:52:00,2011-11-27 16:05:00,221,374.1766666666667,Loyal
15437,393.45,2,2010-03-09 10:45:00,2011-03-22 13:11:00,378,196.725,Lost
15438,156.57999999999998,1,2011-07-31 14:19:00,2011-07-31 14:19:00,1,156.57999999999998,Potential loyalists
15439,1269.05,4,2010-02-24 12:05:00,2010-10-31 10:38:00,248,317.2625,At risk
15440,383.68,3,2011-05-15 11:30:00,2011-10-16 12:16:00,154,127.89333333333333,Loyal
15441,1254.21,3,2009-12-09 14:55:00,2010-11-08 15:50:00,334,418.07,At risk
15442,594.0,1,2011-04-05 12:24:00,2011-04-05 12:24:00,1,594.0,Lost
15443,4796.42,13,2010-03-07 12:10:00,2011-11-27 12:29:00,630,368.9553846153846,Champions
15444,1418.26,2,2011-10-30 16:12:00,2011-11-30 17:37:00,31,709.13,New customers
15445,284.5,2,2010-04-28 15:00:00,2011-03-20 15:06:00,326,142.25,Lost
15446,406.95,3,2009-12-13 13:53:00,2010-11-28 11:59:00,349,135.65,At risk
15447,492.88,5,2010-03-24 14:40:00,2011-01-13 11:26:00,294,98.576,At risk
15448,788.81,2,2010-02-03 13:29:00,2011-01-31 10:42:00,361,394.405,Lost
15449,974.52,3,2011-03-23 10:43:00,2011-11-13 15:02:00,235,324.84,Loyal
15450,429.84,1,2011-11-09 17:11:00,2011-11-09 17:11:00,1,429.84,New customers
15451,233.21,2,2010-04-19 14:08:00,2010-10-01 13:40:00,164,116.605,Lost
15452,1799.1100000000001,6,2010-07-16 14:23:00,2011-11-10 12:13:00,481,299.8516666666667,Champions
15453,1253.09,6,2011-06-05 12:37:00,2011-11-04 12:21:00,151,208.84833333333333,Champions
15454,307.69,2,2010-03-31 13:15:00,2010-12-12 14:21:00,256,153.845,Lost
15455,38.25,1,2010-04-21 12:43:00,2010-04-21 12:43:00,1,38.25,Lost
15456,2119.27,10,2009-12-08 12:54:00,2011-03-01 13:51:00,448,211.927,At risk
15457,237.07,1,2011-03-22 15:31:00,2011-03-22 15:31:00,1,237.07,Lost
15458,370.43999999999994,2,2010-11-02 19:50:00,2011-11-14 13:08:00,376,185.21999999999997,New customers
15459,202.82999999999998,2,2010-07-30 14:31:00,2010-10-18 15:25:00,80,101.41499999999999,Lost
15460,216.76,1,2010-12-20 16:08:00,2010-12-20 16:08:00,1,216.76,Lost
15461,429.7,2,2010-03-18 12:40:00,2010-09-05 12:31:00,170,214.85,Lost
15462,737.05,4,2010-09-20 10:23:00,2011-09-06 13:11:00,351,184.2625,Loyal
15463,126.14,1,2011-11-10 12:57:00,2011-11-10 12:57:00,1,126.14,New customers
15464,1048.85,1,2011-01-05 15:56:00,2011-01-05 15:56:00,1,1048.85,Lost
15465,12655.65,32,2009-12-10 09:42:00,2011-11-20 10:11:00,710,395.4890625,Champions
15466,1571.01,4,2009-12-03 12:28:00,2011-09-15 14:08:00,651,392.7525,Loyal
15467,524.88,3,2011-07-10 14:42:00,2011-11-30 14:17:00,142,174.96,Loyal
15468,1430.48,3,2010-11-12 09:39:00,2011-10-19 13:49:00,341,476.82666666666665,Loyal
15469,874.25,3,2010-09-27 10:09:00,2011-10-20 16:21:00,388,291.4166666666667,Loyal
15470,63.419999999999995,1,2010-05-13 09:35:00,2010-05-13 09:35:00,1,63.419999999999995,Lost
15471,847.0799999999999,2,2010-06-07 12:17:00,2010-11-24 14:39:00,170,423.53999999999996,Lost
15472,371.56,1,2011-08-18 15:17:00,2011-08-18 15:17:00,1,371.56,Potential loyalists
15473,2046.0,8,2010-09-21 09:14:00,2011-11-25 15:15:00,430,255.75,Champions
15474,163.1,1,2010-04-23 11:14:00,2010-04-23 11:14:00,1,163.1,Lost
15475,454.10999999999996,1,2011-09-23 15:20:00,2011-09-23 15:20:00,1,454.10999999999996,Potential loyalists
15476,2209.98,4,2010-09-23 14:00:00,2010-11-24 15:17:00,62,552.495,At risk
15477,368.4,1,2010-02-28 10:37:00,2010-02-28 10:37:00,1,368.4,Lost
15478,2024.98,3,2010-05-13 18:49:00,2011-10-30 14:19:00,534,674.9933333333333,Loyal
15479,147.4,1,2009-12-06 15:08:00,2009-12-06 15:08:00,1,147.4,Lost
15480,6279.0,5,2010-02-01 14:52:00,2011-08-15 14:32:00,559,1255.8,Loyal
15481,1993.34,1,2010-11-03 14:52:00,2010-11-03 14:52:00,1,1993.34,Lost
15482,14592.56,19,2009-12-02 16:59:00,2011-11-24 10:46:00,721,768.0294736842105,Champions
15483,862.2,10,2010-01-24 15:42:00,2011-07-01 13:07:00,522,86.22,Loyal
15484,3981.75,5,2009-12-05 15:18:00,2011-11-21 17:00:00,716,796.35,Champions
15485,5771.51,7,2009-12-01 17:31:00,2011-11-09 14:31:00,707,824.5014285714286,Champions
15486,102.0,1,2010-06-30 13:15:00,2010-06-30 13:15:00,1,102.0,Lost
15487,231.32,1,2010-01-29 12:07:00,2010-01-29 12:07:00,1,231.32,Lost
15488,431.92,5,2010-05-05 13:03:00,2011-09-08 10:11:00,490,86.384,Loyal
15489,2419.61,8,2010-01-15 16:58:00,2011-11-17 08:53:00,670,302.45125,Champions
15490,217.6,1,2010-10-05 13:11:00,2010-10-05 13:11:00,1,217.6,Lost
15491,3100.09,6,2011-04-18 10:04:00,2011-09-05 15:56:00,140,516.6816666666667,Loyal
15492,659.4599999999999,2,2011-09-26 14:02:00,2011-11-11 14:53:00,46,329.72999999999996,New customers
15493,4314.9800000000005,9,2010-02-23 11:14:00,2011-11-07 12:04:00,622,479.44222222222226,Champions
15494,3780.05,5,2009-12-10 20:16:00,2011-11-18 14:51:00,707,756.01,Champions
15495,246.5,1,2010-11-25 13:46:00,2010-11-25 13:46:00,1,246.5,Lost
15496,146.14000000000001,1,2010-03-18 13:16:00,2010-03-18 13:16:00,1,146.14000000000001,Lost
15497,8657.39,9,2009-12-18 15:08:00,2011-11-22 11:51:00,703,961.9322222222222,Champions
15498,25174.64,43,2009-12-16 17:27:00,2011-11-22 13:40:00,705,585.4567441860465,Champions
15499,161.6,1,2009-12-16 12:17:00,2009-12-16 12:17:00,1,161.6,Lost
15500,1131.56,4,2011-09-19 13:47:00,2011-12-01 13:47:00,73,282.89,Loyal
15501,402.5,2,2010-10-20 12:47:00,2010-10-31 11:15:00,10,201.25,Lost
15502,13993.47,14,2010-06-03 11:12:00,2011-11-24 12:48:00,539,999.5335714285713,Champions
15503,267.15,2,2009-12-13 11:34:00,2010-12-12 10:57:00,363,133.575,Lost
15504,423.85,4,2010-02-12 12:34:00,2011-09-19 13:45:00,584,105.9625,Loyal
15505,3610.96,5,2011-07-07 13:33:00,2011-10-18 07:56:00,102,722.192,Champions
15506,2040.03,6,2010-08-19 12:38:00,2011-11-17 12:11:00,454,340.005,Champions
15507,492.36,1,2011-06-21 11:19:00,2011-06-21 11:19:00,1,492.36,Potential loyalists
15508,1000.27,6,2011-04-18 15:31:00,2011-06-03 15:43:00,46,166.71166666666667,Loyal
15509,166.51,1,2010-11-24 14:48:00,2010-11-24 14:48:00,1,166.51,Lost
15510,250.0,1,2011-01-13 12:10:00,2011-01-13 12:10:00,1,250.0,Lost
15511,909.23,5,2011-09-15 15:05:00,2011-11-28 09:43:00,73,181.846,Champions
15512,331.58,4,2010-02-01 13:23:00,2011-07-07 10:20:00,520,82.895,Loyal
15513,27750.55,35,2010-01-13 14:59:00,2011-11-06 14:36:00,661,792.8728571428571,Champions
15514,6598.55,18,2009-12-04 16:37:00,2011-11-27 14:40:00,722,366.5861111111111,Champions
15515,171.81,1,2010-11-17 13:39:00,2010-11-17 13:39:00,1,171.81,Lost
15516,62.43,3,2011-10-24 11:33:00,2011-10-26 10:51:00,1,20.81,Loyal
15517,267.03,1,2011-04-20 14:02:00,2011-04-20 14:02:00,1,267.03,Lost
15518,4218.94,15,2009-12-20 12:21:00,2011-10-06 13:05:00,655,281.26266666666663,Loyal
15519,344.61,2,2010-09-19 13:57:00,2010-11-21 14:35:00,63,172.305,Lost
15521,7106.69,16,2010-01-05 10:19:00,2011-10-30 13:42:00,663,444.168125,Champions
15522,398.84,2,2011-09-13 12:26:00,2011-11-07 11:26:00,54,199.42,New customers
15523,17359.99,16,2009-12-02 15:16:00,2011-09-16 16:29:00,653,1084.999375,Loyal
15524,591.4,2,2010-04-12 09:19:00,2011-11-15 12:09:00,582,295.7,New customers
15525,981.01,3,2010-11-22 12:10:00,2011-11-22 12:07:00,364,327.00333333333333,Loyal
15526,148.44,2,2011-11-06 15:01:00,2011-11-06 15:04:00,1,74.22,New customers
15527,5575.64,23,2009-12-15 17:31:00,2011-11-21 12:17:00,705,242.41913043478263,Champions
15528,229.33,1,2011-03-30 16:14:00,2011-03-30 16:14:00,1,229.33,Lost
15529,5111.95,12,2010-11-10 14:26:00,2011-11-17 11:29:00,371,425.99583333333334,Champions
15530,1813.72,5,2010-07-15 11:10:00,2011-11-18 12:25:00,491,362.744,Champions
15531,2007.44,2,2011-11-09 17:47:00,2011-12-01 18:43:00,22,1003.72,New customers
15532,3771.9,10,2010-06-08 14:52:00,2011-11-14 14:51:00,523,377.19,Champions
15533,807.57,3,2011-09-11 15:41:00,2011-11-20 15:35:00,69,269.19,Loyal
15534,162.25,1,2009-12-14 12:48:00,2009-12-14 12:48:00,1,162.25,Lost
15535,1087.82,6,2010-09-16 20:04:00,2011-06-19 16:02:00,275,181.3033333333333,Loyal
15536,259.09,1,2010-10-26 16:31:00,2010-10-26 16:31:00,1,259.09,Lost
15537,110.92,1,2011-06-29 13:10:00,2011-06-29 13:10:00,1,110.92,Potential loyalists
15538,3358.3999999999996,6,2010-02-14 12:38:00,2010-06-20 10:49:00,125,559.7333333333332,At risk
15539,538.46,1,2011-12-02 13:36:00,2011-12-02 13:36:00,1,538.46,New customers
15540,460.68,2,2010-11-29 11:10:00,2011-11-28 13:51:00,364,230.34,New customers
15541,85.13000000000001,1,2011-08-17 14:58:00,2011-08-17 14:58:00,1,85.13000000000001,Potential loyalists
15542,918.45,3,2009-12-02 11:53:00,2010-07-15 13:32:00,225,306.15000000000003,At risk
15543,242.84,2,2010-09-06 11:28:00,2011-02-24 15:26:00,171,121.42,Lost
15544,8162.43,20,2010-01-28 14:39:00,2011-11-30 16:43:00,671,408.1215,Champions
15545,428.05,2,2010-12-03 17:28:00,2011-10-16 13:24:00,316,214.025,New customers
15546,1079.1000000000001,2,2010-04-12 11:45:00,2010-04-12 11:51:00,1,539.5500000000001,Lost
15547,10154.39,26,2009-12-06 13:40:00,2011-12-02 12:52:00,725,390.55346153846153,Champions
15548,158.09,1,2010-04-23 12:20:00,2010-04-23 12:20:00,1,158.09,Lost
15549,2345.96,8,2010-01-11 13:16:00,2011-09-23 16:22:00,620,293.245,Loyal
15550,2076.45,11,2009-12-03 15:15:00,2011-08-25 15:18:00,630,188.7681818181818,Loyal
15551,1710.08,7,2010-06-07 15:05:00,2011-11-03 12:37:00,513,244.29714285714286,Champions
15552,252.52,2,2010-03-26 16:17:00,2011-05-06 14:47:00,405,126.26,Lost
15553,437.23,1,2011-10-10 14:02:00,2011-10-10 14:02:00,1,437.23,New customers
15554,217.2,1,2011-03-07 09:00:00,2011-03-07 09:00:00,1,217.2,Lost
15555,12112.35,36,2009-12-06 11:58:00,2011-11-27 16:19:00,721,336.45416666666665,Champions
15556,279.77,1,2011-11-15 16:08:00,2011-11-15 16:08:00,1,279.77,New customers
15557,473.65000000000003,1,2011-11-11 12:46:00,2011-11-11 12:46:00,1,473.65000000000003,New customers
15558,214.13,1,2010-03-10 15:25:00,2010-03-10 15:25:00,1,214.13,Lost
15559,1109.4,1,2010-05-20 14:06:00,2010-05-20 14:06:00,1,1109.4,Lost
15560,153.52,2,2010-11-07 10:14:00,2010-11-07 10:15:00,1,76.76,Lost
15561,1934.3899999999999,8,2010-02-14 12:22:00,2011-11-28 11:07:00,651,241.79874999999998,Champions
15562,673.3800000000001,3,2009-12-13 15:17:00,2010-12-23 09:55:00,374,224.46000000000004,At risk
15563,2867.0,7,2010-01-28 11:36:00,2011-11-17 14:50:00,658,409.57142857142856,Champions
15564,70.74000000000001,2,2010-02-01 15:58:00,2010-09-02 15:52:00,212,35.370000000000005,Lost
15565,173.16,2,2011-09-30 10:44:00,2011-10-20 14:33:00,20,86.58,New customers
15566,227.87,2,2009-12-15 14:53:00,2010-11-12 12:11:00,331,113.935,Lost
15567,186.01,1,2011-11-21 10:48:00,2011-11-21 10:48:00,1,186.01,New customers
15568,422.52,2,2011-09-27 14:37:00,2011-10-26 11:51:00,28,211.26,New customers
15569,3586.35,10,2010-02-28 10:55:00,2011-08-28 10:15:00,545,358.635,Loyal
15570,9311.04,25,2010-03-28 14:04:00,2011-12-02 14:47:00,614,372.44160000000005,Champions
15571,4051.63,14,2009-12-06 12:10:00,2011-11-28 10:02:00,721,289.40214285714285,Champions
15572,3873.69,9,2010-04-14 14:38:00,2011-11-14 12:14:00,578,430.41,Champions
15573,1207.18,5,2009-12-10 14:19:00,2011-11-08 11:38:00,697,241.436,Champions
15574,1518.7,6,2010-09-01 14:37:00,2011-06-15 12:01:00,286,253.11666666666667,Loyal
15575,30.1,1,2010-03-30 12:50:00,2010-03-30 12:50:00,1,30.1,Lost
15576,940.6700000000001,1,2011-11-02 12:03:00,2011-11-02 12:03:00,1,940.6700000000001,New customers
15577,397.98,5,2009-12-13 16:17:00,2011-07-11 17:03:00,575,79.596,Loyal
15578,127.1,1,2011-06-30 13:03:00,2011-06-30 13:03:00,1,127.1,Potential loyalists
15579,1302.5,5,2010-10-03 14:37:00,2011-10-02 12:45:00,363,260.5,Loyal
15580,1381.19,8,2010-02-07 11:21:00,2010-11-28 11:00:00,293,172.64875,At risk
15581,7794.59,38,2009-12-02 12:19:00,2011-08-11 09:38:00,616,205.12078947368423,Loyal
15582,682.9100000000001,3,2011-05-03 13:36:00,2011-11-15 09:55:00,195,227.63666666666668,Loyal
15583,107.86,1,2010-11-28 15:04:00,2010-11-28 15:04:00,1,107.86,Lost
15584,1277.5,6,2010-02-07 12:16:00,2011-11-16 10:55:00,646,212.91666666666666,Champions
15585,455.3,1,2011-06-16 08:38:00,2011-06-16 08:38:00,1,455.3,Potential loyalists
15586,1139.1,3,2010-01-08 10:02:00,2010-04-26 11:00:00,108,379.7,At risk
15587,1522.0800000000002,7,2010-08-05 08:44:00,2011-10-20 13:37:00,441,217.44000000000003,Champions
15588,579.6,1,2010-01-31 12:19:00,2010-01-31 12:19:00,1,579.6,Lost
15589,478.53000000000003,3,2011-02-02 10:46:00,2011-03-29 09:54:00,54,159.51000000000002,At risk
15590,1496.6,5,2010-04-12 10:09:00,2010-11-22 14:49:00,224,299.32,At risk
15591,217.9,3,2010-02-04 09:20:00,2010-05-06 09:23:00,91,72.63333333333334,At risk
15592,388.58,1,2011-10-24 08:59:00,2011-10-24 08:59:00,1,388.58,New customers
15593,199.8,1,2011-09-30 11:46:00,2011-09-30 11:46:00,1,199.8,Potential loyalists
15594,1771.78,5,2011-04-19 10:08:00,2011-11-24 08:53:00,218,354.356,Champions
15595,357.6,1,2010-08-09 12:27:00,2010-08-09 12:27:00,1,357.6,Lost
15596,3130.04,9,2010-07-28 11:46:00,2011-08-31 10:55:00,398,347.78222222222223,Loyal
15597,563.37,2,2010-05-13 13:10:00,2011-11-04 13:26:00,540,281.685,New customers
15598,548.02,2,2010-10-08 09:20:00,2011-10-17 16:04:00,374,274.01,New customers
15599,1250.06,3,2010-09-20 10:15:00,2011-11-13 11:44:00,419,416.68666666666667,Loyal
15600,1199.31,4,2010-04-25 11:50:00,2010-10-07 14:30:00,165,299.8275,At risk
15601,14960.12,30,2009-12-01 14:53:00,2011-11-28 15:15:00,727,498.6706666666667,Champions
15602,3230.51,16,2009-12-02 09:35:00,2011-12-01 14:14:00,729,201.906875,Champions
15603,88.48,2,2010-03-01 16:02:00,2011-09-22 10:04:00,569,44.24,Potential loyalists
15604,216.39,1,2011-10-18 14:47:00,2011-10-18 14:47:00,1,216.39,New customers
15605,1936.8,9,2010-01-14 14:03:00,2011-11-03 14:17:00,658,215.2,Champions
15606,5230.99,17,2010-03-02 14:48:00,2011-10-09 15:47:00,586,307.70529411764704,Champions
15607,1708.97,9,2010-01-08 12:16:00,2011-01-07 12:44:00,364,189.88555555555556,At risk
15608,1785.98,5,2010-10-20 10:10:00,2011-11-11 13:20:00,387,357.196,Champions
15609,298.48,1,2011-06-08 13:00:00,2011-06-08 13:00:00,1,298.48,Potential loyalists
15610,112.46000000000001,1,2011-10-19 10:36:00,2011-10-19 10:36:00,1,112.46000000000001,New customers
15611,2997.28,26,2010-01-25 14:50:00,2011-11-30 12:36:00,673,115.28,Champions
15612,195.15,2,2011-10-09 12:49:00,2011-11-03 14:52:00,25,97.575,New customers
15613,433.71999999999997,1,2010-04-08 12:51:00,2010-04-08 12:51:00,1,433.71999999999997,Lost
15614,3147.36,4,2010-03-23 11:13:00,2010-09-28 10:46:00,188,786.84,At risk
15615,21373.97,47,2009-12-02 15:28:00,2011-11-29 14:42:00,726,454.7653191489362,Champions
15616,317.11,1,2010-09-27 13:10:00,2010-09-27 13:10:00,1,317.11,Lost
15617,828.5500000000001,3,2010-07-20 13:16:00,2010-11-08 16:07:00,111,276.18333333333334,At risk
15618,776.851,4,2011-07-26 10:13:00,2011-11-07 08:34:00,103,194.21275,Loyal
15619,336.40000000000003,1,2011-11-29 08:14:00,2011-11-29 08:14:00,1,336.40000000000003,New customers
15620,1942.36,4,2010-10-26 11:32:00,2011-10-14 12:41:00,353,485.59,Loyal
15621,1044.96,2,2011-11-18 11:49:00,2011-11-28 15:16:00,10,522.48,New customers
15622,7852.61,17,2010-03-04 10:29:00,2011-10-27 16:44:00,602,461.9182352941176,Champions
15623,2437.05,8,2009-12-10 14:46:00,2011-07-21 17:26:00,588,304.63125,Loyal
15624,588.13,4,2011-03-28 13:32:00,2011-08-15 11:38:00,139,147.0325,Loyal
15625,3236.4,9,2010-06-15 15:23:00,2011-08-28 10:21:00,438,359.6,Loyal
15626,1067.52,3,2010-10-14 17:16:00,2011-09-26 10:03:00,346,355.84,Loyal
15627,566.9,2,2010-07-05 11:56:00,2010-09-08 14:14:00,65,283.45,Lost
15628,5449.31,16,2009-12-13 13:39:00,2011-11-15 09:15:00,701,340.581875,Champions
15629,2240.9,4,2010-06-25 11:39:00,2010-09-15 13:46:00,82,560.225,At risk
15630,1481.4,3,2010-03-05 14:30:00,2011-10-25 15:36:00,599,493.8,Loyal
15631,596.67,1,2010-03-07 14:52:00,2010-03-07 14:52:00,1,596.67,Lost
15632,3285.31,8,2011-03-10 08:29:00,2011-11-24 09:51:00,259,410.66375,Champions
15633,4352.46,13,2009-12-08 17:51:00,2010-07-18 13:54:00,221,334.8046153846154,At risk
15634,554.65,2,2010-11-21 15:30:00,2011-11-22 16:28:00,366,277.325,New customers
15635,100.35,1,2010-11-09 08:58:00,2010-11-09 08:58:00,1,100.35,Lost
15636,1444.58,4,2010-05-19 11:37:00,2011-09-11 11:17:00,479,361.145,Loyal
15637,797.59,5,2009-12-15 17:54:00,2011-10-18 08:28:00,671,159.518,Champions
15638,2265.2,6,2010-04-08 14:37:00,2010-11-26 11:52:00,231,377.5333333333333,At risk
15639,1065.08,3,2010-04-13 13:11:00,2011-07-28 14:30:00,471,355.02666666666664,Loyal
15640,22771.1,28,2009-12-14 16:36:00,2011-11-23 14:36:00,708,813.2535714285714,Champions
15641,5345.55,12,2009-12-06 15:31:00,2011-08-26 14:04:00,627,445.46250000000003,Loyal
15642,105.78000000000002,1,2009-12-10 11:51:00,2009-12-10 11:51:00,1,105.78000000000002,Lost
15643,664.0,3,2011-03-02 14:34:00,2011-06-01 07:38:00,90,221.33333333333334,Loyal
15644,813.0,4,2011-03-23 15:37:00,2011-06-26 14:54:00,94,203.25,Loyal
15645,1055.17,3,2010-10-10 12:51:00,2011-11-21 11:55:00,406,351.72333333333336,Loyal
15646,974.61,5,2010-10-25 13:06:00,2011-07-05 09:53:00,252,194.922,Loyal
15647,169.0,1,2010-10-20 15:09:00,2010-10-20 15:09:00,1,169.0,Lost
15648,657.35,2,2011-03-17 18:59:00,2011-05-19 15:53:00,62,328.675,Lost
15649,2170.35,4,2010-11-17 16:22:00,2011-01-07 13:34:00,50,542.5875,At risk
15650,553.88,2,2010-03-21 11:46:00,2010-07-06 10:41:00,106,276.94,Lost
15651,1259.06,5,2010-04-22 13:26:00,2011-11-03 08:41:00,559,251.81199999999998,Champions
15652,1420.34,5,2010-08-11 16:58:00,2011-09-09 14:22:00,393,284.068,Loyal
15653,877.4399999999999,2,2011-08-16 09:50:00,2011-09-08 10:49:00,23,438.71999999999997,Potential loyalists
15654,922.53,2,2011-11-13 15:15:00,2011-11-30 13:08:00,16,461.265,New customers
15655,560.67,1,2011-04-10 15:25:00,2011-04-10 15:25:00,1,560.67,Lost
15656,748.5,4,2011-02-28 15:32:00,2011-10-25 14:56:00,238,187.125,Loyal
15657,30.0,1,2011-11-17 12:19:00,2011-11-17 12:19:00,1,30.0,New customers
15658,2423.4700000000003,8,2009-12-03 11:19:00,2011-06-02 15:22:00,546,302.93375000000003,Loyal
15659,532.49,3,2010-02-24 13:32:00,2011-10-27 09:23:00,609,177.49666666666667,Loyal
15660,2812.99,15,2010-02-05 16:01:00,2011-11-14 16:58:00,647,187.53266666666664,Champions
15661,1215.95,8,2010-05-10 07:59:00,2011-01-26 13:56:00,261,151.99375,At risk
15662,283.73,2,2009-12-01 13:49:00,2010-02-16 16:47:00,77,141.865,Lost
15663,138.14,1,2011-08-25 15:50:00,2011-08-25 15:50:00,1,138.14,Potential loyalists
15664,1254.03,4,2010-02-28 12:50:00,2011-10-20 10:57:00,598,313.5075,Loyal
15665,4015.12,5,2010-03-14 15:07:00,2011-06-24 14:57:00,466,803.024,Loyal
15666,632.9399999999999,2,2010-08-01 15:41:00,2010-08-24 16:14:00,23,316.46999999999997,Lost
15667,301.32,1,2011-10-31 10:56:00,2011-10-31 10:56:00,1,301.32,New customers
15668,76.32000000000001,1,2011-05-06 10:39:00,2011-05-06 10:39:00,1,76.32000000000001,Lost
15669,684.34,4,2011-03-21 09:13:00,2011-10-30 16:03:00,223,171.085,Loyal
15670,325.2,2,2010-06-01 15:34:00,2011-02-16 10:50:00,259,162.6,Lost
15671,2657.13,7,2011-03-14 09:37:00,2011-11-21 12:43:00,252,379.59000000000003,Champions
15672,45.300000000000004,1,2009-12-14 16:52:00,2009-12-14 16:52:00,1,45.300000000000004,Lost
15673,6414.79,9,2010-02-22 14:28:00,2011-09-12 16:12:00,567,712.7544444444444,Loyal
15674,6948.2300000000005,13,2009-12-08 17:08:00,2011-09-27 15:17:00,657,534.4792307692308,Loyal
15675,542.04,4,2010-10-31 14:14:00,2011-09-19 13:48:00,322,135.51,Loyal
15676,3435.76,3,2011-03-01 10:19:00,2011-11-21 12:40:00,265,1145.2533333333333,Loyal
15677,1305.63,3,2010-09-02 12:08:00,2011-10-21 15:36:00,414,435.21000000000004,Loyal
15678,1893.89,3,2010-07-05 12:49:00,2011-10-18 09:25:00,469,631.2966666666667,Loyal
15679,781.28,4,2011-06-10 08:24:00,2011-11-15 16:19:00,158,195.32,Loyal
15680,4507.58,10,2009-12-02 12:15:00,2011-11-30 13:46:00,728,450.758,Champions
15681,2989.7,14,2010-05-24 14:18:00,2011-11-14 16:30:00,539,213.54999999999998,Champions
15682,318.24,2,2010-01-21 14:37:00,2010-04-19 15:30:00,88,159.12,Lost
15683,524.54,2,2010-08-23 12:01:00,2011-08-14 12:56:00,356,262.27,Potential loyalists
15684,173.95,3,2009-12-04 16:13:00,2010-06-10 18:51:00,188,57.98333333333333,At risk
15685,55.980000000000004,1,2010-09-15 13:43:00,2010-09-15 13:43:00,1,55.980000000000004,Lost
15686,90.0,1,2010-10-15 13:50:00,2010-10-15 13:50:00,1,90.0,Lost
15687,2993.1,9,2011-01-13 15:13:00,2011-12-01 08:33:00,321,332.56666666666666,Champions
15688,190.57,1,2010-10-17 12:06:00,2010-10-17 12:06:00,1,190.57,Lost
15689,521.03,3,2010-04-01 09:53:00,2011-08-12 09:37:00,497,173.67666666666665,Loyal
15690,111.0,1,2011-08-31 11:40:00,2011-08-31 11:40:00,1,111.0,Potential loyalists
15691,571.3,4,2009-12-06 16:01:00,2011-04-01 15:13:00,480,142.825,At risk
15692,191.04,1,2011-11-11 14:12:00,2011-11-11 14:12:00,1,191.04,New customers
15693,37.5,1,2010-02-18 14:37:00,2010-02-18 14:37:00,1,37.5,Lost
15694,10404.01,23,2009-12-07 15:43:00,2011-12-01 18:16:00,724,452.34826086956525,Champions
15695,1131.04,4,2010-01-27 10:56:00,2011-03-18 08:32:00,414,282.76,At risk
15696,3906.57,13,2010-01-24 14:36:00,2011-11-06 14:02:00,650,300.5053846153846,Champions
15697,246.75,1,2010-01-19 09:10:00,2010-01-19 09:10:00,1,246.75,Lost
15698,46.2,1,2010-03-25 17:38:00,2010-03-25 17:38:00,1,46.2,Lost
15699,309.65,1,2011-11-22 08:26:00,2011-11-22 08:26:00,1,309.65,New customers
15700,696.68,2,2011-06-19 15:36:00,2011-06-20 16:53:00,1,348.34,Potential loyalists
15701,1223.2,3,2011-08-21 12:36:00,2011-10-02 14:00:00,42,407.73333333333335,Loyal
15702,140.39000000000001,2,2010-01-26 17:23:00,2010-08-20 14:50:00,205,70.19500000000001,Lost
15703,211.5,1,2011-03-20 10:51:00,2011-03-20 10:51:00,1,211.5,Lost
15704,3817.96,6,2010-05-05 14:51:00,2011-07-22 13:35:00,442,636.3266666666667,Loyal
15705,143.1,1,2011-05-22 15:37:00,2011-05-22 15:37:00,1,143.1,Lost
15706,1060.56,4,2011-08-15 14:32:00,2011-10-07 10:09:00,52,265.14,Loyal
15707,945.58,4,2011-09-14 14:19:00,2011-11-04 14:35:00,51,236.395,Champions
15708,4378.72,9,2010-10-10 11:33:00,2011-10-30 10:54:00,384,486.5244444444445,Champions
15709,327.85,2,2010-04-29 18:31:00,2011-03-01 10:38:00,305,163.925,Lost
15710,898.87,1,2010-10-18 17:05:00,2010-10-18 17:05:00,1,898.87,Lost
15711,420.25,2,2010-01-24 12:13:00,2010-06-01 12:14:00,128,210.125,Lost
15712,3472.4100000000003,12,2009-12-01 11:17:00,2011-11-30 14:09:00,729,289.3675,Champions
15713,1010.79,4,2009-12-16 09:41:00,2011-07-19 13:34:00,580,252.6975,Loyal
15714,784.8100000000001,5,2010-06-02 12:08:00,2011-11-28 11:26:00,543,156.96200000000002,Champions
15715,658.02,5,2010-03-30 12:17:00,2010-06-02 09:56:00,63,131.60399999999998,At risk
15716,3056.81,11,2009-12-07 12:42:00,2011-07-17 11:59:00,586,277.89181818181817,Loyal
15717,607.0,5,2010-04-26 10:41:00,2011-04-19 13:21:00,358,121.4,At risk
15718,293.79,1,2010-06-17 16:20:00,2010-06-17 16:20:00,1,293.79,Lost
15719,10223.06,31,2009-12-01 12:47:00,2011-11-07 12:29:00,705,329.77612903225804,Champions
15720,741.92,2,2010-06-07 15:40:00,2011-11-15 14:48:00,525,370.96,New customers
15721,507.08,1,2011-11-28 12:14:00,2011-11-28 12:14:00,1,507.08,New customers
15722,5258.1,11,2010-03-09 15:05:00,2011-11-04 11:43:00,604,478.00909090909096,Champions
15723,947.65,4,2010-05-14 12:55:00,2010-12-10 11:12:00,209,236.9125,At risk
15724,310.85,3,2010-11-04 10:22:00,2011-05-22 14:40:00,199,103.61666666666667,At risk
15725,415.25,1,2011-11-24 14:51:00,2011-11-24 14:51:00,1,415.25,New customers
15726,321.91,1,2010-11-14 16:12:00,2010-11-14 16:12:00,1,321.91,Lost
15727,9445.51,15,2010-01-24 12:12:00,2011-11-23 12:36:00,668,629.7006666666667,Champions
15728,544.6,2,2010-09-21 14:46:00,2010-11-25 10:39:00,64,272.3,Lost
15729,192.55,3,2010-11-01 13:44:00,2011-05-11 12:36:00,190,64.18333333333334,At risk
15730,1726.58,5,2010-10-04 14:15:00,2011-10-05 12:31:00,365,345.316,Loyal
15731,125.3,1,2010-06-04 10:10:00,2010-06-04 10:10:00,1,125.3,Lost
15732,1682.07,10,2010-02-04 10:10:00,2011-05-11 14:24:00,461,168.207,At risk
15733,162.3,1,2011-03-02 09:05:00,2011-03-02 09:05:00,1,162.3,Lost
15734,2263.3,4,2010-06-10 14:25:00,2011-08-17 10:50:00,432,565.825,Loyal
15735,327.68,1,2010-10-14 13:38:00,2010-10-14 13:38:00,1,327.68,Lost
15736,1815.72,2,2010-09-30 14:19:00,2010-09-30 14:20:00,1,907.86,Lost
15737,1205.1200000000001,8,2011-04-11 10:01:00,2011-11-25 11:21:00,228,150.64000000000001,Champions
15738,13372.970000000001,41,2009-12-10 15:52:00,2011-11-21 08:26:00,710,326.17,Champions
15739,449.12,1,2011-10-04 13:42:00,2011-10-04 13:42:00,1,449.12,Potential loyalists
15740,154.88,1,2011-10-21 14:29:00,2011-10-21 14:29:00,1,154.88,New customers
15741,208.62,2,2010-03-31 11:55:00,2010-09-07 16:21:00,160,104.31,Lost
15742,156.87,1,2010-03-30 15:25:00,2010-03-30 15:25:00,1,156.87,Lost
15743,784.46,4,2011-06-08 10:14:00,2011-11-23 17:19:00,168,196.115,Champions
15744,34.8,1,2011-09-23 09:52:00,2011-09-23 09:52:00,1,34.8,Potential loyalists
15745,1094.59,4,2011-04-17 13:04:00,2011-11-20 13:45:00,217,273.6475,Champions
15746,196.88,1,2011-07-28 15:21:00,2011-07-28 15:21:00,1,196.88,Potential loyalists
15747,2562.61,9,2010-01-18 11:21:00,2011-11-27 12:26:00,678,284.7344444444445,Champions
15748,614.7600000000001,3,2010-09-16 16:52:00,2011-10-30 12:51:00,408,204.92000000000004,Loyal
15749,44534.3,3,2011-01-11 12:55:00,2011-04-18 13:20:00,97,14844.766666666668,At risk
15750,6456.801,17,2009-12-01 17:19:00,2011-11-24 19:30:00,723,379.8118235294118,Champions
15751,1380.44,11,2009-12-06 13:08:00,2010-09-05 12:44:00,272,125.49454545454546,At risk
15752,4207.54,9,2010-09-08 11:56:00,2011-10-31 11:37:00,417,467.50444444444446,Champions
15753,79.2,1,2011-02-08 12:41:00,2011-02-08 12:41:00,1,79.2,Lost
15754,3037.61,9,2010-02-22 13:31:00,2011-10-19 14:40:00,604,337.51222222222225,Champions
15755,5993.12,17,2009-12-04 08:24:00,2011-11-29 14:57:00,725,352.53647058823526,Champions
15756,532.96,4,2011-04-04 14:00:00,2011-10-09 13:30:00,187,133.24,Champions
15757,2940.36,6,2010-06-10 13:47:00,2011-10-05 12:14:00,481,490.06,Loyal
15758,205.25,1,2011-11-15 10:48:00,2011-11-15 10:48:00,1,205.25,New customers
15759,830.9300000000001,7,2009-12-02 10:08:00,2011-05-05 15:13:00,519,118.70428571428572,At risk
15760,13916.34,2,2010-03-19 11:35:00,2010-03-19 11:45:00,1,6958.17,Lost
15761,143.05,1,2010-09-23 09:33:00,2010-09-23 09:33:00,1,143.05,Lost
15762,583.75,2,2011-09-23 15:17:00,2011-10-05 16:15:00,12,291.875,Potential loyalists
15763,1086.92,2,2011-09-23 12:10:00,2011-11-08 09:44:00,45,543.46,New customers
15764,4503.08,8,2010-08-18 13:58:00,2011-09-12 17:58:00,390,562.885,Loyal
15765,370.63,1,2010-02-11 10:25:00,2010-02-11 10:25:00,1,370.63,Lost
15766,831.06,3,2010-01-26 15:55:00,2011-10-06 17:03:00,618,277.02,Loyal
15768,15601.09,34,2009-12-03 12:10:00,2011-08-16 10:48:00,620,458.85558823529414,Loyal
15769,88704.32,46,2009-12-11 09:58:00,2011-12-02 13:52:00,721,1928.3547826086958,Champions
15770,321.45,1,2010-04-06 11:47:00,2010-04-06 11:47:00,1,321.45,Lost
15771,1006.54,3,2010-01-15 12:14:00,2010-04-14 13:56:00,89,335.5133333333333,At risk
15772,280.88,1,2010-10-17 13:33:00,2010-10-17 13:33:00,1,280.88,Lost
15773,774.52,2,2010-10-26 15:27:00,2011-12-04 12:48:00,403,387.26,New customers
15774,1329.94,6,2010-02-21 12:57:00,2011-10-02 12:04:00,587,221.65666666666667,Loyal
15775,150.5,2,2010-03-18 07:32:00,2011-04-08 12:56:00,386,75.25,Lost
15776,241.62,1,2011-07-29 13:46:00,2011-07-29 13:46:00,1,241.62,Potential loyalists
15777,1762.61,7,2010-05-20 10:37:00,2011-04-12 16:43:00,327,251.80142857142854,At risk
15778,307.95,1,2010-10-04 15:10:00,2010-10-04 15:10:00,1,307.95,Lost
15779,124.08000000000001,2,2010-06-25 15:55:00,2010-09-02 16:40:00,69,62.040000000000006,Lost
15780,475.28000000000003,3,2010-12-17 11:43:00,2011-06-09 12:01:00,174,158.42666666666668,Loyal
15781,345.46,3,2011-02-07 09:15:00,2011-11-14 14:57:00,280,115.15333333333332,Loyal
15782,4014.1,4,2010-10-05 15:43:00,2011-11-30 10:49:00,420,1003.525,Champions
15783,246.3,1,2011-11-29 09:50:00,2011-11-29 09:50:00,1,246.3,New customers
15784,848.3299999999999,2,2010-02-05 14:42:00,2010-08-29 10:38:00,204,424.16499999999996,Lost
15785,5969.93,16,2009-12-15 16:28:00,2011-11-07 11:33:00,691,373.120625,Champions
15786,8514.82,5,2010-06-21 10:13:00,2011-10-24 14:13:00,490,1702.964,Champions
15787,948.05,3,2011-10-09 13:11:00,2011-11-13 14:55:00,35,316.01666666666665,Loyal
15788,221.82999999999998,1,2010-07-19 12:48:00,2010-07-19 12:48:00,1,221.82999999999998,Lost
15789,1962.01,6,2010-03-26 11:21:00,2010-12-16 14:35:00,265,327.00166666666667,At risk
15790,220.85,1,2011-11-29 14:53:00,2011-11-29 14:53:00,1,220.85,New customers
15791,3608.34,5,2010-03-08 09:41:00,2011-10-27 10:14:00,598,721.668,Champions
15792,933.84,2,2010-03-31 09:42:00,2010-11-05 08:21:00,218,466.92,Lost
15793,2399.57,8,2009-12-01 12:54:00,2011-11-25 09:31:00,723,299.94625,Champions
15794,777.0,2,2009-12-02 15:10:00,2009-12-03 13:04:00,1,388.5,Lost
15795,1979.8700000000001,8,2010-01-18 11:31:00,2011-07-13 10:43:00,540,247.48375000000001,Loyal
15796,4728.18,16,2010-03-31 13:10:00,2011-11-22 13:41:00,601,295.51125,Champions
15797,2821.08,6,2010-01-27 13:12:00,2011-08-18 17:04:00,568,470.18,Loyal
15798,1535.37,3,2010-01-27 11:55:00,2010-08-04 09:13:00,188,511.78999999999996,At risk
15799,1424.29,4,2010-10-17 14:26:00,2011-09-25 12:46:00,342,356.0725,Loyal
15800,1242.58,7,2010-03-31 13:17:00,2011-08-24 14:23:00,511,177.51142857142855,Loyal
15801,1063.95,3,2011-08-22 09:53:00,2011-10-24 13:52:00,63,354.65000000000003,Loyal
15802,451.42,1,2011-07-20 11:38:00,2011-07-20 11:38:00,1,451.42,Potential loyalists
15803,1929.66,4,2010-02-01 16:29:00,2011-10-19 14:56:00,624,482.415,Champions
15804,3877.34,12,2011-05-25 10:12:00,2011-11-28 15:50:00,187,323.1116666666667,Champions
15805,10189.23,30,2009-12-10 12:57:00,2011-11-16 16:32:00,706,339.64099999999996,Champions
15806,784.58,3,2011-03-08 09:24:00,2011-10-24 14:35:00,230,261.5266666666667,Loyal
15807,1817.52,5,2010-02-11 15:32:00,2011-10-20 14:10:00,615,363.504,Champions
15808,18409.93,21,2009-12-01 16:30:00,2011-02-06 14:33:00,431,876.6633333333333,At risk
15809,1274.44,7,2010-06-22 14:23:00,2011-11-03 16:40:00,499,182.06285714285715,Champions
15810,2999.04,8,2010-02-04 18:18:00,2011-09-22 09:38:00,594,374.88,Loyal
15811,3890.52,7,2010-11-16 16:46:00,2011-11-17 15:31:00,365,555.7885714285715,Champions
15812,5201.47,12,2009-12-15 13:40:00,2011-08-24 14:19:00,617,433.4558333333334,Loyal
15813,1303.9099999999999,2,2011-04-14 09:09:00,2011-05-16 08:13:00,31,651.9549999999999,Lost
15814,2634.44,6,2010-04-15 14:31:00,2011-11-23 08:17:00,586,439.0733333333333,Champions
15815,2100.6,5,2011-03-25 08:43:00,2011-10-07 12:42:00,196,420.12,Champions
15816,144.14999999999998,2,2010-06-15 12:54:00,2010-06-15 13:36:00,1,72.07499999999999,Lost
15817,2766.4,3,2010-06-14 13:31:00,2010-10-15 11:07:00,122,922.1333333333333,At risk
15818,340.5,1,2010-04-30 12:58:00,2010-04-30 12:58:00,1,340.5,Lost
15819,3934.79,10,2010-03-18 11:08:00,2011-10-21 14:50:00,582,393.479,Champions
15820,206.98,1,2011-01-24 12:00:00,2011-01-24 12:00:00,1,206.98,Lost
15821,570.96,2,2011-10-09 13:28:00,2011-10-26 15:48:00,17,285.48,New customers
15822,1394.79,5,2009-12-06 15:12:00,2010-12-15 13:38:00,373,278.95799999999997,At risk
15823,3897.17,3,2009-12-08 15:12:00,2010-12-02 15:08:00,358,1299.0566666666666,At risk
15824,890.94,2,2010-06-25 15:10:00,2010-09-12 13:20:00,78,445.47,Lost
15825,532.94,1,2011-06-20 13:27:00,2011-06-20 13:27:00,1,532.94,Potential loyalists
15826,2598.28,4,2010-05-20 17:00:00,2011-10-14 16:05:00,511,649.57,Champions
15827,3794.07,28,2010-01-08 11:25:00,2011-09-27 15:35:00,627,135.5025,Loyal
15828,1108.82,1,2010-11-29 16:41:00,2010-11-29 16:41:00,1,1108.82,Lost
15829,636.14,2,2011-07-22 10:23:00,2011-09-01 16:45:00,41,318.07,Potential loyalists
15830,576.0,1,2011-11-02 10:40:00,2011-11-02 10:40:00,1,576.0,New customers
15831,801.76,3,2011-01-19 14:52:00,2011-10-12 13:14:00,265,267.25333333333333,Loyal
15832,836.79,1,2011-03-30 15:29:00,2011-03-30 15:29:00,1,836.79,Lost
15833,80.4,1,2009-12-02 11:59:00,2009-12-02 11:59:00,1,80.4,Lost
15834,3772.9900000000002,7,2010-10-11 14:05:00,2011-09-30 14:41:00,354,538.9985714285715,Loyal
15835,954.09,4,2011-01-13 10:35:00,2011-10-26 15:47:00,286,238.5225,Champions
15836,137.37,1,2011-10-20 17:13:00,2011-10-20 17:13:00,1,137.37,New customers
15837,777.01,2,2010-08-11 10:16:00,2011-10-06 09:01:00,420,388.505,Potential loyalists
15838,74163.0,34,2009-12-15 09:51:00,2011-11-28 14:00:00,713,2181.264705882353,Champions
15839,1048.49,3,2011-07-14 16:35:00,2011-11-06 13:54:00,114,349.49666666666667,Loyal
15840,355.56,2,2011-06-20 11:42:00,2011-10-12 09:08:00,113,177.78,New customers
15841,2742.41,9,2009-12-10 08:29:00,2011-09-28 12:15:00,657,304.7122222222222,Loyal
15842,548.8,2,2010-06-30 09:06:00,2010-11-11 14:08:00,134,274.4,Lost
15843,118.95000000000002,1,2011-02-09 10:19:00,2011-02-09 10:19:00,1,118.95000000000002,Lost
15844,130.73999999999998,1,2011-10-24 15:19:00,2011-10-24 15:19:00,1,130.73999999999998,New customers
15845,4426.28,11,2010-01-26 14:44:00,2011-11-22 09:42:00,664,402.3890909090909,Champions
15846,107.01,1,2010-11-19 14:40:00,2010-11-19 14:40:00,1,107.01,Lost
15847,822.57,5,2010-03-08 08:47:00,2011-11-01 14:41:00,603,164.514,Champions
15848,139.94,1,2010-03-28 10:54:00,2010-03-28 10:54:00,1,139.94,Lost
15850,1058.72,6,2009-12-13 13:27:00,2011-11-20 14:14:00,707,176.45333333333335,Champions
15851,109.73,1,2010-07-01 12:34:00,2010-07-01 12:34:00,1,109.73,Lost
15852,257.26,3,2010-07-01 10:16:00,2011-06-06 11:22:00,340,85.75333333333333,Loyal
15853,110.8,1,2011-10-19 10:38:00,2011-10-19 10:38:00,1,110.8,New customers
15854,5449.1,19,2009-12-10 12:08:00,2011-09-14 12:25:00,643,286.7947368421053,Loyal
15855,1052.72,6,2010-08-20 17:15:00,2011-07-26 10:20:00,339,175.45333333333335,Loyal
15856,33164.54,49,2009-12-03 14:02:00,2011-12-02 16:07:00,729,676.8273469387756,Champions
15857,570.48,2,2010-10-05 16:43:00,2011-11-21 12:18:00,411,285.24,New customers
15858,3960.37,13,2009-12-10 11:42:00,2011-11-24 12:48:00,714,304.64384615384614,Champions
15859,438.46,1,2010-10-03 12:52:00,2010-10-03 12:52:00,1,438.46,Lost
15860,2505.21,17,2009-12-06 12:31:00,2011-10-30 11:25:00,692,147.36529411764707,Champions
15861,4401.79,12,2010-01-28 19:41:00,2011-11-27 15:59:00,667,366.81583333333333,Champions
15862,2928.29,13,2009-12-17 11:33:00,2011-12-01 13:28:00,714,225.25307692307692,Champions
15863,358.7,5,2009-12-17 10:20:00,2011-11-14 12:49:00,697,71.74,Champions
15864,2180.76,7,2010-11-23 15:02:00,2011-11-17 13:32:00,358,311.5371428571429,Champions
15865,2248.92,5,2010-01-05 13:58:00,2011-10-30 12:43:00,662,449.784,Champions
15866,230.53,1,2011-08-30 14:09:00,2011-08-30 14:09:00,1,230.53,Potential loyalists
15867,8778.37,30,2009-12-14 15:16:00,2011-11-17 16:39:00,703,292.61233333333337,Champions
15868,94.53,1,2010-05-05 14:11:00,2010-05-05 14:11:00,1,94.53,Lost
15869,323.65999999999997,3,2010-03-23 16:50:00,2011-03-07 17:23:00,349,107.88666666666666,At risk
15870,862.61,4,2010-09-19 16:22:00,2011-11-07 10:58:00,413,215.6525,Champions
15871,33.099999999999994,1,2010-09-28 14:16:00,2010-09-28 14:16:00,1,33.099999999999994,Lost
15872,795.68,4,2010-06-07 14:53:00,2011-11-25 11:55:00,535,198.92,Champions
15873,313.91999999999996,4,2010-07-27 11:58:00,2010-07-28 12:41:00,1,78.47999999999999,At risk
15874,11284.76,21,2010-01-07 13:56:00,2011-10-07 12:31:00,637,537.3695238095238,Champions
15875,111.72,1,2010-03-03 16:51:00,2010-03-03 16:51:00,1,111.72,Lost
15876,1449.1399999999999,2,2010-09-17 15:26:00,2010-10-26 18:58:00,39,724.5699999999999,Lost
15877,242.26,1,2011-11-22 11:18:00,2011-11-22 11:18:00,1,242.26,New customers
15878,330.77,2,2009-12-06 12:28:00,2010-05-27 12:17:00,171,165.385,Lost
15879,1157.3,4,2009-12-17 19:54:00,2010-10-31 16:21:00,317,289.325,At risk
15880,686.5600000000001,1,2010-12-05 13:00:00,2010-12-05 13:00:00,1,686.5600000000001,Lost
15881,501.39000000000004,5,2010-12-10 13:32:00,2011-01-31 16:59:00,52,100.278,At risk
15882,1495.98,8,2009-12-10 15:33:00,2011-05-25 11:35:00,530,186.9975,At risk
15883,143.76,1,2011-11-06 14:50:00,2011-11-06 14:50:00,1,143.76,New customers
15884,249.70000000000002,2,2009-12-03 18:23:00,2010-10-03 15:55:00,303,124.85000000000001,Lost
15885,1951.82,15,2010-01-21 12:47:00,2011-09-08 10:43:00,594,130.12133333333333,Loyal
15886,1052.8700000000001,4,2010-04-20 15:03:00,2011-10-10 14:25:00,537,263.21750000000003,Champions
15887,1027.15,3,2010-06-02 11:53:00,2010-10-29 08:36:00,148,342.3833333333334,At risk
15888,429.16,3,2010-07-01 11:51:00,2011-09-20 12:30:00,446,143.05333333333334,Loyal
15889,1806.28,8,2009-12-10 12:21:00,2011-07-06 11:10:00,572,225.785,Loyal
15890,535.65,5,2010-04-14 08:43:00,2010-11-10 12:46:00,210,107.13,At risk
15891,524.52,1,2011-04-27 12:35:00,2011-04-27 12:35:00,1,524.52,Lost
15892,128.2,1,2010-02-08 16:23:00,2010-02-08 16:23:00,1,128.2,Lost
15893,305.28000000000003,1,2010-08-15 11:12:00,2010-08-15 11:12:00,1,305.28000000000003,Lost
15894,420.29,2,2010-12-05 14:06:00,2011-03-31 13:50:00,115,210.145,Lost
15895,179.17,1,2011-07-13 10:27:00,2011-07-13 10:27:00,1,179.17,Potential loyalists
15897,222.05,2,2011-05-29 13:32:00,2011-05-29 13:50:00,1,111.025,Potential loyalists
15898,5210.42,24,2009-12-11 16:11:00,2011-04-27 10:03:00,501,217.10083333333333,At risk
15899,112.5,1,2010-12-06 10:36:00,2010-12-06 10:36:00,1,112.5,Lost
15900,900.4,4,2010-05-26 11:27:00,2011-11-16 12:19:00,539,225.1,Champions
15901,703.22,7,2010-06-14 12:39:00,2011-11-23 12:43:00,527,100.46000000000001,Champions
15902,145.01,1,2010-11-24 16:57:00,2010-11-24 16:57:00,1,145.01,Lost
15903,8939.84,12,2010-01-14 10:57:00,2011-11-30 08:08:00,684,744.9866666666667,Champions
15904,164.68,1,2011-12-01 14:50:00,2011-12-01 14:50:00,1,164.68,New customers
15905,114.69,1,2010-06-14 16:00:00,2010-06-14 16:00:00,1,114.69,Lost
15906,2555.64,10,2010-09-15 12:17:00,2011-11-20 12:24:00,431,255.564,Champions
15907,529.52,2,2011-05-13 13:01:00,2011-06-16 12:45:00,33,264.76,Potential loyalists
15908,764.57,2,2010-07-15 19:21:00,2010-08-06 11:56:00,21,382.285,Lost
15909,191.94,1,2011-06-19 10:38:00,2011-06-19 10:38:00,1,191.94,Potential loyalists
15910,2548.45,14,2010-01-21 11:51:00,2011-11-24 16:59:00,672,182.03214285714284,Champions
15911,1702.34,8,2009-12-09 13:26:00,2010-03-26 12:06:00,106,212.7925,At risk
15912,1074.7,9,2009-12-10 12:58:00,2011-06-14 14:29:00,551,119.41111111111111,Loyal
15913,6.300000000000001,1,2010-06-23 16:31:00,2010-06-23 16:31:00,1,6.300000000000001,Lost
15914,205.99,2,2010-11-26 16:09:00,2010-11-26 16:10:00,1,102.995,Lost
15915,429.21,1,2010-11-03 11:13:00,2010-11-03 11:13:00,1,429.21,Lost
15916,3427.17,13,2009-12-10 16:21:00,2011-11-23 13:46:00,712,263.6284615384615,Champions
15917,560.63,5,2009-12-02 14:55:00,2011-04-06 10:40:00,489,112.126,At risk
15918,582.88,3,2010-03-18 11:40:00,2011-06-02 11:42:00,441,194.29333333333332,Loyal
15919,910.61,2,2010-12-06 11:26:00,2011-11-20 11:28:00,349,455.305,New customers
15920,571.64,9,2009-12-14 13:09:00,2011-07-08 15:31:00,571,63.51555555555555,Loyal
15921,802.11,4,2010-03-09 11:03:00,2011-06-20 11:03:00,468,200.5275,Loyal
15922,739.0,1,2010-12-01 13:51:00,2010-12-01 13:51:00,1,739.0,Lost
15923,254.16,1,2010-12-02 12:16:00,2010-12-02 12:16:00,1,254.16,Lost
15924,102.82,1,2009-12-08 15:00:00,2009-12-08 15:00:00,1,102.82,Lost
15925,207.15,1,2011-05-29 15:35:00,2011-05-29 15:35:00,1,207.15,Potential loyalists
15926,134.44,1,2010-06-15 15:23:00,2010-06-15 15:23:00,1,134.44,Lost
15927,123.39,1,2010-03-02 13:25:00,2010-03-02 13:25:00,1,123.39,Lost
15928,293.53,1,2010-02-21 15:16:00,2010-02-21 15:16:00,1,293.53,Lost
15929,594.0,1,2010-03-05 14:56:00,2010-03-05 14:56:00,1,594.0,Lost
15930,426.63,1,2011-10-03 14:52:00,2011-10-03 14:52:00,1,426.63,Potential loyalists
15931,239.9,1,2010-10-07 16:46:00,2010-10-07 16:46:00,1,239.9,Lost
15932,2195.65,7,2011-02-23 14:50:00,2011-09-12 14:24:00,200,313.6642857142857,Loyal
15933,1107.46,3,2011-09-14 12:05:00,2011-11-18 13:14:00,65,369.15333333333336,Loyal
15934,2190.66,2,2010-10-06 12:08:00,2010-10-18 10:13:00,11,1095.33,Lost
15935,416.86,2,2011-04-12 09:35:00,2011-04-14 13:27:00,2,208.43,Lost
15936,282.79,2,2010-08-29 11:42:00,2010-11-25 16:39:00,88,141.395,Lost
15937,145.35,1,2011-10-06 15:48:00,2011-10-06 15:48:00,1,145.35,New customers
15938,734.81,9,2010-06-01 09:42:00,2011-08-19 12:56:00,444,81.64555555555555,Loyal
15939,9060.39,16,2010-11-30 12:07:00,2011-09-11 11:30:00,284,566.274375,Loyal
15940,35.8,1,2011-02-01 16:18:00,2011-02-01 16:18:00,1,35.8,Lost
15941,405.0,1,2010-03-12 14:45:00,2010-03-12 14:45:00,1,405.0,Lost
15942,337.44,1,2011-07-29 09:01:00,2011-07-29 09:01:00,1,337.44,Potential loyalists
15943,271.28999999999996,2,2010-01-31 11:04:00,2010-02-28 12:49:00,28,135.64499999999998,Lost
15944,2164.24,4,2009-12-13 12:57:00,2011-03-08 10:33:00,449,541.06,At risk
15945,827.27,4,2009-12-01 13:47:00,2010-12-09 13:14:00,372,206.8175,At risk
15946,2304.18,3,2010-03-16 10:49:00,2010-07-25 12:18:00,131,768.06,At risk
15947,1708.24,1,2011-09-18 10:46:00,2011-09-18 10:46:00,1,1708.24,Potential loyalists
15948,1509.0900000000001,3,2010-10-11 12:16:00,2011-12-01 15:32:00,416,503.03000000000003,Loyal
15949,364.72,2,2011-09-29 17:34:00,2011-11-23 09:09:00,54,182.36,New customers
15950,7180.71,10,2010-01-26 11:39:00,2011-11-08 11:09:00,650,718.071,Champions
15951,1013.17,3,2010-11-23 18:20:00,2011-12-01 08:34:00,372,337.7233333333333,Loyal
15952,806.57,4,2011-04-28 12:55:00,2011-11-06 11:18:00,191,201.6425,Champions
15953,3669.5499999999997,18,2009-12-03 14:00:00,2011-11-24 15:32:00,721,203.86388888888888,Champions
15954,190.75,1,2010-04-29 13:35:00,2010-04-29 13:35:00,1,190.75,Lost
15955,8658.36,22,2010-02-23 16:36:00,2011-11-15 14:15:00,629,393.5618181818182,Champions
15956,617.6,2,2009-12-13 11:16:00,2010-06-06 13:06:00,175,308.8,Lost
15957,930.1,3,2010-10-15 12:11:00,2011-11-08 12:14:00,389,310.03333333333336,Loyal
15958,492.99,4,2010-06-07 10:59:00,2011-09-26 13:41:00,476,123.2475,Loyal
15959,579.49,3,2010-01-26 16:19:00,2010-01-26 16:38:00,1,193.16333333333333,At risk
15960,410.95,4,2010-09-30 15:50:00,2010-11-30 15:57:00,61,102.7375,At risk
15961,451.28999999999996,1,2010-11-25 15:59:00,2010-11-25 15:59:00,1,451.28999999999996,Lost
15962,295.83,1,2010-09-16 13:48:00,2010-09-16 13:48:00,1,295.83,Lost
15963,470.76,2,2011-10-25 13:05:00,2011-11-20 11:33:00,25,235.38,New customers
15964,272.96000000000004,1,2010-02-14 15:30:00,2010-02-14 15:30:00,1,272.96000000000004,Lost
15965,3013.09,13,2009-12-03 11:45:00,2011-11-22 16:44:00,719,231.77615384615385,Champions
15966,426.53000000000003,1,2010-09-15 10:44:00,2010-09-15 10:44:00,1,426.53000000000003,Lost
15967,3041.6,12,2009-12-01 13:29:00,2011-11-16 15:41:00,715,253.46666666666667,Champions
15968,418.05,1,2010-11-16 13:04:00,2010-11-16 13:04:00,1,418.05,Lost
15969,992.05,4,2010-07-05 13:10:00,2011-10-21 08:24:00,472,248.0125,Champions
15970,1017.32,2,2010-04-20 11:30:00,2011-02-09 12:08:00,295,508.66,Lost
15971,5902.83,18,2009-12-08 09:46:00,2011-11-22 12:50:00,714,327.935,Champions
15972,1810.27,5,2010-04-18 14:06:00,2010-09-09 13:20:00,143,362.054,At risk
15973,988.44,3,2010-10-06 15:00:00,2010-12-08 11:42:00,62,329.48,At risk
15974,3442.15,7,2011-02-24 10:10:00,2011-10-31 13:13:00,249,491.7357142857143,Champions
15975,371.01,1,2011-09-16 13:33:00,2011-09-16 13:33:00,1,371.01,Potential loyalists
15976,1746.6399999999999,6,2010-06-06 14:01:00,2011-06-27 13:00:00,385,291.1066666666666,Loyal
15977,1054.73,2,2011-10-31 16:24:00,2011-11-22 13:29:00,21,527.365,New customers
15978,3279.42,3,2010-03-05 14:39:00,2011-09-23 15:21:00,567,1093.14,Loyal
15979,329.22,1,2010-04-16 11:35:00,2010-04-16 11:35:00,1,329.22,Lost
15980,6593.68,7,2010-06-01 14:40:00,2011-09-12 09:41:00,467,941.9542857142858,Loyal
15981,9362.77,21,2010-03-29 10:07:00,2011-11-15 08:00:00,595,445.8461904761905,Champions
15982,324.51,1,2010-04-13 15:47:00,2010-04-13 15:47:00,1,324.51,Lost
15983,3958.8199999999997,8,2009-12-06 12:52:00,2011-11-17 17:34:00,711,494.85249999999996,Champions
15984,8013.61,28,2009-12-01 13:38:00,2011-09-29 19:30:00,667,286.2003571428571,Loyal
15985,2715.28,7,2010-05-27 15:51:00,2011-08-08 16:31:00,438,387.8971428571429,Loyal
15986,354.42,2,2010-11-23 10:02:00,2011-11-09 15:17:00,351,177.21,New customers
15987,1682.13,8,2010-11-25 12:56:00,2011-11-27 15:38:00,367,210.26625,Champions
15988,770.09,3,2010-02-21 11:36:00,2011-11-20 13:23:00,637,256.69666666666666,Loyal
15989,372.51,2,2009-12-02 15:51:00,2010-11-29 12:03:00,361,186.255,Lost
15990,2010.05,7,2010-02-28 12:30:00,2011-10-26 15:58:00,605,287.15,Champions
15991,150.55,1,2010-06-23 15:50:00,2010-06-23 15:50:00,1,150.55,Lost
15992,854.61,2,2010-09-12 11:52:00,2010-11-08 14:51:00,57,427.305,Lost
15993,2797.57,7,2011-10-26 16:21:00,2011-12-01 10:45:00,35,399.65285714285716,Champions
15994,1202.18,3,2010-03-14 11:55:00,2011-10-16 12:28:00,581,400.7266666666667,Loyal
15995,696.19,1,2010-10-21 13:57:00,2010-10-21 13:57:00,1,696.19,Lost
15996,1686.9,7,2010-11-07 15:49:00,2011-09-12 15:14:00,308,240.9857142857143,Loyal
15998,8308.34,16,2009-12-01 11:45:00,2011-11-03 12:45:00,702,519.27125,Champions
15999,20.4,1,2009-12-04 12:31:00,2009-12-04 12:31:00,1,20.4,Lost
16001,583.39,1,2010-11-23 17:10:00,2010-11-23 17:10:00,1,583.39,Lost
16002,169.21,1,2010-03-24 13:08:00,2010-03-24 13:08:00,1,169.21,Lost
16003,5613.83,10,2009-12-03 18:51:00,2011-11-10 09:57:00,706,561.383,Champions
16004,2146.39,5,2010-01-25 13:56:00,2010-08-22 11:48:00,208,429.27799999999996,At risk
16005,2436.22,10,2010-09-15 13:21:00,2011-11-27 13:47:00,438,243.62199999999999,Champions
16006,347.17,2,2010-11-17 12:03:00,2011-05-12 13:12:00,176,173.585,Lost
16007,3075.14,7,2010-06-14 13:18:00,2011-10-23 11:05:00,495,439.30571428571426,Champions
16008,5384.13,15,2010-03-19 11:07:00,2011-11-16 10:32:00,606,358.942,Champions
16009,992.71,4,2011-07-03 11:26:00,2011-11-17 16:51:00,137,248.1775,Champions
16010,1724.06,11,2010-10-24 10:54:00,2011-04-08 10:14:00,165,156.73272727272726,At risk
16011,5880.46,29,2009-12-01 12:02:00,2011-12-01 16:31:00,730,202.77448275862068,Champions
16012,2989.79,5,2010-06-28 11:39:00,2011-11-04 13:25:00,494,597.958,Champions
16013,56655.4,83,2009-12-08 10:24:00,2011-12-02 11:53:00,724,682.5951807228915,Champions
16014,1130.27,5,2010-01-31 12:43:00,2011-11-02 12:04:00,639,226.054,Champions
16015,502.28999999999996,2,2011-10-21 12:56:00,2011-11-13 11:55:00,22,251.14499999999998,New customers
16016,2393.34,10,2010-11-02 13:27:00,2011-11-24 19:07:00,387,239.334,Champions
16017,1553.83,5,2010-01-05 12:06:00,2011-10-23 12:56:00,656,310.76599999999996,Champions
16018,698.13,4,2009-12-07 13:57:00,2011-10-31 14:13:00,693,174.5325,Champions
16019,17465.85,27,2009-12-14 14:12:00,2011-10-24 11:51:00,678,646.8833333333333,Champions
16020,851.01,3,2011-10-05 13:54:00,2011-11-23 11:18:00,48,283.67,Loyal
16021,532.25,2,2010-06-13 11:05:00,2010-11-09 14:48:00,149,266.125,Lost
16022,628.28,1,2011-03-24 13:16:00,2011-03-24 13:16:00,1,628.28,Lost
16023,719.81,3,2011-03-18 13:32:00,2011-10-24 16:34:00,220,239.93666666666664,Loyal
16024,484.2,3,2010-10-24 11:40:00,2011-11-27 13:26:00,399,161.4,Loyal
16025,439.65999999999997,1,2011-11-10 11:45:00,2011-11-10 11:45:00,1,439.65999999999997,New customers
16026,236.09,1,2011-10-27 13:53:00,2011-10-27 13:53:00,1,236.09,New customers
16027,2048.36,15,2010-01-08 13:21:00,2011-09-09 10:47:00,608,136.55733333333333,Loyal
16028,82.2,1,2010-04-23 11:45:00,2010-04-23 11:45:00,1,82.2,Lost
16029,122209.14,107,2009-12-08 11:23:00,2011-11-01 10:27:00,692,1142.1414953271028,Champions
16030,331.24,1,2011-02-03 11:28:00,2011-02-03 11:28:00,1,331.24,Lost
16031,548.94,2,2011-04-06 14:23:00,2011-09-08 13:07:00,154,274.47,Potential loyalists
16032,1970.45,6,2010-07-04 13:31:00,2010-09-09 18:00:00,67,328.40833333333336,At risk
16033,10836.13,27,2010-08-11 16:44:00,2011-12-04 12:44:00,479,401.3381481481481,Champions
16034,928.72,6,2010-10-26 13:00:00,2011-05-27 16:17:00,213,154.78666666666666,Loyal
16035,217.73,1,2010-05-28 15:09:00,2010-05-28 15:09:00,1,217.73,Lost
16036,2556.84,4,2010-03-29 14:47:00,2011-09-13 14:53:00,533,639.21,Loyal
16037,1509.34,5,2010-03-01 12:31:00,2011-03-15 09:13:00,378,301.868,At risk
16038,471.78000000000003,3,2011-05-22 11:29:00,2011-12-02 12:40:00,194,157.26000000000002,Loyal
16039,456.4,2,2010-03-21 15:17:00,2010-10-12 10:44:00,204,228.2,Lost
16040,2416.9,7,2010-04-09 10:12:00,2011-10-05 13:47:00,544,345.2714285714286,Loyal
16041,3166.4,3,2011-07-21 16:27:00,2011-11-09 12:25:00,110,1055.4666666666667,Loyal
16042,2265.12,8,2010-09-12 12:00:00,2011-11-17 17:50:00,431,283.14,Champions
16043,1856.5900000000001,8,2010-08-15 11:26:00,2011-11-02 12:50:00,444,232.07375000000002,Champions
16044,340.84000000000003,1,2010-09-30 18:12:00,2010-09-30 18:12:00,1,340.84000000000003,Lost
16045,3434.9300000000003,8,2010-07-29 12:50:00,2011-08-12 12:41:00,378,429.36625000000004,Loyal
16046,235.78,1,2010-05-26 13:18:00,2010-05-26 13:18:00,1,235.78,Lost
16047,107.14,1,2010-01-26 16:34:00,2010-01-26 16:34:00,1,107.14,Lost
16048,1075.23,4,2010-06-08 12:36:00,2010-12-01 15:28:00,176,268.8075,At risk
16049,1899.68,6,2010-07-11 13:53:00,2011-10-30 13:19:00,475,316.61333333333334,Champions
16050,300.7,3,2010-11-03 15:55:00,2011-06-19 11:44:00,227,100.23333333333333,Loyal
16051,188.44,1,2010-01-27 09:38:00,2010-01-27 09:38:00,1,188.44,Lost
16052,362.06,1,2011-10-16 15:13:00,2011-10-16 15:13:00,1,362.06,New customers
16053,3634.84,6,2010-04-08 11:11:00,2011-11-07 11:21:00,578,605.8066666666667,Champions
16054,2111.88,4,2010-04-01 18:37:00,2011-07-17 13:08:00,471,527.97,Loyal
16055,134.8,1,2011-05-03 09:26:00,2011-05-03 09:26:00,1,134.8,Lost
16056,664.85,1,2011-10-25 15:19:00,2011-10-25 15:19:00,1,664.85,New customers
16057,3854.85,10,2010-01-07 17:11:00,2011-11-23 15:23:00,684,385.485,Champions
16058,62.7,1,2010-10-29 16:48:00,2010-10-29 16:48:00,1,62.7,Lost
16059,3217.77,12,2010-05-19 13:04:00,2011-10-05 09:56:00,503,268.1475,Loyal
16060,541.95,3,2010-08-02 15:26:00,2010-11-04 12:10:00,93,180.65,At risk
16061,89.65,1,2010-10-04 15:29:00,2010-10-04 15:29:00,1,89.65,Lost
16062,2863.45,8,2010-06-21 13:32:00,2011-11-30 12:15:00,526,357.93125,Champions
16063,335.32,1,2011-03-24 14:55:00,2011-03-24 14:56:00,1,335.32,Lost
16064,111.0,1,2009-12-14 16:11:00,2009-12-14 16:11:00,1,111.0,Lost
16065,2382.62,8,2010-09-02 13:27:00,2010-12-09 13:03:00,97,297.8275,At risk
16066,1521.87,5,2011-08-07 14:33:00,2011-11-23 11:54:00,107,304.37399999999997,Champions
16067,3395.29,3,2010-02-02 18:01:00,2010-05-26 12:33:00,112,1131.7633333333333,At risk
16068,122.93,1,2010-04-25 11:52:00,2010-04-25 11:52:00,1,122.93,Lost
16069,457.7,1,2010-10-18 10:32:00,2010-10-18 10:32:00,1,457.7,Lost
16070,852.15,2,2011-11-07 16:36:00,2011-11-17 15:50:00,9,426.075,New customers
16071,1076.8,4,2010-02-22 14:48:00,2011-10-26 11:14:00,610,269.2,Champions
16072,4328.89,4,2010-06-08 16:47:00,2011-02-24 14:32:00,260,1082.2225,At risk
16073,122.39999999999999,1,2011-02-15 15:41:00,2011-02-15 15:41:00,1,122.39999999999999,Lost
16074,265.25,1,2010-11-14 13:19:00,2010-11-14 13:19:00,1,265.25,Lost
16075,736.9300000000001,2,2010-05-24 15:57:00,2010-07-25 11:31:00,61,368.46500000000003,Lost
16076,2073.75,9,2011-05-15 12:31:00,2011-11-17 17:16:00,186,230.41666666666666,Champions
16077,2300.4,1,2010-03-24 10:42:00,2010-03-24 10:42:00,1,2300.4,Lost
16078,362.99,2,2010-02-08 13:29:00,2011-03-01 09:47:00,385,181.495,Lost
16079,1352.0,3,2011-10-30 13:06:00,2011-11-23 12:48:00,23,450.6666666666667,Loyal
16080,602.5600000000001,4,2010-09-15 14:19:00,2011-09-19 10:42:00,368,150.64000000000001,Loyal
16081,4460.18,8,2010-02-03 12:46:00,2011-10-14 13:06:00,618,557.5225,Champions
16082,106.75,1,2010-02-07 15:16:00,2010-02-07 15:16:00,1,106.75,Lost
16083,2351.42,4,2010-11-16 11:53:00,2011-08-31 10:47:00,287,587.855,Loyal
16084,436.18,1,2011-02-13 16:05:00,2011-02-13 16:05:00,1,436.18,Lost
16085,2343.53,12,2010-01-20 14:03:00,2011-11-16 13:24:00,664,195.29416666666668,Champions
16086,2864.9900000000002,10,2009-12-02 13:20:00,2011-10-11 13:09:00,677,286.499,Champions
16087,1739.92,5,2010-01-19 12:30:00,2010-11-15 16:44:00,300,347.98400000000004,At risk
16088,1437.43,2,2010-04-27 10:56:00,2010-05-13 10:16:00,15,718.715,Lost
16089,271.44,2,2010-07-18 15:51:00,2010-11-18 13:51:00,122,135.72,Lost
16090,205.91,1,2010-03-25 13:05:00,2010-03-25 13:05:00,1,205.91,Lost
16091,315.06,2,2011-05-25 09:18:00,2011-07-08 08:45:00,43,157.53,Potential loyalists
16092,1587.94,6,2010-05-09 16:10:00,2011-08-17 10:46:00,464,264.6566666666667,Loyal
16093,17.0,1,2011-08-25 11:09:00,2011-08-25 11:09:00,1,17.0,Potential loyalists
16094,3695.56,11,2010-04-16 14:00:00,2011-11-28 12:45:00,590,335.96,Champions
16095,447.05,1,2010-09-09 16:54:00,2010-09-09 16:54:00,1,447.05,Lost
16096,1584.97,4,2010-03-04 15:44:00,2011-03-20 13:38:00,380,396.2425,At risk
16097,185.04999999999998,1,2011-04-13 13:47:00,2011-04-13 13:47:00,1,185.04999999999998,Lost
16098,4448.1,14,2009-12-15 09:40:00,2011-09-13 09:59:00,637,317.7214285714286,Loyal
16099,1573.2,7,2010-03-03 11:13:00,2011-10-20 13:13:00,596,224.74285714285716,Champions
16100,582.64,1,2010-09-03 11:39:00,2010-09-03 11:39:00,1,582.64,Lost
16101,3229.16,4,2010-05-27 12:50:00,2011-09-30 10:18:00,490,807.29,Loyal
16102,1842.14,3,2011-08-03 12:50:00,2011-10-28 13:19:00,86,614.0466666666667,Loyal
16103,6191.71,22,2010-01-08 12:08:00,2011-12-02 14:16:00,693,281.44136363636363,Champions
16104,2778.61,9,2009-12-06 10:41:00,2011-10-09 10:23:00,671,308.7344444444445,Champions
16105,2386.19,5,2010-04-14 13:27:00,2011-04-05 10:13:00,355,477.238,At risk
16106,108.38,1,2011-10-05 10:37:00,2011-10-05 10:37:00,1,108.38,Potential loyalists
16107,3204.1600000000003,7,2011-06-09 18:42:00,2011-11-22 09:40:00,165,457.7371428571429,Champions
16108,2235.92,4,2010-03-18 14:14:00,2011-09-16 11:48:00,546,558.98,Loyal
16109,939.48,3,2010-01-10 10:37:00,2011-05-05 09:17:00,479,313.16,At risk
16110,1819.27,4,2010-07-05 13:04:00,2011-10-25 14:35:00,477,454.8175,Champions
16111,562.48,1,2010-10-07 19:51:00,2010-10-07 19:51:00,1,562.48,Lost
16112,195.73999999999998,4,2011-01-05 11:47:00,2011-07-19 14:28:00,195,48.934999999999995,Loyal
16113,161.38,1,2011-06-09 16:16:00,2011-06-09 16:16:00,1,161.38,Potential loyalists
16114,135.75000000000003,1,2011-06-22 10:13:00,2011-06-22 10:13:00,1,135.75000000000003,Potential loyalists
16115,2575.14,12,2010-05-14 11:59:00,2011-11-30 11:32:00,564,214.595,Champions
16116,612.78,1,2011-05-12 12:01:00,2011-05-12 12:01:00,1,612.78,Lost
16117,654.4,3,2010-04-27 11:50:00,2011-06-03 11:42:00,401,218.13333333333333,Loyal
16118,4376.25,1,2010-02-25 09:40:00,2010-02-25 09:40:00,1,4376.25,Lost
16119,1720.81,8,2009-12-16 11:56:00,2011-12-01 15:11:00,715,215.10125,Champions
16120,3056.91,6,2010-10-13 15:07:00,2011-10-11 14:22:00,362,509.48499999999996,Champions
16121,1477.09,5,2010-05-23 10:52:00,2011-10-13 12:59:00,508,295.418,Champions
16122,1001.34,6,2010-10-10 15:26:00,2011-09-27 15:34:00,352,166.89000000000001,Loyal
16123,307.78,1,2011-10-19 09:18:00,2011-10-19 09:18:00,1,307.78,New customers
16124,1772.49,4,2009-12-07 10:33:00,2011-01-26 14:45:00,415,443.1225,At risk
16125,4587.65,14,2009-12-14 15:38:00,2010-12-07 15:48:00,358,327.6892857142857,At risk
16126,14646.800000000001,15,2009-12-02 13:34:00,2011-11-10 16:03:00,708,976.4533333333334,Champions
16127,801.31,2,2009-12-13 12:19:00,2011-10-31 13:58:00,687,400.655,New customers
16128,3801.05,11,2010-07-16 16:30:00,2011-11-22 11:14:00,493,345.55,Champions
16129,1396.05,3,2010-07-20 12:32:00,2010-10-28 14:29:00,100,465.34999999999997,At risk
16130,987.48,4,2010-04-01 13:58:00,2010-10-13 15:14:00,195,246.87,At risk
16131,9957.42,12,2009-12-02 10:09:00,2011-10-19 11:53:00,686,829.785,Champions
16132,664.1999999999999,2,2010-03-22 10:25:00,2010-06-13 13:49:00,83,332.09999999999997,Lost
16133,22683.04,55,2010-03-31 12:21:00,2011-12-02 13:20:00,611,412.4189090909091,Champions
16134,2145.34,5,2010-06-17 09:48:00,2011-11-18 10:05:00,519,429.06800000000004,Champions
16135,819.45,2,2010-05-05 09:35:00,2011-03-22 12:30:00,321,409.725,Lost
16136,946.8,4,2010-02-14 12:49:00,2011-10-11 09:10:00,603,236.7,Champions
16137,422.7,1,2010-01-28 15:04:00,2010-01-28 15:04:00,1,422.7,Lost
16138,910.35,3,2010-04-28 09:51:00,2010-11-26 12:13:00,212,303.45,At risk
16139,1111.15,5,2009-12-03 13:51:00,2011-11-21 08:37:00,717,222.23000000000002,Champions
16140,1557.6000000000001,3,2010-09-24 12:03:00,2011-10-05 12:15:00,376,519.2,Loyal
16141,955.94,2,2010-10-18 14:12:00,2011-09-12 13:11:00,328,477.97,Potential loyalists
16142,535.34,1,2011-04-04 10:16:00,2011-04-04 10:16:00,1,535.34,Lost
16143,4435.25,11,2009-12-10 09:44:00,2011-08-23 16:01:00,621,403.20454545454544,Loyal
16144,175.2,1,2011-04-07 10:09:00,2011-04-07 10:09:00,1,175.2,Lost
16145,6805.4400000000005,19,2010-05-04 13:31:00,2011-12-01 10:33:00,575,358.18105263157895,Champions
16146,946.38,4,2010-09-17 10:46:00,2011-07-05 14:20:00,291,236.595,Loyal
16147,2398.91,5,2010-02-05 12:26:00,2011-07-29 09:57:00,538,479.782,Loyal
16148,386.62,2,2010-09-29 10:12:00,2011-02-16 14:01:00,140,193.31,Lost
16149,305.38,2,2010-10-06 15:54:00,2011-07-20 14:54:00,286,152.69,Potential loyalists
16150,4395.59,10,2009-12-17 15:33:00,2011-10-28 12:39:00,679,439.559,Champions
16152,1829.04,1,2011-03-16 09:47:00,2011-03-16 09:47:00,1,1829.04,Lost
16153,5133.49,11,2010-05-26 12:41:00,2011-10-21 10:50:00,512,466.6809090909091,Champions
16155,796.9,5,2010-06-18 11:23:00,2010-11-23 12:03:00,158,159.38,At risk
16156,6218.18,20,2009-12-02 17:06:00,2011-12-01 12:42:00,728,310.909,Champions
16157,656.69,3,2011-09-28 11:48:00,2011-11-24 11:41:00,56,218.89666666666668,Loyal
16158,628.32,9,2009-12-05 15:00:00,2010-07-05 13:55:00,211,69.81333333333333,At risk
16159,1232.79,4,2009-12-03 11:51:00,2011-03-03 12:27:00,455,308.1975,At risk
16160,1025.44,2,2011-09-15 10:53:00,2011-10-05 14:19:00,20,512.72,Potential loyalists
16161,12513.29,42,2010-02-08 11:06:00,2011-11-25 12:17:00,655,297.9354761904762,Champions
16162,37.4,1,2011-04-01 15:03:00,2011-04-01 15:03:00,1,37.4,Lost
16163,2849.58,6,2009-12-02 10:00:00,2011-04-21 15:15:00,505,474.93,At risk
16164,822.48,3,2011-10-28 09:12:00,2011-11-22 15:04:00,25,274.16,Loyal
16165,79.9,1,2010-07-22 14:17:00,2010-07-22 14:17:00,1,79.9,Lost
16166,435.83,2,2010-01-17 14:16:00,2010-10-07 15:44:00,263,217.915,Lost
16167,1386.1200000000001,5,2009-12-01 10:46:00,2010-10-21 15:33:00,324,277.22400000000005,At risk
16168,10636.47,66,2009-12-03 12:38:00,2011-11-29 12:45:00,726,161.15863636363636,Champions
16169,1822.97,4,2011-09-25 11:33:00,2011-12-01 15:28:00,67,455.7425,Champions
16170,6869.0,20,2010-02-18 13:50:00,2011-10-20 08:21:00,608,343.45,Champions
16171,73.2,1,2011-10-11 14:51:00,2011-10-11 14:51:00,1,73.2,New customers
16172,1884.55,8,2010-07-14 15:34:00,2011-09-05 13:22:00,417,235.56875,Loyal
16173,1418.32,6,2011-09-02 15:23:00,2011-11-24 10:53:00,82,236.38666666666666,Champions
16174,2246.75,7,2010-04-15 15:12:00,2011-08-05 13:26:00,476,320.9642857142857,Loyal
16175,1836.44,7,2010-05-25 12:01:00,2011-09-06 14:32:00,469,262.34857142857146,Loyal
16176,2052.69,4,2010-03-29 14:52:00,2010-10-14 13:54:00,198,513.1725,At risk
16177,2247.31,8,2010-03-02 14:03:00,2011-10-20 12:57:00,596,280.91375,Champions
16178,612.6,2,2010-11-03 14:46:00,2011-07-24 16:05:00,263,306.3,Potential loyalists
16179,215.83,1,2011-10-10 09:41:00,2011-10-10 09:41:00,1,215.83,New customers
16180,16249.87,13,2010-06-23 13:19:00,2011-08-31 16:28:00,434,1249.99,Loyal
16181,305.54,1,2011-09-27 13:38:00,2011-09-27 13:38:00,1,305.54,Potential loyalists
16182,9971.65,9,2010-03-09 09:34:00,2011-09-28 13:23:00,568,1107.961111111111,Loyal
16183,1077.81,4,2010-10-28 14:43:00,2011-10-03 14:59:00,340,269.4525,Loyal
16184,1158.79,6,2011-05-12 13:33:00,2011-10-06 17:43:00,147,193.13166666666666,Champions
16185,644.72,3,2010-05-24 11:04:00,2011-11-23 09:41:00,547,214.90666666666667,Loyal
16186,9026.11,26,2009-12-09 15:36:00,2011-11-17 12:43:00,707,347.1580769230769,Champions
16187,6911.4400000000005,15,2011-02-28 13:34:00,2011-11-08 09:50:00,252,460.7626666666667,Champions
16188,1087.66,5,2010-10-27 11:50:00,2011-10-26 12:19:00,364,217.532,Champions
16189,215.48,2,2011-09-15 15:21:00,2011-11-24 11:47:00,69,107.74,New customers
16190,2723.55,8,2009-12-14 11:59:00,2011-10-30 15:59:00,685,340.44375,Champions
16191,15443.36,23,2009-12-11 12:24:00,2011-11-28 09:08:00,716,671.4504347826087,Champions
16192,351.3,1,2009-12-04 12:28:00,2009-12-04 12:28:00,1,351.3,Lost
16193,630.43,2,2010-10-25 10:25:00,2011-04-17 11:45:00,174,315.215,Lost
16194,308.59999999999997,1,2010-11-29 13:28:00,2010-11-29 13:28:00,1,308.59999999999997,Lost
16195,323.25,1,2009-12-16 14:09:00,2009-12-16 14:09:00,1,323.25,Lost
16196,93.3,1,2010-08-08 11:40:00,2010-08-08 11:40:00,1,93.3,Lost
16197,2016.71,9,2009-12-16 11:44:00,2010-08-27 12:56:00,254,224.07888888888888,At risk
16198,1030.0410000000002,2,2010-09-28 13:59:00,2011-09-25 14:58:00,362,515.0205000000001,Potential loyalists
16199,942.75,7,2010-03-18 18:47:00,2010-11-12 12:55:00,238,134.67857142857142,At risk
16200,5113.4,11,2009-12-02 15:04:00,2011-06-28 15:47:00,573,464.8545454545454,Loyal
16201,1602.72,4,2010-10-20 12:00:00,2011-11-18 17:20:00,394,400.68,Champions
16202,2501.9900000000002,9,2009-12-02 10:48:00,2010-12-14 10:43:00,376,277.9988888888889,At risk
16203,1114.54,6,2010-07-23 13:09:00,2011-10-12 12:31:00,445,185.75666666666666,Champions
16204,944.24,3,2009-12-08 17:44:00,2011-11-16 13:40:00,707,314.74666666666667,Loyal
16205,1830.61,7,2010-06-15 11:58:00,2011-11-09 09:32:00,511,261.5157142857143,Champions
16206,2602.32,13,2010-01-24 15:25:00,2011-10-16 10:41:00,629,200.17846153846156,Champions
16207,394.38,1,2011-11-14 13:51:00,2011-11-14 13:51:00,1,394.38,New customers
16208,3440.45,10,2010-02-24 14:24:00,2011-10-26 11:36:00,608,344.04499999999996,Champions
16209,4146.78,9,2010-06-11 11:58:00,2011-09-12 11:58:00,458,460.75333333333333,Loyal
16210,34890.11,34,2009-12-02 12:54:00,2011-11-30 10:54:00,727,1026.179705882353,Champions
16211,1090.59,3,2010-09-27 15:24:00,2011-09-12 12:11:00,349,363.53,Loyal
16212,1293.71,4,2010-02-07 15:26:00,2011-11-20 13:00:00,650,323.4275,Champions
16213,159.0,1,2011-09-22 10:03:00,2011-09-22 10:03:00,1,159.0,Potential loyalists
16214,2038.25,4,2010-09-30 13:57:00,2011-06-22 11:30:00,264,509.5625,Loyal
16215,242.35,1,2011-09-20 10:18:00,2011-09-20 10:18:00,1,242.35,Potential loyalists
16216,914.9300000000001,1,2011-03-17 15:34:00,2011-03-17 15:34:00,1,914.9300000000001,Lost
16217,304.25,2,2011-03-02 15:28:00,2011-04-18 13:31:00,46,152.125,Lost
16218,4439.97,13,2010-05-27 16:09:00,2011-11-10 09:59:00,531,341.53615384615387,Champions
16219,40.8,1,2010-07-27 11:44:00,2010-07-27 11:44:00,1,40.8,Lost
16221,2235.5099999999998,9,2010-08-10 13:32:00,2011-11-03 11:43:00,449,248.39,Champions
16222,1345.22,2,2009-12-18 14:31:00,2011-01-25 13:38:00,402,672.61,Lost
16223,1102.3500000000001,2,2010-11-09 12:07:00,2010-11-30 11:50:00,20,551.1750000000001,Lost
16224,1616.54,5,2010-11-17 13:14:00,2011-10-13 17:51:00,330,323.308,Champions
16225,2867.4100000000003,15,2010-02-07 12:41:00,2011-10-26 08:30:00,625,191.16066666666669,Champions
16226,672.1700000000001,5,2010-10-22 11:19:00,2011-05-20 14:41:00,210,134.43400000000003,At risk
16227,1027.22,3,2010-06-22 13:28:00,2011-04-28 13:33:00,310,342.4066666666667,At risk
16228,890.8100000000001,3,2010-11-04 18:54:00,2010-11-19 14:20:00,14,296.93666666666667,At risk
16229,2867.86,6,2010-05-24 12:59:00,2011-09-13 17:16:00,477,477.9766666666667,Loyal
16230,542.03,2,2011-05-03 15:12:00,2011-06-03 10:06:00,30,271.015,Potential loyalists
16231,1078.22,4,2010-04-21 12:06:00,2010-11-25 15:00:00,218,269.555,At risk
16232,2712.97,7,2010-06-07 14:04:00,2011-10-27 12:16:00,506,387.5671428571428,Champions
16233,1965.71,9,2009-12-02 13:23:00,2011-09-29 17:27:00,666,218.41222222222223,Loyal
16234,333.18,3,2010-05-27 10:39:00,2010-08-20 14:33:00,85,111.06,At risk
16235,2053.71,9,2010-08-26 12:10:00,2011-10-30 10:56:00,429,228.19,Champions
16236,432.2,1,2011-09-22 14:10:00,2011-09-22 14:10:00,1,432.2,Potential loyalists
16237,136.65,1,2010-09-28 17:02:00,2010-09-28 17:02:00,1,136.65,Lost
16238,63.66,1,2010-10-13 12:36:00,2010-10-13 12:36:00,1,63.66,Lost
16239,1492.2,6,2010-09-02 19:17:00,2011-10-14 08:29:00,406,248.70000000000002,Champions
16240,3718.8,2,2011-09-23 13:44:00,2011-11-15 14:30:00,53,1859.4,New customers
16241,4329.31,16,2010-10-25 13:40:00,2011-11-30 11:08:00,400,270.581875,Champions
16242,7474.4,14,2010-03-15 16:02:00,2011-12-01 15:12:00,625,533.8857142857142,Champions
16243,409.1,2,2011-10-16 12:09:00,2011-11-06 12:32:00,21,204.55,New customers
16244,2579.38,2,2010-12-02 11:41:00,2011-05-12 10:18:00,160,1289.69,Lost
16245,1413.66,3,2011-03-28 09:30:00,2011-11-16 10:14:00,233,471.22,Loyal
16246,827.25,2,2010-02-08 12:32:00,2010-09-06 12:04:00,209,413.625,Lost
16247,114.56,1,2011-06-22 14:23:00,2011-06-22 14:23:00,1,114.56,Potential loyalists
16248,152.94,1,2011-10-09 11:32:00,2011-10-09 11:32:00,1,152.94,New customers
16249,1800.07,5,2011-04-14 13:50:00,2011-10-18 10:07:00,186,360.014,Champions
16250,791.38,3,2010-11-18 10:43:00,2011-03-23 15:07:00,125,263.79333333333335,At risk
16251,128.31,1,2010-07-15 14:55:00,2010-07-15 14:55:00,1,128.31,Lost
16252,295.09000000000003,1,2010-11-22 11:57:00,2010-11-22 11:57:00,1,295.09000000000003,Lost
16253,7310.15,7,2009-12-08 17:24:00,2011-10-04 09:09:00,664,1044.3071428571427,Loyal
16254,985.14,3,2010-03-17 15:43:00,2010-11-26 13:22:00,253,328.38,At risk
16255,4906.8,15,2010-01-24 12:21:00,2011-11-23 12:40:00,668,327.12,Champions
16256,1629.37,3,2010-04-21 10:34:00,2011-03-18 12:18:00,331,543.1233333333333,At risk
16257,46.95,1,2011-06-16 10:11:00,2011-06-16 10:11:00,1,46.95,Potential loyalists
16258,11942.52,15,2010-03-10 14:19:00,2011-10-25 13:30:00,593,796.168,Champions
16259,361.94,3,2010-04-13 16:57:00,2010-10-25 14:27:00,194,120.64666666666666,At risk
16260,1035.45,1,2011-10-20 09:40:00,2011-10-20 09:40:00,1,1035.45,New customers
16261,1059.45,6,2010-09-23 16:40:00,2011-11-22 17:23:00,425,176.57500000000002,Champions
16262,755.15,1,2010-11-26 13:22:00,2010-11-26 13:22:00,1,755.15,Lost
16263,351.01,1,2010-10-12 14:52:00,2010-10-12 14:52:00,1,351.01,Lost
16264,837.53,2,2010-09-19 16:14:00,2010-09-27 15:00:00,7,418.765,Lost
16265,6935.17,12,2010-10-28 15:18:00,2011-11-30 16:41:00,398,577.9308333333333,Champions
16266,1757.95,14,2010-02-04 16:21:00,2011-09-27 12:08:00,599,125.56785714285715,Loyal
16267,186.66,1,2010-04-27 14:10:00,2010-04-27 14:10:00,1,186.66,Lost
16268,667.65,2,2011-09-29 18:30:00,2011-09-29 18:30:00,1,333.825,Potential loyalists
16269,717.57,1,2010-09-28 11:50:00,2010-09-28 11:50:00,1,717.57,Lost
16270,1141.24,1,2010-12-21 14:26:00,2010-12-21 14:26:00,1,1141.24,Lost
16271,3448.02,9,2010-03-07 12:03:00,2011-11-24 12:12:00,627,383.11333333333334,Champions
16272,411.7,1,2011-08-15 10:53:00,2011-08-15 10:54:00,1,411.7,Potential loyalists
16273,336.03999999999996,2,2010-02-21 16:02:00,2010-03-01 13:24:00,7,168.01999999999998,Lost
16274,715.9,1,2010-12-01 15:35:00,2010-12-01 15:35:00,1,715.9,Lost
16275,2151.11,3,2010-03-08 14:41:00,2011-05-27 12:41:00,444,717.0366666666667,Loyal
16276,2629.3900000000003,3,2010-04-11 12:02:00,2011-06-16 09:34:00,430,876.4633333333335,Loyal
16277,188.69,1,2009-12-06 11:27:00,2009-12-06 11:27:00,1,188.69,Lost
16278,1117.84,3,2010-07-28 15:40:00,2011-08-31 17:12:00,399,372.6133333333333,Loyal
16279,5705.08,9,2010-04-22 14:09:00,2011-11-18 15:00:00,575,633.8977777777777,Champions
16280,238.05,1,2009-12-14 15:49:00,2009-12-14 15:49:00,1,238.05,Lost
16281,3424.02,3,2010-01-26 13:41:00,2011-09-28 14:57:00,610,1141.34,Loyal
16282,1307.58,3,2009-12-21 11:52:00,2011-01-04 11:42:00,378,435.85999999999996,At risk
16283,4403.82,8,2010-02-28 14:12:00,2011-12-04 12:08:00,643,550.4775,Champions
16284,1029.77,3,2010-11-11 13:27:00,2011-11-08 16:12:00,362,343.25666666666666,Loyal
16285,176.9,1,2010-03-03 16:03:00,2010-03-03 16:03:00,1,176.9,Lost
16286,328.95,2,2010-03-26 09:58:00,2010-08-19 14:48:00,146,164.475,Lost
16287,1006.98,5,2010-01-19 09:46:00,2011-06-23 09:08:00,519,201.39600000000002,Loyal
16288,129.85,1,2010-08-26 14:45:00,2010-08-26 14:45:00,1,129.85,Lost
16289,136.31,1,2010-09-03 14:02:00,2010-09-03 14:02:00,1,136.31,Lost
16290,2069.3,4,2010-05-23 11:46:00,2010-09-01 11:52:00,101,517.325,At risk
16291,117.72,1,2010-01-26 16:26:00,2010-01-26 16:26:00,1,117.72,Lost
16292,1253.76,5,2010-04-14 13:29:00,2011-08-10 12:24:00,482,250.752,Loyal
16293,4657.95,15,2009-12-11 09:58:00,2011-11-18 09:58:00,707,310.53,Champions
16294,126.05000000000001,1,2010-08-20 12:01:00,2010-08-20 12:01:00,1,126.05000000000001,Lost
16295,1328.55,4,2011-10-06 10:45:00,2011-11-30 08:17:00,54,332.1375,Champions
16296,1313.67,4,2009-12-18 12:03:00,2010-03-23 13:11:00,95,328.4175,At risk
16297,301.9,1,2011-03-16 08:29:00,2011-03-16 08:29:00,1,301.9,Lost
16298,1085.7,7,2010-09-23 15:23:00,2011-11-17 11:59:00,419,155.1,Champions
16299,193.65,1,2010-08-19 17:46:00,2010-08-19 17:46:00,1,193.65,Lost
16300,1392.43,3,2010-02-02 11:40:00,2010-10-05 13:14:00,245,464.1433333333334,At risk
16301,107.33,1,2009-12-03 10:20:00,2009-12-03 10:20:00,1,107.33,Lost
16302,233.22,1,2011-08-05 09:44:00,2011-08-05 09:44:00,1,233.22,Potential loyalists
16303,7928.27,7,2010-03-18 14:12:00,2011-11-14 10:49:00,605,1132.6100000000001,Champions
16304,381.66,1,2010-01-14 08:30:00,2010-01-14 08:30:00,1,381.66,Lost
16305,361.21999999999997,1,2011-07-24 12:18:00,2011-07-24 12:18:00,1,361.21999999999997,Potential loyalists
16306,1192.82,7,2010-10-01 09:36:00,2011-05-10 12:12:00,221,170.40285714285713,At risk
16307,1194.92,3,2010-05-11 14:40:00,2010-10-06 14:31:00,147,398.3066666666667,At risk
16308,5120.0,7,2009-12-15 15:48:00,2011-11-02 11:24:00,686,731.4285714285714,Champions
16309,706.57,2,2011-04-13 11:46:00,2011-08-25 15:35:00,134,353.285,Potential loyalists
16310,460.08,2,2010-03-07 15:41:00,2010-10-21 14:47:00,227,230.04,Lost
16311,616.26,2,2011-10-21 13:13:00,2011-11-22 08:54:00,31,308.13,New customers
16312,171.15,1,2010-10-03 14:15:00,2010-10-03 14:15:00,1,171.15,Lost
16313,167.62,1,2011-10-21 09:04:00,2011-10-21 09:04:00,1,167.62,New customers
16314,1491.4,3,2010-08-24 11:52:00,2010-11-15 12:06:00,83,497.1333333333334,At risk
16315,402.71,2,2010-06-21 13:53:00,2011-01-13 11:57:00,205,201.355,Lost
16316,5744.91,13,2010-08-03 14:38:00,2011-10-06 13:48:00,428,441.91615384615386,Champions
16317,2192.51,5,2010-05-04 10:17:00,2011-08-12 12:46:00,465,438.50200000000007,Loyal
16318,328.15,1,2011-11-04 13:05:00,2011-11-04 13:05:00,1,328.15,New customers
16319,404.40000000000003,1,2011-05-06 11:27:00,2011-05-06 11:27:00,1,404.40000000000003,Lost
16320,5628.99,6,2010-01-27 13:29:00,2011-06-20 15:25:00,509,938.165,Loyal
16321,604.5500000000001,7,2009-12-01 10:36:00,2011-09-28 14:55:00,666,86.36428571428573,Loyal
16322,213.07999999999998,1,2011-11-03 14:33:00,2011-11-03 14:33:00,1,213.07999999999998,New customers
16323,353.66,2,2010-05-11 09:48:00,2011-05-27 14:48:00,381,176.83,Potential loyalists
16324,428.68,3,2011-06-15 14:26:00,2011-08-03 12:58:00,48,142.89333333333335,Loyal
16325,3597.5,12,2009-12-04 13:21:00,2011-10-24 08:48:00,688,299.7916666666667,Champions
16326,4826.99,24,2010-01-28 13:23:00,2011-12-04 10:11:00,674,201.12458333333333,Champions
16327,10731.34,16,2009-12-14 13:06:00,2011-11-25 13:23:00,711,670.70875,Champions
16328,310.83,1,2010-05-25 14:02:00,2010-05-25 14:02:00,1,310.83,Lost
16329,1703.07,4,2009-12-01 11:34:00,2010-10-08 12:44:00,311,425.7675,At risk
16330,634.33,7,2010-02-15 12:36:00,2011-11-22 12:24:00,644,90.61857142857143,Champions
16331,2037.7,6,2010-03-07 10:55:00,2010-10-03 13:47:00,210,339.6166666666667,At risk
16332,2010.41,11,2010-04-29 13:41:00,2011-11-11 14:22:00,561,182.76454545454547,Champions
16333,26626.8,22,2011-02-03 10:50:00,2011-12-02 12:19:00,302,1210.3090909090909,Champions
16334,277.48,1,2010-08-04 16:38:00,2010-08-04 16:38:00,1,277.48,Lost
16335,2774.0,7,2009-12-04 10:18:00,2010-06-06 11:35:00,184,396.2857142857143,At risk
16336,3517.69,4,2010-03-18 08:05:00,2010-10-15 12:32:00,211,879.4225,At risk
16337,151.05,1,2011-11-03 10:03:00,2011-11-03 10:03:00,1,151.05,New customers
16338,214.79999999999998,1,2011-07-05 13:56:00,2011-07-05 13:56:00,1,214.79999999999998,Potential loyalists
16339,109.95,1,2011-02-28 13:41:00,2011-02-28 13:41:00,1,109.95,Lost
16340,1526.06,3,2010-06-06 13:26:00,2011-08-24 14:53:00,444,508.68666666666667,Loyal
16341,3850.79,7,2010-04-09 10:30:00,2011-11-15 09:12:00,584,550.1128571428571,Champions
16342,322.41,4,2011-06-13 10:10:00,2011-09-25 14:36:00,104,80.6025,Loyal
16343,687.0699999999999,3,2010-10-28 14:15:00,2011-11-23 17:45:00,391,229.0233333333333,Loyal
16344,842.42,4,2010-02-09 12:16:00,2011-07-04 15:50:00,510,210.605,Loyal
16345,1198.74,2,2010-08-13 17:13:00,2011-10-26 16:03:00,438,599.37,New customers
16346,224.51,1,2010-11-19 15:55:00,2010-11-19 15:55:00,1,224.51,Lost
16347,3509.41,11,2010-03-12 12:41:00,2011-11-28 13:14:00,626,319.0372727272727,Champions
16348,1798.22,8,2010-10-05 13:57:00,2011-11-07 15:44:00,398,224.7775,Champions
16349,53.5,1,2011-02-22 12:40:00,2011-02-22 12:40:00,1,53.5,Lost
16350,2253.89,9,2010-10-07 16:33:00,2011-11-18 15:53:00,406,250.4322222222222,Champions
16351,3330.0299999999997,13,2009-12-04 16:12:00,2011-01-11 10:26:00,402,256.1561538461538,At risk
16352,494.44,2,2011-11-02 08:44:00,2011-11-22 10:32:00,20,247.22,New customers
16353,9643.06,37,2009-12-07 13:55:00,2011-12-02 12:02:00,724,260.6232432432432,Champions
16354,1129.51,5,2010-04-27 13:33:00,2011-10-07 14:28:00,528,225.902,Champions
16355,416.35,1,2010-11-29 14:21:00,2010-11-29 14:21:00,1,416.35,Lost
16356,415.87,6,2010-06-06 11:26:00,2011-05-26 11:51:00,354,69.31166666666667,At risk
16357,868.37,4,2010-11-23 18:52:00,2011-11-06 16:04:00,347,217.0925,Champions
16358,2486.4900000000002,4,2010-11-10 11:36:00,2011-10-07 10:50:00,330,621.6225000000001,Champions
16359,2697.75,16,2010-02-16 10:39:00,2011-12-02 17:04:00,654,168.609375,Champions
16360,2748.19,5,2011-09-12 13:50:00,2011-11-20 11:56:00,68,549.638,Champions
16361,896.66,4,2011-09-29 13:13:00,2011-11-30 12:32:00,61,224.165,Champions
16362,946.94,6,2010-09-28 09:24:00,2011-11-07 13:01:00,405,157.82333333333335,Champions
16363,109.36000000000001,1,2011-10-17 14:14:00,2011-10-17 14:14:00,1,109.36000000000001,New customers
16364,707.04,2,2011-07-25 14:35:00,2011-11-28 11:27:00,125,353.52,New customers
16365,3307.2,15,2009-12-11 12:41:00,2011-11-22 11:24:00,710,220.48,Champions
16366,1548.1299999999999,4,2009-12-16 10:39:00,2011-11-21 08:19:00,704,387.03249999999997,Champions
16367,1362.4,3,2010-11-21 13:23:00,2011-11-02 13:13:00,345,454.1333333333334,Loyal
16368,445.26000000000005,2,2010-09-30 11:30:00,2011-11-11 15:08:00,407,222.63000000000002,New customers
16369,2664.81,7,2010-04-07 16:52:00,2011-11-21 16:25:00,592,380.6871428571429,Champions
16370,1320.56,4,2011-04-28 16:40:00,2011-09-18 15:55:00,142,330.14,Loyal
16371,157.2,1,2010-09-17 12:09:00,2010-09-17 12:09:00,1,157.2,Lost
16372,1328.61,5,2010-04-11 15:20:00,2011-11-06 13:08:00,573,265.722,Champions
16373,309.49,2,2010-10-24 13:10:00,2010-11-22 15:50:00,29,154.745,Lost
16374,1771.45,5,2010-04-30 13:10:00,2011-10-04 15:21:00,522,354.29,Loyal
16375,104.0,2,2010-08-26 14:12:00,2010-08-26 14:25:00,1,52.0,Lost
16376,987.01,2,2011-11-22 16:47:00,2011-12-01 11:38:00,8,493.505,New customers
16377,1308.48,2,2010-04-01 10:36:00,2011-03-17 15:41:00,350,654.24,Lost
16378,362.95,3,2011-02-02 12:42:00,2011-04-06 15:07:00,63,120.98333333333333,At risk
16379,1755.76,3,2011-09-22 09:33:00,2011-11-21 15:27:00,60,585.2533333333333,Loyal
16380,1780.59,1,2011-10-09 15:40:00,2011-10-09 15:40:00,1,1780.59,New customers
16381,258.7,2,2010-10-17 13:06:00,2010-11-09 09:56:00,22,129.35,Lost
16382,353.1,2,2010-06-07 12:42:00,2010-10-27 16:23:00,142,176.55,Lost
16383,2974.84,7,2010-02-04 13:18:00,2011-09-26 12:45:00,598,424.9771428571429,Loyal
16384,1358.95,4,2010-04-28 14:01:00,2011-09-11 11:19:00,500,339.7375,Loyal
16385,1030.61,5,2010-03-18 12:45:00,2011-10-10 13:12:00,571,206.12199999999999,Champions
16386,1102.59,3,2010-11-17 11:19:00,2011-11-11 12:28:00,359,367.53,Loyal
16387,918.55,5,2010-03-11 12:22:00,2011-01-21 11:34:00,315,183.70999999999998,At risk
16388,186.05,1,2010-02-24 10:20:00,2010-02-24 10:20:00,1,186.05,Lost
16389,1382.07,4,2011-03-01 15:47:00,2011-10-17 14:41:00,229,345.5175,Champions
16390,467.5,3,2010-01-29 15:25:00,2010-06-21 10:11:00,142,155.83333333333334,At risk
16391,1103.61,4,2010-05-27 11:27:00,2010-11-04 12:27:00,161,275.9025,At risk
16392,763.05,3,2010-05-27 11:17:00,2011-03-15 12:11:00,292,254.35,At risk
16393,5254.96,22,2009-12-01 12:13:00,2011-11-28 13:58:00,727,238.8618181818182,Champions
16394,1555.34,5,2011-02-23 10:58:00,2011-10-14 09:48:00,232,311.068,Champions
16395,3537.85,14,2009-12-06 12:26:00,2011-10-10 12:50:00,673,252.70357142857142,Champions
16396,137.8,1,2010-08-20 14:17:00,2010-08-20 14:17:00,1,137.8,Lost
16397,127.88,1,2010-03-21 15:36:00,2010-03-21 15:36:00,1,127.88,Lost
16398,1705.8,2,2011-03-31 09:38:00,2011-07-08 15:16:00,99,852.9,Potential loyalists
16399,641.82,3,2010-11-15 15:03:00,2011-11-20 16:12:00,370,213.94000000000003,Loyal
16400,3159.44,9,2009-12-08 12:38:00,2011-09-06 12:27:00,636,351.0488888888889,Loyal
16401,6536.41,22,2010-06-02 13:13:00,2011-11-25 12:57:00,540,297.10954545454547,Champions
16402,511.4,2,2010-12-05 13:42:00,2011-03-20 12:25:00,104,255.7,Lost
16403,177.5,1,2011-01-31 13:39:00,2011-01-31 13:39:00,1,177.5,Lost
16404,443.05,1,2011-09-30 14:55:00,2011-09-30 14:55:00,1,443.05,Potential loyalists
16405,167.25,2,2011-02-02 17:08:00,2011-02-10 15:24:00,7,83.625,Lost
16406,552.68,3,2010-02-24 11:51:00,2011-11-21 11:57:00,635,184.22666666666666,Loyal
16407,2821.65,14,2010-10-03 13:56:00,2011-11-27 11:05:00,419,201.54642857142858,Champions
16408,231.93,1,2010-04-27 14:08:00,2010-04-27 14:08:00,1,231.93,Lost
16409,5709.04,12,2009-12-13 15:38:00,2011-11-03 16:45:00,690,475.75333333333333,Champions
16410,130.32,1,2009-12-05 14:51:00,2009-12-05 14:51:00,1,130.32,Lost
16411,910.1899999999999,4,2010-10-07 15:09:00,2011-11-20 13:23:00,408,227.54749999999999,Champions
16412,647.23,5,2010-02-04 13:46:00,2011-10-17 12:35:00,619,129.446,Champions
16413,528.98,2,2010-11-29 12:49:00,2011-10-14 12:08:00,318,264.49,New customers
16414,559.71,5,2010-01-14 10:21:00,2011-11-18 09:42:00,672,111.94200000000001,Champions
16415,719.44,3,2010-02-01 12:30:00,2011-10-26 13:35:00,632,239.81333333333336,Loyal
16416,2972.88,9,2010-02-23 12:00:00,2011-11-13 12:50:00,628,330.32,Champions
16417,35.7,1,2010-08-04 09:08:00,2010-08-04 09:08:00,1,35.7,Lost
16418,1101.94,5,2010-10-13 12:31:00,2011-10-26 12:39:00,378,220.388,Champions
16419,1487.42,8,2010-02-09 13:26:00,2011-08-19 12:33:00,555,185.9275,Loyal
16420,75.0,1,2010-11-08 15:15:00,2010-11-08 15:15:00,1,75.0,Lost
16421,526.27,3,2010-08-27 12:02:00,2010-11-28 13:31:00,93,175.42333333333332,At risk
16422,63651.47,109,2010-01-12 11:57:00,2011-11-22 14:00:00,679,583.9584403669725,Champions
16423,346.12,1,2011-11-15 09:21:00,2011-11-15 09:21:00,1,346.12,New customers
16424,443.06,2,2010-11-22 11:24:00,2011-06-01 13:40:00,191,221.53,Potential loyalists
16425,302.7,1,2011-02-10 14:30:00,2011-02-10 14:30:00,1,302.7,Lost
16426,1663.23,9,2011-03-08 15:45:00,2011-12-02 13:38:00,268,184.80333333333334,Champions
16427,241.06,2,2011-02-28 15:18:00,2011-03-21 17:10:00,21,120.53,Lost
16428,660.28,3,2010-07-30 12:10:00,2010-10-22 12:22:00,84,220.09333333333333,At risk
16429,284.55,1,2011-08-25 13:54:00,2011-08-25 13:54:00,1,284.55,Potential loyalists
16430,1117.94,7,2010-01-27 12:45:00,2011-10-13 14:47:00,624,159.7057142857143,Champions
16431,642.81,3,2011-02-15 14:02:00,2011-05-10 14:09:00,84,214.26999999999998,At risk
16432,287.4,1,2011-10-06 13:59:00,2011-10-06 13:59:00,1,287.4,New customers
16433,384.52,2,2010-10-27 12:26:00,2011-11-11 14:09:00,380,192.26,New customers
16434,2741.74,12,2010-01-17 14:51:00,2011-11-10 14:28:00,661,228.47833333333332,Champions
16435,1011.5699999999999,3,2010-07-13 13:29:00,2010-07-15 18:22:00,2,337.19,At risk
16436,329.34,3,2009-12-06 16:02:00,2010-02-09 13:19:00,64,109.77999999999999,At risk
16437,301.25,2,2010-10-06 12:34:00,2010-11-23 16:59:00,48,150.625,Lost
16438,798.35,5,2011-09-18 13:31:00,2011-12-04 10:51:00,76,159.67000000000002,Champions
16439,310.70000000000005,1,2009-12-17 14:22:00,2009-12-17 14:22:00,1,310.70000000000005,Lost
16440,3856.9700000000003,6,2010-08-03 11:32:00,2011-12-02 12:02:00,486,642.8283333333334,Champions
16441,1034.43,5,2010-03-22 18:00:00,2011-10-03 17:48:00,559,206.88600000000002,Loyal
16442,719.71,4,2009-12-13 11:05:00,2011-04-26 11:51:00,499,179.9275,At risk
16443,162.24,1,2010-07-07 11:57:00,2010-07-07 11:57:00,1,162.24,Lost
16444,3656.58,17,2010-03-24 14:06:00,2011-10-24 13:50:00,578,215.0929411764706,Champions
16445,602.73,4,2010-10-24 12:39:00,2011-11-06 12:32:00,377,150.6825,Champions
16446,2.9,1,2011-05-18 09:52:00,2011-05-18 09:52:00,1,2.9,Lost
16447,775.14,3,2010-02-17 14:09:00,2011-07-27 12:45:00,524,258.38,Loyal
16448,367.87,2,2010-08-25 16:58:00,2011-05-25 16:28:00,272,183.935,Lost
16449,707.69,2,2011-03-04 12:15:00,2011-05-26 10:25:00,82,353.845,Lost
16450,1505.73,3,2010-02-21 15:46:00,2011-07-13 11:47:00,506,501.91,Loyal
16451,1013.15,3,2009-12-04 15:11:00,2011-09-13 09:17:00,647,337.71666666666664,Loyal
16452,332.17,2,2010-01-15 12:22:00,2010-03-19 12:39:00,63,166.085,Lost
16453,251.71,2,2010-06-09 13:15:00,2010-06-27 12:46:00,17,125.855,Lost
16454,30.950000000000003,4,2010-04-07 15:54:00,2011-10-26 11:40:00,566,7.737500000000001,Champions
16455,4384.37,11,2010-03-30 10:31:00,2011-10-07 12:17:00,556,398.5790909090909,Champions
16456,6862.91,13,2010-03-29 11:16:00,2011-09-01 13:50:00,521,527.9161538461539,Loyal
16457,208.36,1,2011-05-05 13:19:00,2011-05-05 13:19:00,1,208.36,Lost
16458,5539.84,29,2010-05-26 14:38:00,2011-11-25 08:23:00,547,191.02896551724137,Champions
16459,71.78999999999999,1,2009-12-10 12:42:00,2009-12-10 12:42:00,1,71.78999999999999,Lost
16460,814.72,3,2011-09-19 10:15:00,2011-11-11 13:46:00,53,271.5733333333333,Loyal
16461,1615.22,3,2010-03-03 13:57:00,2011-06-15 12:07:00,468,538.4066666666666,Loyal
16462,136.0,3,2011-03-01 08:58:00,2011-09-27 10:24:00,210,45.333333333333336,Loyal
16463,1422.4,4,2011-05-19 14:45:00,2011-11-18 14:01:00,182,355.6,Champions
16464,1314.68,3,2011-07-20 13:53:00,2011-11-20 12:11:00,122,438.2266666666667,Loyal
16465,746.24,2,2010-09-21 10:46:00,2010-10-15 09:27:00,23,373.12,Lost
16466,3838.59,15,2010-03-07 14:31:00,2011-11-06 11:35:00,608,255.906,Champions
16467,2869.16,7,2009-12-02 11:59:00,2010-07-19 11:49:00,228,409.88,At risk
16468,787.52,3,2010-08-15 13:10:00,2011-09-26 14:13:00,407,262.50666666666666,Loyal
16469,828.91,5,2010-07-13 13:17:00,2011-11-16 12:25:00,490,165.78199999999998,Champions
16470,2458.6,11,2009-12-11 12:21:00,2011-10-19 12:11:00,676,223.5090909090909,Champions
16471,1189.98,4,2010-02-25 10:07:00,2011-03-10 09:41:00,377,297.495,At risk
16472,789.6,2,2010-04-21 11:48:00,2010-10-01 13:56:00,163,394.8,Lost
16473,470.83,4,2010-11-30 16:29:00,2011-06-28 09:10:00,209,117.7075,Loyal
16474,1871.5,7,2011-07-17 14:51:00,2011-12-02 13:02:00,137,267.35714285714283,Champions
16475,544.3,4,2011-03-11 09:39:00,2011-09-12 14:37:00,185,136.075,Loyal
16476,350.35,1,2010-10-04 10:29:00,2010-10-04 10:29:00,1,350.35,Lost
16477,4320.02,11,2010-08-12 09:43:00,2011-10-07 09:44:00,421,392.7290909090909,Champions
16478,331.0,3,2011-10-05 12:02:00,2011-11-14 15:51:00,40,110.33333333333333,Loyal
16479,300.83,2,2011-11-29 13:04:00,2011-11-29 13:40:00,1,150.415,New customers
16480,769.29,1,2011-09-25 11:40:00,2011-09-25 11:40:00,1,769.29,Potential loyalists
16481,453.38,1,2010-01-26 13:09:00,2010-01-26 13:09:00,1,453.38,Lost
16482,220.62,1,2011-11-24 12:33:00,2011-11-24 12:33:00,1,220.62,New customers
16483,139.35,1,2011-05-31 13:08:00,2011-05-31 13:08:00,1,139.35,Potential loyalists
16484,404.3,2,2011-06-02 10:39:00,2011-06-19 12:06:00,17,202.15,Potential loyalists
16485,2294.68,5,2009-12-06 12:28:00,2011-09-23 15:50:00,656,458.936,Loyal
16486,134.36,1,2010-06-20 12:16:00,2010-06-20 12:16:00,1,134.36,Lost
16487,209.4,2,2010-02-18 17:36:00,2010-05-11 13:38:00,81,104.7,Lost
16488,498.8,3,2011-07-14 11:46:00,2011-11-06 13:42:00,115,166.26666666666668,Loyal
16489,303.7,2,2010-09-29 15:02:00,2010-11-24 14:40:00,55,151.85,Lost
16490,205.41000000000003,1,2010-09-29 16:30:00,2010-09-29 16:30:00,1,205.41000000000003,Lost
16491,1533.16,2,2010-10-22 15:42:00,2011-10-24 10:18:00,366,766.58,New customers
16492,385.56,1,2010-06-17 08:20:00,2010-06-17 08:20:00,1,385.56,Lost
16493,2132.09,7,2010-03-26 13:05:00,2011-09-21 11:10:00,543,304.5842857142857,Loyal
16494,826.53,1,2011-02-16 12:49:00,2011-02-16 12:49:00,1,826.53,Lost
16495,246.51,2,2011-03-08 16:38:00,2011-03-08 16:39:00,1,123.255,Lost
16496,2330.77,6,2010-07-18 13:42:00,2011-12-01 10:31:00,500,388.46166666666664,Champions
16497,6695.28,23,2009-12-03 14:11:00,2011-10-21 10:55:00,686,291.0991304347826,Champions
16498,100.97,2,2011-06-30 19:52:00,2011-07-01 15:07:00,1,50.485,Potential loyalists
16499,2578.34,8,2010-06-11 12:22:00,2010-12-14 13:31:00,186,322.2925,At risk
16500,791.1700000000001,8,2010-06-14 14:54:00,2011-11-23 14:18:00,526,98.89625000000001,Champions
16501,1237.23,1,2010-11-21 14:10:00,2010-11-21 14:10:00,1,1237.23,Lost
16502,266.5,2,2010-03-29 13:39:00,2010-03-29 13:44:00,1,133.25,Lost
16503,3614.34,11,2010-06-21 14:07:00,2011-08-25 11:46:00,429,328.5763636363636,Loyal
16504,484.38,1,2011-11-14 15:18:00,2011-11-14 15:18:00,1,484.38,New customers
16505,777.6,1,2011-11-08 12:14:00,2011-11-08 12:14:00,1,777.6,New customers
16506,90.30000000000001,2,2011-10-30 15:50:00,2011-11-20 12:17:00,20,45.150000000000006,New customers
16507,152.76,1,2010-05-16 12:56:00,2010-05-16 12:56:00,1,152.76,Lost
16508,248.8,1,2010-03-19 13:41:00,2010-03-19 13:41:00,1,248.8,Lost
16509,363.7,1,2011-02-16 09:25:00,2011-02-16 09:25:00,1,363.7,Lost
16510,2100.0,6,2010-01-17 12:30:00,2010-12-02 13:39:00,319,350.0,At risk
16511,1819.02,6,2010-03-01 12:21:00,2011-11-18 10:41:00,626,303.17,Champions
16513,752.7900000000001,3,2011-10-27 14:56:00,2011-12-01 12:55:00,34,250.93000000000004,Loyal
16515,3216.3,10,2010-06-17 12:17:00,2011-10-18 13:10:00,488,321.63,Champions
16516,101.69999999999999,1,2011-11-09 14:59:00,2011-11-09 14:59:00,1,101.69999999999999,New customers
16517,162.7,1,2011-03-07 13:50:00,2011-03-07 13:50:00,1,162.7,Lost
16518,959.37,4,2010-06-01 13:31:00,2011-10-09 15:04:00,495,239.8425,Champions
16519,556.26,4,2010-03-01 13:51:00,2011-11-14 15:41:00,623,139.065,Champions
16520,2482.62,6,2010-03-02 16:50:00,2011-06-06 13:24:00,460,413.77,Loyal
16521,1148.01,3,2010-03-01 13:22:00,2010-10-20 13:09:00,232,382.67,At risk
16522,433.36,2,2010-09-15 13:32:00,2010-09-30 10:54:00,14,216.68,Lost
16523,11060.710000000001,26,2010-01-24 13:14:00,2011-11-24 13:53:00,669,425.41192307692313,Champions
16524,308.14,2,2010-01-17 13:16:00,2010-09-19 13:37:00,245,154.07,Lost
16525,24260.920000000002,47,2009-12-02 13:53:00,2011-11-23 11:49:00,720,516.1897872340426,Champions
16526,717.21,2,2010-05-04 16:34:00,2011-06-21 12:02:00,412,358.605,Potential loyalists
16527,1272.44,2,2010-10-11 13:25:00,2011-09-19 16:21:00,343,636.22,Potential loyalists
16529,2012.0,4,2010-06-27 13:29:00,2011-06-02 17:23:00,340,503.0,Loyal
16530,48.349999999999994,1,2010-02-09 15:30:00,2010-02-09 15:30:00,1,48.349999999999994,Lost
16531,2298.33,11,2010-09-24 09:49:00,2011-11-17 16:29:00,419,208.9390909090909,Champions
16532,8756.64,5,2010-03-29 10:26:00,2011-11-22 11:08:00,603,1751.328,Champions
16533,1095.56,3,2011-10-02 15:07:00,2011-11-20 13:08:00,48,365.18666666666667,Loyal
16534,635.9,1,2010-03-07 15:47:00,2010-03-07 15:47:00,1,635.9,Lost
16535,407.84,2,2010-01-28 15:26:00,2010-11-19 13:01:00,294,203.92,Lost
16536,548.97,1,2011-08-21 15:54:00,2011-08-21 15:54:00,1,548.97,Potential loyalists
16537,23.35,1,2010-03-08 13:41:00,2010-03-08 13:41:00,1,23.35,Lost
16538,399.62,3,2010-04-23 16:25:00,2010-06-16 16:59:00,54,133.20666666666668,At risk
16539,3396.81,9,2010-06-25 15:24:00,2011-05-04 09:52:00,312,377.42333333333335,At risk
16540,226.70000000000002,1,2010-10-21 17:22:00,2010-10-21 17:22:00,1,226.70000000000002,Lost
16541,424.03,1,2009-12-04 13:22:00,2009-12-04 13:22:00,1,424.03,Lost
16542,257.32,2,2010-11-03 14:44:00,2011-10-17 10:47:00,347,128.66,New customers
16543,292.21,1,2010-04-27 11:38:00,2010-04-27 11:38:00,1,292.21,Lost
16544,376.70000000000005,4,2010-02-15 13:20:00,2010-07-08 11:11:00,142,94.17500000000001,At risk
16545,689.82,2,2010-11-29 10:39:00,2011-06-28 10:37:00,210,344.91,Potential loyalists
16546,5606.47,5,2010-09-23 15:43:00,2011-02-22 11:20:00,151,1121.294,At risk
16547,111.71,1,2010-06-11 13:02:00,2010-06-11 13:02:00,1,111.71,Lost
16548,30.15,1,2010-04-19 16:15:00,2010-04-19 16:15:00,1,30.15,Lost
16549,13182.19,34,2010-03-28 15:45:00,2011-11-29 15:06:00,610,387.71147058823533,Champions
16550,9435.13,18,2009-12-02 11:24:00,2011-08-23 11:12:00,628,524.1738888888889,Loyal
16551,2237.12,7,2009-12-13 16:12:00,2011-09-05 09:38:00,630,319.5885714285714,Loyal
16552,475.02000000000004,2,2010-12-01 12:36:00,2011-04-11 10:04:00,130,237.51000000000002,Lost
16553,16644.01,33,2010-02-11 18:46:00,2011-06-29 15:42:00,502,504.36393939393935,Loyal
16554,2841.72,8,2009-12-15 09:42:00,2011-10-28 14:51:00,682,355.215,Champions
16555,1915.68,6,2010-07-22 13:39:00,2011-11-04 14:31:00,470,319.28000000000003,Champions
16556,8012.58,17,2009-12-07 10:51:00,2011-10-04 11:36:00,666,471.32823529411763,Loyal
16557,281.85,2,2011-07-25 13:28:00,2011-11-15 14:04:00,113,140.925,New customers
16558,13274.54,37,2009-12-03 18:11:00,2011-11-17 17:30:00,713,358.77135135135137,Champions
16559,185.20000000000002,1,2010-11-07 13:52:00,2010-11-07 13:52:00,1,185.20000000000002,Lost
16560,3048.38,8,2009-12-08 12:05:00,2011-11-13 10:35:00,704,381.0475,Champions
16561,511.12,2,2011-10-11 09:53:00,2011-12-04 11:50:00,54,255.56,New customers
16562,223.85999999999999,1,2010-08-20 11:45:00,2010-08-20 11:45:00,1,223.85999999999999,Lost
16563,4422.76,6,2009-12-01 18:35:00,2011-10-17 11:51:00,684,737.1266666666667,Champions
16564,87.8,1,2010-05-19 14:41:00,2010-05-19 14:41:00,1,87.8,Lost
16565,773.05,4,2010-06-02 12:47:00,2010-12-10 15:21:00,191,193.2625,At risk
16566,614.66,5,2011-02-20 10:29:00,2011-11-24 16:34:00,277,122.93199999999999,Champions
16567,865.6,2,2011-01-07 09:31:00,2011-05-29 13:57:00,142,432.8,Potential loyalists
16568,1020.9000000000001,2,2010-03-08 14:51:00,2010-10-08 10:54:00,213,510.45000000000005,Lost
16569,1331.03,4,2009-12-16 15:05:00,2010-03-18 15:19:00,92,332.7575,At risk
16570,7434.31,20,2010-03-30 09:32:00,2011-11-24 17:02:00,604,371.7155,Champions
16571,4248.74,10,2010-03-18 09:12:00,2011-11-13 11:46:00,605,424.87399999999997,Champions
16572,1009.6,3,2011-03-09 12:04:00,2011-08-04 16:34:00,148,336.53333333333336,Loyal
16573,663.61,2,2011-02-22 15:14:00,2011-09-16 09:13:00,205,331.805,Potential loyalists
16574,1301.78,3,2010-02-19 11:46:00,2011-09-29 13:39:00,587,433.9266666666667,Loyal
16576,540.87,2,2010-07-06 10:42:00,2010-10-15 13:37:00,101,270.435,Lost
16577,380.0,1,2010-02-11 09:45:00,2010-02-11 09:45:00,1,380.0,Lost
16578,156.6,1,2010-03-23 15:11:00,2010-03-23 15:11:00,1,156.6,Lost
16579,295.05,1,2010-10-10 11:58:00,2010-10-10 11:58:00,1,295.05,Lost
16581,105.84,1,2011-06-10 10:05:00,2011-06-10 10:05:00,1,105.84,Potential loyalists
16582,313.62,1,2011-08-18 17:02:00,2011-08-18 17:02:00,1,313.62,Potential loyalists
16583,531.4,2,2010-02-04 12:18:00,2010-12-01 12:03:00,299,265.7,Lost
16584,3163.67,5,2010-02-16 10:41:00,2011-09-20 13:45:00,581,632.734,Loyal
16585,341.59,2,2010-01-13 13:31:00,2010-04-25 10:34:00,101,170.795,Lost
16586,1462.78,3,2010-03-14 11:24:00,2011-04-05 09:32:00,386,487.5933333333333,At risk
16587,225.15,1,2011-04-21 15:51:00,2011-04-21 15:51:00,1,225.15,Lost
16588,1361.28,4,2010-05-14 13:43:00,2010-11-18 17:56:00,188,340.32,At risk
16589,612.36,4,2010-09-15 14:56:00,2011-09-29 14:50:00,378,153.09,Loyal
16590,605.9,2,2010-10-21 12:09:00,2010-11-04 09:06:00,13,302.95,Lost
16591,213.5,1,2011-10-02 10:43:00,2011-10-02 10:43:00,1,213.5,Potential loyalists
16592,6889.75,27,2009-12-18 15:57:00,2011-11-27 13:07:00,708,255.17592592592592,Champions
16593,1071.1399999999999,8,2009-12-05 10:44:00,2011-10-20 12:41:00,684,133.89249999999998,Champions
16594,181.09,1,2011-09-25 14:08:00,2011-09-25 14:08:00,1,181.09,Potential loyalists
16595,1810.18,5,2010-01-17 12:12:00,2011-10-09 13:15:00,630,362.036,Champions
16596,579.63,4,2009-12-10 13:09:00,2011-11-24 10:02:00,713,144.9075,Champions
16598,145.04999999999998,1,2011-02-27 11:42:00,2011-02-27 11:42:00,1,145.04999999999998,Lost
16599,172.8,1,2010-11-19 12:45:00,2010-11-19 12:45:00,1,172.8,Lost
16600,1913.09,12,2009-12-18 12:59:00,2011-11-23 09:44:00,704,159.42416666666665,Champions
16601,684.25,3,2010-03-26 13:39:00,2011-10-30 11:09:00,582,228.08333333333334,Loyal
16602,763.33,2,2010-11-16 09:13:00,2011-11-03 15:54:00,352,381.665,New customers
16603,482.47,2,2011-09-09 13:02:00,2011-09-26 10:06:00,16,241.235,Potential loyalists
16604,432.45,2,2010-05-20 16:34:00,2010-05-26 09:10:00,5,216.225,Lost
16605,60.48,1,2009-12-15 19:03:00,2009-12-15 19:03:00,1,60.48,Lost
16606,357.66,2,2010-10-01 13:21:00,2010-10-31 13:57:00,30,178.83,Lost
16607,5706.87,25,2010-04-29 14:01:00,2011-11-22 10:24:00,571,228.2748,Champions
16608,1288.72,2,2010-02-14 11:57:00,2010-09-12 11:44:00,209,644.36,Lost
16609,5493.46,7,2011-04-01 10:11:00,2011-11-24 13:32:00,237,784.78,Champions
16610,75.66,1,2011-05-04 13:13:00,2011-05-04 13:13:00,1,75.66,Lost
16611,1785.13,6,2010-03-10 16:07:00,2011-06-06 15:46:00,452,297.5216666666667,Loyal
16612,3245.43,9,2009-12-03 15:54:00,2011-11-07 07:38:00,703,360.6033333333333,Champions
16613,618.59,1,2011-09-30 15:52:00,2011-09-30 15:52:00,1,618.59,Potential loyalists
16614,1179.79,3,2010-05-10 15:18:00,2011-06-10 11:36:00,395,393.2633333333333,Loyal
16615,291.5,1,2010-03-23 15:13:00,2010-03-23 15:13:00,1,291.5,Lost
16616,500.42,2,2011-07-05 13:38:00,2011-11-24 16:31:00,142,250.21,New customers
16617,151.85,1,2011-04-18 10:35:00,2011-04-18 10:35:00,1,151.85,Lost
16618,2647.59,5,2011-01-21 11:55:00,2011-11-08 13:52:00,291,529.518,Champions
16619,1938.33,4,2010-02-22 12:05:00,2011-03-21 08:18:00,391,484.5825,At risk
16620,1675.73,5,2009-12-01 14:35:00,2011-03-24 10:37:00,477,335.146,At risk
16621,813.48,4,2011-03-07 11:32:00,2011-10-19 11:38:00,226,203.37,Champions
16622,225.4,1,2010-06-14 10:44:00,2010-06-14 10:44:00,1,225.4,Lost
16623,1015.24,4,2010-04-26 14:04:00,2011-04-08 10:09:00,346,253.81,At risk
16624,810.5699999999999,2,2011-05-26 14:20:00,2011-09-20 12:39:00,116,405.28499999999997,Potential loyalists
16625,1654.03,5,2010-06-14 11:56:00,2011-03-10 12:50:00,269,330.806,At risk
16626,4023.89,16,2011-03-18 12:27:00,2011-12-02 14:18:00,259,251.493125,Champions
16627,322.8,1,2011-09-21 14:38:00,2011-09-21 14:38:00,1,322.8,Potential loyalists
16628,2318.1,7,2010-03-08 12:24:00,2011-11-10 12:45:00,612,331.15714285714284,Champions
16629,417.73,2,2011-09-04 16:12:00,2011-09-27 10:34:00,22,208.865,Potential loyalists
16630,106.80000000000001,1,2010-10-28 14:30:00,2010-10-28 14:30:00,1,106.80000000000001,Lost
16631,1892.52,7,2010-02-26 10:49:00,2010-08-15 11:20:00,170,270.36,At risk
16632,406.4,2,2010-05-07 16:46:00,2010-08-11 11:39:00,95,203.2,Lost
16633,2883.1,6,2011-04-19 14:36:00,2011-11-22 13:41:00,216,480.51666666666665,Champions
16634,1814.61,6,2010-01-21 09:30:00,2011-05-01 12:09:00,465,302.435,At risk
16635,473.0,1,2010-10-29 09:41:00,2010-10-29 09:41:00,1,473.0,Lost
16636,3802.04,4,2010-03-03 14:06:00,2010-09-27 13:13:00,207,950.51,At risk
16637,1154.47,4,2011-04-28 10:20:00,2011-11-07 13:17:00,193,288.6175,Champions
16638,2430.53,15,2010-08-18 13:33:00,2011-11-17 11:09:00,455,162.03533333333334,Champions
16639,1747.98,4,2010-10-26 18:23:00,2011-11-08 13:20:00,377,436.995,Champions
16640,179.4,1,2010-11-07 10:48:00,2010-11-07 10:48:00,1,179.4,Lost
16641,554.5,2,2010-01-07 12:22:00,2011-08-26 12:49:00,596,277.25,Potential loyalists
16642,696.85,2,2010-10-20 14:22:00,2011-05-16 12:35:00,207,348.425,Lost
16643,923.11,2,2010-10-13 09:47:00,2011-04-08 08:24:00,176,461.555,Lost
16644,833.78,2,2011-05-11 12:53:00,2011-06-15 12:39:00,34,416.89,Loyal
16645,160.39,1,2009-12-04 09:49:00,2009-12-04 09:49:00,1,160.39,Lost
16646,678.8,1,2010-09-16 13:28:00,2010-09-16 13:28:00,1,678.8,Lost
16647,541.9,4,2010-06-13 15:52:00,2011-06-23 11:47:00,374,135.475,Loyal
16648,672.8,3,2010-04-28 14:58:00,2011-10-28 08:58:00,547,224.26666666666665,Loyal
16649,306.58000000000004,1,2010-07-07 15:41:00,2010-07-07 15:41:00,1,306.58000000000004,Lost
16650,1916.11,7,2010-07-08 14:18:00,2011-09-29 09:51:00,447,273.72999999999996,Loyal
16651,136.2,1,2010-05-02 11:46:00,2010-05-02 11:46:00,1,136.2,Lost
16652,17550.39,16,2010-03-17 10:22:00,2011-10-12 09:38:00,573,1096.899375,Champions
16653,1212.66,2,2011-09-29 13:38:00,2011-11-23 14:51:00,55,606.33,Loyal
16654,1711.47,8,2010-04-06 13:29:00,2011-07-21 15:23:00,471,213.93375,Loyal
16655,6548.37,13,2010-01-31 15:40:00,2011-11-22 11:25:00,659,503.72076923076924,Champions
16656,16833.170000000002,30,2009-12-04 12:59:00,2011-11-17 14:43:00,713,561.1056666666667,Champions
16657,933.62,4,2011-03-30 12:02:00,2011-11-30 11:48:00,244,233.405,Champions
16658,814.07,6,2010-03-30 16:24:00,2010-12-06 13:47:00,250,135.67833333333334,At risk
16659,39.12,1,2011-06-03 15:03:00,2011-06-03 15:03:00,1,39.12,Potential loyalists
16660,1879.55,7,2010-01-14 11:09:00,2011-11-23 14:53:00,678,268.50714285714287,Champions
16661,986.63,4,2009-12-17 15:39:00,2010-06-17 15:24:00,181,246.6575,At risk
16662,163.8,1,2010-11-10 16:56:00,2010-11-10 16:56:00,1,163.8,Lost
16663,165.0,1,2009-12-10 13:12:00,2009-12-10 13:12:00,1,165.0,Lost
16664,109.2,1,2010-05-19 17:11:00,2010-05-19 17:11:00,1,109.2,Lost
16665,135.39999999999998,1,2010-12-12 14:03:00,2010-12-12 14:03:00,1,135.39999999999998,Lost
16666,225.94,2,2010-03-28 15:13:00,2011-11-20 14:01:00,601,112.97,Loyal
16667,570.13,2,2011-02-28 12:57:00,2011-10-02 15:26:00,216,285.065,Loyal
16668,862.42,13,2010-03-18 18:25:00,2011-11-24 17:43:00,615,66.34,Champions
16669,1374.8700000000001,3,2011-09-22 14:13:00,2011-11-16 12:26:00,54,458.29,Loyal
16670,8030.150000000001,20,2009-12-10 15:28:00,2011-11-23 09:34:00,712,401.50750000000005,Champions
16671,1692.27,3,2011-06-28 11:20:00,2011-11-11 13:40:00,136,564.09,Loyal
16672,7864.9400000000005,19,2011-03-18 10:15:00,2011-11-04 09:44:00,230,413.9442105263158,Champions
16673,188.83,1,2010-01-29 14:22:00,2010-01-29 14:22:00,1,188.83,Lost
16674,319.61,2,2011-09-02 13:59:00,2011-10-16 11:31:00,43,159.805,Loyal
16675,608.86,2,2010-08-18 13:11:00,2010-09-24 12:15:00,36,304.43,At risk
16676,2361.9,6,2010-10-17 13:07:00,2011-11-06 12:01:00,384,393.65000000000003,Champions
16677,880.62,2,2010-02-25 16:11:00,2010-10-24 14:53:00,240,440.31,At risk
16678,2786.0499999999997,11,2011-03-02 09:24:00,2011-11-29 13:17:00,272,253.2772727272727,Champions
16679,793.06,3,2010-06-10 18:35:00,2010-12-08 13:51:00,180,264.3533333333333,At risk
16680,821.45,3,2010-06-23 09:30:00,2011-10-27 17:35:00,491,273.81666666666666,Loyal
16681,1921.84,7,2010-03-08 14:10:00,2011-09-28 11:11:00,568,274.5485714285714,Loyal
16682,917.14,4,2011-06-05 11:02:00,2011-10-13 15:47:00,130,229.285,Champions
16683,320.25,1,2010-06-24 10:36:00,2010-06-24 10:36:00,1,320.25,Lost
16684,141740.79,54,2009-12-07 12:56:00,2011-11-28 15:35:00,721,2624.8294444444446,Champions
16685,324.24,2,2011-10-09 13:44:00,2011-10-09 13:58:00,1,162.12,Loyal
16686,5070.92,16,2009-12-06 15:48:00,2011-10-23 13:49:00,685,316.9325,Champions
16687,157.63,1,2010-11-14 11:46:00,2010-11-14 11:46:00,1,157.63,Lost
16688,1115.16,3,2011-10-10 12:23:00,2011-11-29 17:12:00,50,371.72,Loyal
16689,422.59999999999997,2,2011-09-18 13:29:00,2011-09-25 11:39:00,6,211.29999999999998,Loyal
16690,353.03,4,2010-09-14 15:00:00,2011-09-28 15:02:00,379,88.2575,Loyal
16691,178.83,2,2010-05-27 14:55:00,2010-10-17 15:03:00,143,89.415,At risk
16692,1914.6999999999998,4,2010-09-24 11:31:00,2011-03-28 14:46:00,185,478.67499999999995,At risk
16693,1199.46,5,2010-02-21 12:42:00,2011-10-02 11:10:00,587,239.892,Loyal
16694,98.30000000000001,1,2009-12-16 15:45:00,2009-12-16 15:45:00,1,98.30000000000001,Lost
16695,193.15,2,2010-05-27 12:24:00,2010-05-27 12:36:00,1,96.575,At risk
16696,657.9000000000001,4,2011-04-05 15:20:00,2011-07-27 14:23:00,112,164.47500000000002,Loyal
16697,112.75,1,2011-04-12 17:12:00,2011-04-12 17:12:00,1,112.75,Lost
16698,1998.0,2,2011-03-31 13:33:00,2011-04-27 10:52:00,26,999.0,At risk
16699,994.6,7,2009-12-04 13:31:00,2010-11-24 14:38:00,355,142.0857142857143,At risk
16700,9167.710000000001,25,2009-12-02 10:51:00,2011-12-01 11:00:00,729,366.70840000000004,Champions
16701,9916.73,26,2009-12-01 19:19:00,2011-12-01 11:10:00,729,381.4126923076923,Champions
16702,1110.83,4,2009-12-07 16:40:00,2010-10-20 14:10:00,316,277.7075,At risk
16704,695.66,2,2010-02-05 14:14:00,2010-03-31 14:02:00,53,347.83,At risk
16705,43264.531,41,2009-12-09 13:34:00,2011-11-28 11:45:00,718,1055.2324634146341,Champions
16706,531.35,3,2011-08-17 15:53:00,2011-11-02 13:50:00,76,177.11666666666667,Loyal
16707,551.11,4,2010-03-09 15:16:00,2010-11-04 14:39:00,239,137.7775,At risk
16708,656.63,1,2011-10-25 12:20:00,2011-10-25 12:20:00,1,656.63,New customers
16709,9087.460000000001,14,2009-12-09 13:16:00,2011-09-16 10:56:00,645,649.1042857142858,Loyal
16710,6349.09,22,2009-12-04 13:41:00,2011-11-20 14:50:00,716,288.595,Champions
16711,2572.88,8,2009-12-02 13:22:00,2011-11-13 11:51:00,710,321.61,Champions
16712,4266.99,13,2010-11-03 15:45:00,2011-11-30 13:48:00,391,328.22999999999996,Champions
16713,14560.69,32,2009-12-15 12:49:00,2011-11-21 12:36:00,705,455.0215625,Champions
16714,1529.8,4,2010-02-07 11:17:00,2011-05-05 11:09:00,451,382.45,At risk
16715,625.52,2,2010-05-26 12:35:00,2011-09-22 18:15:00,484,312.76,Loyal
16716,2149.6800000000003,3,2010-03-19 11:05:00,2011-03-18 10:03:00,363,716.5600000000001,At risk
16717,6986.2300000000005,14,2009-12-07 15:55:00,2011-11-16 12:16:00,708,499.0164285714286,Champions
16718,3647.53,5,2009-12-06 13:07:00,2010-12-05 13:03:00,363,729.5060000000001,At risk
16719,3973.3,14,2009-12-13 10:59:00,2011-11-25 09:27:00,711,283.8071428571429,Champions
16720,795.48,3,2009-12-17 17:54:00,2011-11-13 16:22:00,695,265.16,Loyal
16721,292.47,1,2011-03-22 16:08:00,2011-03-22 16:08:00,1,292.47,Lost
16722,8989.08,22,2009-12-03 19:23:00,2011-11-22 13:28:00,718,408.5945454545454,Champions
16723,1301.63,4,2009-12-04 13:23:00,2011-09-09 13:01:00,643,325.4075,Loyal
16724,147.35,1,2010-10-31 11:40:00,2010-10-31 11:40:00,1,147.35,Lost
16725,1882.11,14,2009-12-13 15:54:00,2011-02-10 16:52:00,424,134.43642857142856,At risk
16726,2088.41,7,2010-10-24 16:09:00,2011-11-13 14:53:00,384,298.3442857142857,Champions
16727,1437.42,4,2010-01-20 10:48:00,2010-12-10 13:48:00,324,359.355,At risk
16728,1054.67,4,2011-03-20 13:28:00,2011-10-24 14:36:00,218,263.6675,Champions
16729,7239.92,21,2011-04-12 14:22:00,2011-11-01 14:29:00,203,344.7580952380952,Champions
16730,743.11,3,2011-01-24 14:01:00,2011-10-18 14:11:00,267,247.70333333333335,Loyal
16731,174.05,1,2010-03-01 15:05:00,2010-03-01 15:05:00,1,174.05,Lost
16732,4387.64,4,2009-12-08 13:04:00,2011-11-08 09:54:00,699,1096.91,Champions
16733,259.68,1,2010-06-28 10:12:00,2010-06-28 10:12:00,1,259.68,Lost
16734,650.51,3,2011-08-17 15:00:00,2011-10-18 13:44:00,61,216.83666666666667,Loyal
16735,6270.56,14,2009-12-08 09:24:00,2011-09-22 11:49:00,653,447.8971428571429,Loyal
16736,2956.56,5,2009-12-03 16:12:00,2010-07-22 10:09:00,230,591.312,At risk
16737,835.1999999999999,2,2010-05-11 09:53:00,2011-10-17 13:03:00,524,417.59999999999997,Loyal
16738,3.75,1,2011-02-15 09:46:00,2011-02-15 09:46:00,1,3.75,Lost
16739,786.43,2,2010-06-21 09:38:00,2011-06-16 09:17:00,359,393.215,Loyal
16740,236.81,1,2010-11-09 13:34:00,2010-11-09 13:34:00,1,236.81,Lost
16741,173.06,1,2010-03-24 15:15:00,2010-03-24 15:15:00,1,173.06,Lost
16742,2852.6099999999997,14,2009-12-16 17:22:00,2011-10-24 12:02:00,676,203.75785714285712,Champions
16743,4253.26,14,2010-04-22 13:21:00,2011-11-10 13:13:00,566,303.80428571428575,Champions
16744,1304.76,7,2011-06-19 15:13:00,2011-11-28 13:06:00,161,186.3942857142857,Champions
16745,7194.3,17,2011-02-01 11:31:00,2011-09-14 11:58:00,225,423.1941176470588,Loyal
16746,17616.48,41,2009-12-04 13:00:00,2011-11-28 15:17:00,724,429.67024390243904,Champions
16747,836.06,2,2011-10-03 10:18:00,2011-11-02 11:37:00,30,418.03,Loyal
16748,3637.33,14,2009-12-10 12:28:00,2011-11-22 10:17:00,711,259.8092857142857,Champions
16749,4387.08,2,2009-12-15 14:05:00,2010-04-27 13:06:00,132,2193.54,At risk
16750,623.93,5,2011-04-21 16:53:00,2011-10-26 12:48:00,187,124.78599999999999,Champions
16751,1764.72,1,2011-11-09 10:48:00,2011-11-09 10:48:00,1,1764.72,New customers
16752,415.0,1,2010-12-02 12:18:00,2010-12-02 12:18:00,1,415.0,Lost
16753,223.92000000000002,1,2011-10-12 13:14:00,2011-10-12 13:14:00,1,223.92000000000002,New customers
16754,67502.47,29,2010-03-08 11:32:00,2010-12-02 17:38:00,269,2327.671379310345,At risk
16755,2900.58,7,2009-12-09 14:25:00,2011-08-17 13:21:00,615,414.36857142857144,Loyal
16756,1312.3700000000001,7,2010-03-09 15:56:00,2011-05-09 09:33:00,425,187.48142857142858,At risk
16757,270.48,2,2010-10-26 15:09:00,2011-01-25 11:59:00,90,135.24,At risk
16758,369.34000000000003,1,2011-10-05 14:47:00,2011-10-05 14:47:00,1,369.34000000000003,Potential loyalists
16759,789.79,3,2011-11-09 09:06:00,2011-12-02 12:42:00,23,263.2633333333333,Loyal
16760,228.0,1,2010-10-05 15:55:00,2010-10-05 15:55:00,1,228.0,Lost
16761,316.62,1,2011-09-04 11:15:00,2011-09-04 11:15:00,1,316.62,Potential loyalists
16762,1501.38,3,2011-07-18 12:52:00,2011-11-20 11:43:00,124,500.46000000000004,Loyal
16763,964.6999999999999,2,2009-12-01 15:26:00,2011-05-25 11:52:00,539,482.34999999999997,At risk
16764,2596.38,12,2011-07-19 17:17:00,2011-11-30 11:30:00,133,216.365,Champions
16765,454.75,2,2010-11-22 13:42:00,2011-02-18 15:41:00,88,227.375,At risk
16766,1145.6,2,2011-03-11 13:34:00,2011-03-11 15:22:00,1,572.8,At risk
16767,8073.8,15,2010-04-28 16:49:00,2011-11-09 09:42:00,559,538.2533333333333,Champions
16768,1708.12,9,2009-12-07 11:47:00,2011-10-23 10:38:00,684,189.7911111111111,Champions
16769,1141.75,4,2009-12-14 11:10:00,2011-03-24 13:41:00,465,285.4375,At risk
16770,1932.13,9,2010-08-22 16:08:00,2011-10-13 12:21:00,416,214.68111111111114,Champions
16771,3967.6,10,2009-12-09 11:52:00,2011-11-06 13:28:00,697,396.76,Champions
16772,3723.5499999999997,3,2009-12-18 10:50:00,2010-10-12 13:19:00,298,1241.1833333333332,At risk
16773,421.24,3,2009-12-06 15:01:00,2011-10-13 14:37:00,675,140.41333333333333,Loyal
16774,1594.45,8,2010-02-16 16:53:00,2011-10-03 12:41:00,593,199.30625,Loyal
16775,3056.89,16,2010-09-23 17:34:00,2011-11-29 15:22:00,431,191.055625,Champions
16776,619.85,2,2010-10-20 12:13:00,2011-10-10 13:04:00,355,309.925,Loyal
16777,1307.76,5,2010-03-17 12:42:00,2011-09-20 13:41:00,552,261.552,Loyal
16778,245.94,2,2011-03-10 15:21:00,2011-09-26 13:48:00,199,122.97,Loyal
16779,32311.18,51,2009-12-03 13:03:00,2011-11-25 09:07:00,721,633.5525490196078,Champions
16780,605.55,3,2010-10-28 19:41:00,2011-08-31 16:09:00,306,201.85,Loyal
16781,934.25,2,2010-02-08 13:56:00,2010-12-02 14:26:00,297,467.125,At risk
16782,10438.41,38,2009-12-09 11:58:00,2011-11-29 13:20:00,720,274.695,Champions
16783,391.95,1,2010-09-29 11:53:00,2010-09-29 11:53:00,1,391.95,Lost
16784,896.53,5,2010-03-28 12:55:00,2011-11-20 12:20:00,601,179.30599999999998,Champions
16785,533.78,1,2010-10-26 10:36:00,2010-10-26 10:36:00,1,533.78,Lost
16786,51.839999999999996,1,2010-11-11 08:25:00,2010-11-11 08:25:00,1,51.839999999999996,Lost
16787,1035.43,4,2010-01-10 11:12:00,2010-11-07 11:01:00,300,258.8575,At risk
16788,1950.3,5,2010-02-07 12:40:00,2011-08-08 14:53:00,547,390.06,Loyal
16789,80.8,1,2011-12-01 15:12:00,2011-12-01 15:12:00,1,80.8,New customers
16790,1366.1200000000001,5,2011-11-02 11:23:00,2011-11-23 14:37:00,21,273.22400000000005,Champions
16791,4038.69,15,2009-12-03 18:08:00,2011-11-10 19:12:00,707,269.246,Champions
16792,623.46,5,2010-01-04 13:47:00,2011-03-02 14:41:00,422,124.69200000000001,At risk
16793,243.84,1,2011-10-13 15:08:00,2011-10-13 15:08:00,1,243.84,New customers
16794,1990.25,14,2010-03-25 15:17:00,2011-11-29 12:46:00,613,142.16071428571428,Champions
16795,2492.39,3,2010-01-25 13:14:00,2010-12-09 14:08:00,318,830.7966666666666,At risk
16796,305.62,1,2011-09-11 14:01:00,2011-09-11 14:01:00,1,305.62,Potential loyalists
16797,1827.77,5,2009-12-02 13:33:00,2010-11-11 19:14:00,344,365.554,At risk
16798,848.71,3,2009-12-10 19:35:00,2010-06-03 19:01:00,174,282.90333333333336,At risk
16799,495.98,2,2010-09-12 12:46:00,2010-10-03 14:28:00,21,247.99,At risk
16800,1201.49,1,2011-11-28 14:06:00,2011-11-28 14:06:00,1,1201.49,New customers
16801,1619.73,4,2011-03-11 13:56:00,2011-06-29 15:33:00,110,404.9325,Loyal
16802,582.61,2,2009-12-09 13:00:00,2010-01-29 13:44:00,51,291.305,At risk
16803,332.3,1,2011-10-05 14:28:00,2011-10-05 14:28:00,1,332.3,Potential loyalists
16804,536.99,3,2011-03-14 15:48:00,2011-11-16 16:43:00,247,178.99666666666667,Loyal
16805,1097.24,5,2009-12-08 14:29:00,2011-06-19 11:23:00,557,219.448,Loyal
16806,801.49,4,2011-04-14 19:59:00,2011-08-28 15:27:00,135,200.3725,Loyal
16807,2123.88,6,2010-03-26 14:38:00,2011-07-20 12:00:00,480,353.98,Loyal
16808,288.42,2,2011-03-10 19:05:00,2011-09-01 19:34:00,175,144.21,Loyal
16809,1727.43,9,2010-04-13 15:34:00,2011-11-16 15:45:00,582,191.93666666666667,Champions
16810,842.0400000000001,2,2010-10-15 15:32:00,2011-05-31 15:32:00,228,421.02000000000004,Loyal
16811,314.77,1,2011-11-22 17:19:00,2011-11-22 17:19:00,1,314.77,New customers
16812,2392.0,4,2010-11-22 14:36:00,2010-12-14 12:35:00,21,598.0,At risk
16813,1692.98,10,2011-05-19 13:28:00,2011-12-01 14:03:00,196,169.298,Champions
16814,12499.710000000001,36,2010-04-11 12:45:00,2011-11-25 13:27:00,593,347.2141666666667,Champions
16815,410.97,2,2010-06-21 12:05:00,2010-09-12 10:59:00,82,205.485,At risk
16816,417.06,4,2010-12-16 17:01:00,2011-08-28 14:16:00,254,104.265,Loyal
16817,2587.57,12,2010-10-04 09:06:00,2011-11-07 12:39:00,399,215.63083333333336,Champions
16818,3349.57,11,2011-05-18 11:42:00,2011-11-29 10:41:00,194,304.50636363636363,Champions
16819,182.59,2,2010-08-31 17:31:00,2010-08-31 17:37:00,1,91.295,At risk
16820,497.61,1,2011-09-05 12:06:00,2011-09-05 12:06:00,1,497.61,Potential loyalists
16821,113.35,1,2010-11-23 10:04:00,2010-11-23 10:04:00,1,113.35,Lost
16822,181.39,1,2010-01-22 14:22:00,2010-01-22 14:22:00,1,181.39,Lost
16823,2260.09,7,2009-12-02 09:57:00,2011-04-26 15:00:00,510,322.87,At risk
16824,686.24,3,2010-11-11 12:21:00,2011-11-24 12:38:00,378,228.74666666666667,Loyal
16825,1826.89,5,2010-06-23 13:14:00,2011-11-01 11:51:00,495,365.37800000000004,Champions
16826,341.7,1,2011-10-19 14:05:00,2011-10-19 14:05:00,1,341.7,New customers
16827,392.13,5,2010-04-29 19:07:00,2010-11-11 14:04:00,195,78.426,At risk
16828,128.5,2,2011-08-19 13:24:00,2011-09-07 15:10:00,19,64.25,Loyal
16829,513.32,2,2010-11-16 18:11:00,2011-07-06 10:48:00,231,256.66,Loyal
16830,1207.5,4,2009-12-13 12:11:00,2011-11-01 11:35:00,687,301.875,Champions
16831,91.8,1,2010-05-24 09:08:00,2010-05-24 09:08:00,1,91.8,Lost
16832,417.61,5,2010-09-07 12:35:00,2011-06-08 15:36:00,274,83.522,Loyal
16833,1973.8,5,2010-03-26 15:31:00,2011-03-25 08:53:00,363,394.76,At risk
16834,898.96,2,2010-02-03 14:24:00,2011-04-26 09:37:00,446,449.48,At risk
16835,1538.41,6,2010-05-19 08:41:00,2011-08-03 13:50:00,441,256.4016666666667,Loyal
16836,782.37,4,2010-05-14 12:52:00,2011-10-31 10:05:00,534,195.5925,Champions
16837,3170.98,11,2011-04-08 08:48:00,2011-11-08 14:27:00,214,288.2709090909091,Champions
16838,1159.61,4,2010-02-14 15:27:00,2011-05-26 13:13:00,465,289.9025,At risk
16839,22310.49,44,2010-02-11 15:02:00,2011-12-01 09:03:00,657,507.05659090909097,Champions
16840,139.85,2,2010-02-03 12:42:00,2010-04-15 15:48:00,71,69.925,At risk
16841,4006.06,12,2010-01-12 11:32:00,2011-11-03 11:51:00,660,333.8383333333333,Champions
16842,1264.19,3,2011-02-10 14:51:00,2011-08-31 10:42:00,201,421.3966666666667,Loyal
16843,19571.43,35,2009-12-10 11:40:00,2011-10-28 09:06:00,686,559.1837142857142,Champions
16844,614.34,2,2010-05-06 09:16:00,2010-05-26 10:29:00,20,307.17,At risk
16845,253.88,1,2010-03-31 13:09:00,2010-03-31 13:09:00,1,253.88,Lost
16846,842.41,3,2010-03-10 12:03:00,2011-10-20 13:55:00,589,280.80333333333334,Loyal
16847,614.89,2,2010-03-31 13:32:00,2011-10-27 13:29:00,574,307.445,Loyal
16848,1411.62,4,2010-10-03 11:01:00,2011-10-18 08:42:00,379,352.905,Champions
16849,124.57,1,2011-06-06 09:16:00,2011-06-06 09:16:00,1,124.57,Potential loyalists
16850,332.41,1,2011-01-10 11:09:00,2011-01-10 11:09:00,1,332.41,Lost
16851,239.45999999999998,2,2011-10-19 09:48:00,2011-10-28 12:33:00,9,119.72999999999999,Loyal
16852,144.91000000000003,2,2011-06-16 15:49:00,2011-11-29 13:22:00,165,72.45500000000001,Loyal
16854,1408.96,2,2010-03-09 14:32:00,2010-10-18 16:31:00,223,704.48,At risk
16855,328.4,2,2011-10-27 16:31:00,2011-11-16 12:03:00,19,164.2,Loyal
16856,358.49,3,2010-09-23 13:11:00,2011-11-25 08:59:00,427,119.49666666666667,Loyal
16857,352.8,1,2010-09-23 10:49:00,2010-09-23 10:49:00,1,352.8,Lost
16858,4668.28,10,2009-12-15 11:09:00,2010-12-06 09:52:00,355,466.828,At risk
16859,1932.41,7,2010-03-04 12:37:00,2011-07-18 12:19:00,500,276.05857142857144,Loyal
16860,1610.62,3,2010-02-15 13:46:00,2010-09-13 10:05:00,209,536.8733333333333,At risk
16861,946.59,5,2010-07-19 11:44:00,2011-10-11 09:05:00,448,189.318,Champions
16862,662.33,4,2010-01-07 12:57:00,2010-06-10 13:05:00,154,165.5825,At risk
16863,998.52,3,2010-10-26 10:03:00,2011-11-08 15:26:00,378,332.84,Loyal
16864,409.25,2,2010-04-20 11:56:00,2010-10-01 16:16:00,164,204.625,At risk
16865,130.95,1,2010-11-03 11:34:00,2010-11-03 11:34:00,1,130.95,Lost
16866,207.73999999999998,3,2011-07-01 12:34:00,2011-07-22 10:06:00,20,69.24666666666666,Loyal
16867,76.74000000000001,1,2010-01-19 09:11:00,2010-01-19 09:11:00,1,76.74000000000001,Lost
16868,393.39,3,2010-04-25 11:31:00,2010-11-10 13:17:00,199,131.13,At risk
16869,825.42,4,2011-06-17 13:01:00,2011-11-17 12:02:00,152,206.355,Champions
16870,450.15999999999997,1,2010-08-27 13:53:00,2010-08-27 13:53:00,1,450.15999999999997,Lost
16871,2812.34,6,2011-03-14 10:31:00,2011-11-17 19:27:00,248,468.72333333333336,Champions
16872,1213.13,6,2010-09-02 17:36:00,2011-09-23 16:05:00,385,202.18833333333336,Loyal
16873,12762.56,11,2010-02-09 14:17:00,2011-10-09 12:20:00,606,1160.2327272727273,Champions
16874,217.74,1,2010-11-25 13:08:00,2010-11-25 13:08:00,1,217.74,Lost
16875,4234.53,11,2010-01-05 09:16:00,2011-10-03 13:39:00,636,384.9572727272727,Loyal
16876,136.01,1,2010-11-01 11:59:00,2010-11-01 11:59:00,1,136.01,Lost
16877,853.72,6,2011-05-15 16:13:00,2011-11-27 13:47:00,195,142.28666666666666,Champions
16878,13.3,1,2011-09-16 17:39:00,2011-09-16 17:39:00,1,13.3,Potential loyalists
16880,1840.86,8,2010-08-03 13:54:00,2011-11-09 11:33:00,462,230.1075,Champions
16881,432.0,1,2011-10-04 10:33:00,2011-10-04 10:33:00,1,432.0,Potential loyalists
16882,705.12,3,2011-01-26 17:43:00,2011-10-04 10:42:00,250,235.04,Loyal
16883,2396.59,19,2009-12-04 12:07:00,2011-06-05 12:51:00,548,126.1363157894737,Loyal
16884,1073.92,4,2010-05-18 12:00:00,2011-11-02 11:52:00,532,268.48,Champions
16885,710.74,4,2010-11-19 12:51:00,2011-11-24 13:40:00,370,177.685,Champions
16886,134.0,1,2010-09-09 15:08:00,2010-09-09 15:08:00,1,134.0,Lost
16887,660.72,3,2009-12-01 13:41:00,2011-11-04 14:07:00,703,220.24,Loyal
16888,437.15,3,2010-01-07 13:07:00,2010-11-04 12:39:00,300,145.71666666666667,At risk
16889,2530.9,6,2010-05-23 10:46:00,2011-05-29 11:05:00,371,421.81666666666666,Loyal
16890,285.41,3,2010-05-06 16:27:00,2010-08-20 11:23:00,105,95.13666666666667,At risk
16891,1940.8700000000001,10,2009-12-04 12:37:00,2011-11-03 13:50:00,699,194.08700000000002,Champions
16892,627.18,5,2009-12-08 14:20:00,2011-11-24 13:06:00,715,125.43599999999999,Champions
16893,401.77,2,2010-11-28 15:14:00,2010-12-08 12:06:00,9,200.885,At risk
16894,1324.06,3,2010-06-22 14:21:00,2010-07-25 15:43:00,33,441.3533333333333,At risk
16895,1121.42,5,2010-02-12 11:07:00,2011-10-06 12:15:00,601,224.28400000000002,Loyal
16896,103.95,1,2010-06-02 15:40:00,2010-06-02 15:40:00,1,103.95,Lost
16897,289.78,2,2011-01-30 11:52:00,2011-02-13 15:02:00,14,144.89,At risk
16898,1016.37,5,2010-05-12 12:18:00,2011-11-13 15:44:00,550,203.274,Champions
16899,1721.02,8,2010-11-07 15:00:00,2011-12-02 12:03:00,389,215.1275,Champions
16900,887.11,3,2011-10-07 13:17:00,2011-11-23 10:32:00,46,295.7033333333333,Loyal
16901,204.26,1,2009-12-10 16:30:00,2009-12-10 16:30:00,1,204.26,Lost
16902,1706.88,1,2011-08-15 14:17:00,2011-08-15 14:17:00,1,1706.88,Potential loyalists
16903,1062.28,3,2010-10-20 14:42:00,2011-11-10 15:32:00,386,354.0933333333333,Loyal
16904,4783.35,20,2010-10-24 16:03:00,2011-11-10 13:46:00,381,239.16750000000002,Champions
16905,4699.45,16,2009-12-10 20:04:00,2011-11-20 13:37:00,709,293.715625,Champions
16906,1448.8,7,2010-05-13 13:23:00,2011-09-19 11:49:00,493,206.97142857142856,Loyal
16907,1707.9,9,2010-07-01 17:30:00,2011-11-10 18:04:00,497,189.76666666666668,Champions
16908,252.59,1,2009-12-17 13:35:00,2009-12-17 13:35:00,1,252.59,Lost
16909,379.14,1,2011-09-28 16:45:00,2011-09-28 16:45:00,1,379.14,Potential loyalists
16910,1323.26,7,2011-09-09 14:14:00,2011-11-30 14:33:00,82,189.03714285714287,Champions
16911,255.25,2,2010-02-16 16:12:00,2010-03-14 12:18:00,25,127.625,At risk
16912,4480.31,15,2009-12-09 12:32:00,2011-11-11 12:18:00,701,298.68733333333336,Champions
16913,423.90999999999997,3,2010-02-26 12:06:00,2011-02-22 12:56:00,361,141.3033333333333,At risk
16914,208.46,1,2011-11-03 15:27:00,2011-11-03 15:27:00,1,208.46,New customers
16915,1543.18,11,2010-05-19 13:32:00,2011-11-30 16:39:00,560,140.2890909090909,Champions
16916,1123.4,4,2010-10-20 12:56:00,2011-11-16 12:08:00,391,280.85,Champions
16917,1857.83,2,2010-03-17 15:24:00,2011-03-08 11:55:00,355,928.915,At risk
16918,3213.29,16,2009-12-03 12:27:00,2011-10-21 12:50:00,687,200.830625,Champions
16919,5125.91,24,2010-08-19 15:28:00,2011-07-06 13:35:00,320,213.57958333333332,Loyal
16920,355.45,1,2010-10-24 14:07:00,2010-10-24 14:07:00,1,355.45,Lost
16921,446.67,3,2010-04-18 15:34:00,2011-10-09 16:22:00,539,148.89000000000001,Loyal
16922,611.08,1,2010-05-16 11:24:00,2010-05-16 11:24:00,1,611.08,Lost
16923,13378.36,32,2010-01-31 11:14:00,2011-11-27 13:00:00,665,418.07375,Champions
16924,846.75,3,2011-09-16 12:54:00,2011-11-18 12:53:00,62,282.25,Loyal
16925,125.65,1,2010-06-17 15:03:00,2010-06-17 15:03:00,1,125.65,Lost
16926,1421.35,5,2010-07-01 12:57:00,2010-12-03 13:42:00,155,284.27,At risk
16927,543.05,3,2010-12-13 11:57:00,2011-08-16 11:10:00,245,181.01666666666665,Loyal
16928,4113.23,29,2010-02-03 12:30:00,2011-09-20 15:10:00,594,141.8355172413793,Loyal
16929,1089.45,6,2011-07-07 12:39:00,2011-11-22 15:36:00,138,181.57500000000002,Champions
16930,380.55,3,2011-10-02 14:25:00,2011-11-13 16:13:00,42,126.85000000000001,Loyal
16931,4839.56,23,2010-11-07 13:24:00,2011-12-04 13:15:00,391,210.41565217391306,Champions
16932,440.71,3,2010-05-17 14:15:00,2011-10-17 14:12:00,517,146.90333333333334,Loyal
16933,2842.75,8,2009-12-09 15:03:00,2011-04-14 13:33:00,490,355.34375,At risk
16934,2110.9900000000002,6,2010-03-28 12:43:00,2011-10-16 12:40:00,566,351.8316666666667,Champions
16935,535.1,3,2010-10-14 13:09:00,2010-11-23 09:16:00,39,178.36666666666667,At risk
16936,551.17,2,2010-11-19 11:54:00,2011-11-14 11:04:00,359,275.585,Loyal
16937,202.1,1,2010-07-28 17:56:00,2010-07-28 17:56:00,1,202.1,Lost
16938,7043.18,9,2010-02-17 14:47:00,2011-12-01 10:20:00,651,782.5755555555556,Champions
16939,449.0,3,2010-02-28 13:33:00,2010-08-08 12:24:00,160,149.66666666666666,At risk
16940,6427.66,8,2009-12-08 13:08:00,2011-10-18 13:15:00,679,803.4575,Champions
16941,33.0,1,2010-04-07 11:13:00,2010-04-07 11:13:00,1,33.0,Lost
16942,1920.59,9,2011-04-26 11:59:00,2011-11-27 12:40:00,215,213.39888888888888,Champions
16943,1299.49,5,2010-03-25 13:34:00,2011-05-12 11:57:00,412,259.898,At risk
16944,101.36,1,2010-04-09 11:03:00,2010-04-09 11:03:00,1,101.36,Lost
16945,8548.16,33,2009-12-09 11:33:00,2011-11-18 11:39:00,709,259.0351515151515,Champions
16946,1222.04,5,2010-03-02 10:49:00,2010-11-21 14:06:00,264,244.408,At risk
16947,955.21,5,2010-03-03 10:54:00,2011-04-18 09:38:00,410,191.042,At risk
16948,868.77,7,2010-02-21 13:48:00,2011-07-24 12:46:00,517,124.11,Loyal
16949,1204.23,5,2011-01-27 12:11:00,2011-10-30 11:55:00,275,240.846,Champions
16950,3784.37,10,2010-01-24 11:26:00,2011-10-14 09:06:00,627,378.437,Champions
16951,1277.75,3,2011-02-08 14:58:00,2011-07-28 12:05:00,169,425.9166666666667,Loyal
16952,798.78,5,2009-12-11 13:52:00,2011-08-22 13:03:00,618,159.756,Loyal
16953,20.8,1,2011-11-09 15:54:00,2011-11-09 15:54:00,1,20.8,New customers
16954,5910.28,19,2010-01-18 14:49:00,2011-12-02 16:46:00,683,311.0673684210526,Champions
16955,1309.41,6,2010-01-31 11:38:00,2011-06-08 10:36:00,492,218.235,Loyal
16956,308.74,1,2011-11-22 08:56:00,2011-11-22 08:56:00,1,308.74,New customers
16957,416.64,2,2011-03-03 09:25:00,2011-04-14 13:56:00,42,208.32,At risk
16958,809.44,1,2010-09-30 14:25:00,2010-09-30 14:25:00,1,809.44,Lost
16959,117.35000000000001,1,2011-09-13 15:03:00,2011-09-13 15:03:00,1,117.35000000000001,Potential loyalists
16960,2043.43,8,2010-03-02 13:36:00,2011-11-01 11:35:00,608,255.42875,Champions
16961,794.56,3,2010-06-25 14:36:00,2011-08-15 13:46:00,415,264.8533333333333,Loyal
16962,251.04,1,2010-10-26 11:36:00,2010-10-26 11:36:00,1,251.04,Lost
16963,110.55000000000001,1,2011-06-05 13:48:00,2011-06-05 13:48:00,1,110.55000000000001,Potential loyalists
16964,207.85,2,2009-12-06 12:51:00,2009-12-06 12:53:00,1,103.925,At risk
16965,201.19,1,2011-04-27 12:08:00,2011-04-27 12:08:00,1,201.19,Lost
16966,2154.97,7,2011-04-13 14:17:00,2011-12-01 13:40:00,231,307.8528571428571,Champions
16967,319.02,1,2011-06-03 14:24:00,2011-06-03 14:24:00,1,319.02,Potential loyalists
16968,253.31,1,2011-08-24 10:51:00,2011-08-24 10:51:00,1,253.31,Potential loyalists
16969,650.41,3,2011-06-01 12:10:00,2011-10-31 13:12:00,152,216.8033333333333,Loyal
16970,71.4,1,2010-03-23 13:50:00,2010-03-23 13:50:00,1,71.4,Lost
16971,357.21,1,2011-11-01 15:06:00,2011-11-01 15:06:00,1,357.21,New customers
16972,786.25,2,2010-09-09 11:20:00,2010-11-22 10:59:00,73,393.125,At risk
16973,127.0,1,2010-11-18 13:56:00,2010-11-18 13:56:00,1,127.0,Lost
16974,365.5,2,2010-05-24 10:43:00,2010-07-05 10:18:00,41,182.75,At risk
16975,926.12,3,2010-07-22 11:38:00,2010-10-12 17:53:00,82,308.70666666666665,At risk
16976,251.51999999999998,1,2011-03-17 16:33:00,2011-03-17 16:33:00,1,251.51999999999998,Lost
16977,496.0,4,2010-03-18 11:06:00,2010-11-09 13:17:00,236,124.0,At risk
16978,768.88,3,2010-02-11 16:27:00,2011-09-23 12:50:00,588,256.29333333333335,Loyal
16979,2628.0,8,2010-09-15 14:30:00,2011-11-22 13:20:00,432,328.5,Champions
16980,1473.3300000000002,3,2010-10-07 14:05:00,2011-03-29 16:36:00,173,491.11000000000007,At risk
16982,384.06,1,2011-10-10 12:28:00,2011-10-10 12:28:00,1,384.06,New customers
16983,3710.22,11,2010-09-19 12:38:00,2011-11-27 12:10:00,433,337.29272727272723,Champions
16984,10754.8,9,2010-03-07 15:34:00,2011-09-12 13:43:00,553,1194.9777777777776,Loyal
16985,10923.16,23,2009-12-10 13:34:00,2011-11-22 13:33:00,711,474.92,Champions
16986,4888.75,11,2010-02-04 14:46:00,2011-11-10 11:55:00,643,444.4318181818182,Champions
16987,2303.97,10,2009-12-02 14:34:00,2011-10-28 17:26:00,695,230.397,Champions
16988,256.55,1,2010-11-25 09:22:00,2010-11-25 09:22:00,1,256.55,Lost
16989,1133.25,6,2011-07-12 09:11:00,2011-12-02 16:39:00,143,188.875,Champions
16990,344.0,2,2010-10-13 11:42:00,2011-05-05 08:30:00,203,172.0,At risk
16991,1041.21,1,2010-10-14 14:08:00,2010-10-14 14:08:00,1,1041.21,Lost
16992,5476.5,13,2010-02-11 12:36:00,2011-11-29 11:50:00,655,421.2692307692308,Champions
16993,1950.9499999999998,2,2010-05-12 13:55:00,2010-09-02 12:16:00,112,975.4749999999999,At risk
16996,2123.61,9,2010-10-18 12:24:00,2011-11-09 16:43:00,387,235.95666666666668,Champions
16997,702.0,3,2011-01-18 11:51:00,2011-02-24 17:28:00,37,234.0,At risk
16998,402.0,5,2010-09-21 14:39:00,2011-07-13 09:44:00,294,80.4,Loyal
16999,484.82,2,2011-09-26 15:43:00,2011-11-16 13:53:00,50,242.41,Loyal
17000,406.3,2,2010-10-27 14:16:00,2010-11-08 13:35:00,11,203.15,At risk
17001,6233.12,18,2010-03-25 12:41:00,2011-11-17 15:24:00,602,346.28444444444443,Champions
17002,2571.55,7,2010-03-08 15:46:00,2011-09-15 12:40:00,555,367.36428571428576,Loyal
17003,830.16,4,2010-05-10 11:20:00,2010-11-02 13:15:00,176,207.54,At risk
17004,2425.16,4,2010-10-11 15:43:00,2011-10-24 14:25:00,377,606.29,Champions
17005,742.36,2,2010-04-30 10:55:00,2010-08-26 10:57:00,118,371.18,At risk
17006,1389.26,7,2010-03-05 13:33:00,2011-11-21 13:44:00,626,198.46571428571428,Champions
17007,1120.1,7,2010-09-28 13:51:00,2011-10-20 10:47:00,386,160.0142857142857,Champions
17008,81.36,1,2010-10-06 15:19:00,2010-10-06 15:19:00,1,81.36,Lost
17009,242.06,1,2010-06-06 16:01:00,2010-06-06 16:01:00,1,242.06,Lost
17010,195.36,1,2011-11-21 14:49:00,2011-11-21 14:49:00,1,195.36,New customers
17011,671.7,3,2010-02-26 09:47:00,2011-11-09 13:30:00,621,223.9,Loyal
17012,384.16,1,2009-12-14 17:34:00,2009-12-14 17:34:00,1,384.16,Lost
17014,586.33,3,2011-10-04 11:36:00,2011-12-01 14:09:00,58,195.44333333333336,Loyal
17015,1842.56,3,2011-06-07 13:19:00,2011-11-11 10:45:00,156,614.1866666666666,Loyal
17016,552.4,1,2010-05-12 12:32:00,2010-05-12 12:32:00,1,552.4,Lost
17017,13480.01,28,2009-12-03 13:22:00,2011-11-30 09:18:00,726,481.42892857142857,Champions
17018,2287.7,6,2009-12-05 10:27:00,2011-10-30 11:42:00,694,381.2833333333333,Champions
17019,4012.2,11,2009-12-02 11:52:00,2011-11-28 13:06:00,726,364.74545454545455,Champions
17020,935.62,2,2010-03-03 12:27:00,2010-06-15 13:06:00,104,467.81,At risk
17021,1182.22,6,2010-04-29 20:05:00,2010-09-23 20:01:00,146,197.03666666666666,At risk
17022,260.0,2,2010-10-03 10:27:00,2011-11-08 17:09:00,401,130.0,Loyal
17023,800.18,3,2010-01-11 15:09:00,2010-10-18 15:37:00,280,266.72666666666663,At risk
17024,95.85,3,2011-07-05 09:31:00,2011-10-25 13:47:00,112,31.95,Loyal
17025,1510.6399999999999,5,2010-03-08 13:37:00,2011-10-10 09:06:00,580,302.128,Champions
17026,208.98,3,2010-10-18 15:22:00,2011-06-07 14:28:00,231,69.66,Loyal
17027,1327.1100000000001,9,2009-12-10 12:10:00,2011-09-22 12:24:00,651,147.45666666666668,Loyal
17028,1593.83,3,2009-12-18 14:28:00,2010-05-07 15:33:00,140,531.2766666666666,At risk
17029,2137.3,7,2010-02-14 10:19:00,2011-08-21 11:06:00,553,305.3285714285715,Loyal
17030,146.87,1,2011-10-07 08:49:00,2011-10-07 08:49:00,1,146.87,New customers
17031,2773.85,6,2010-05-07 14:52:00,2011-11-28 10:23:00,569,462.30833333333334,Champions
17032,3004.6,8,2009-12-10 15:36:00,2010-06-10 12:16:00,181,375.575,At risk
17033,1332.79,4,2010-11-07 12:55:00,2011-09-14 14:34:00,311,333.1975,Loyal
17034,1283.92,5,2010-07-14 12:55:00,2011-11-23 15:14:00,497,256.784,Champions
17035,613.59,4,2009-12-03 10:37:00,2011-04-08 11:23:00,491,153.3975,At risk
17036,176.9,1,2010-11-21 14:26:00,2010-11-21 14:26:00,1,176.9,Lost
17037,1267.32,1,2011-09-13 12:49:00,2011-09-13 12:49:00,1,1267.32,Potential loyalists
17038,743.17,2,2010-10-20 16:04:00,2011-11-09 13:50:00,384,371.585,Loyal
17039,1954.99,1,2010-04-14 12:56:00,2010-04-14 12:56:00,1,1954.99,Lost
17040,463.25,2,2010-06-07 15:08:00,2011-07-25 10:19:00,412,231.625,Loyal
17041,1686.28,6,2010-04-18 14:25:00,2011-11-13 11:21:00,573,281.0466666666667,Champions
17042,922.8199999999999,4,2011-04-06 14:53:00,2011-08-10 13:19:00,125,230.70499999999998,Loyal
17043,2616.55,8,2009-12-09 15:20:00,2011-11-07 15:33:00,698,327.06875,Champions
17044,11962.3,12,2009-12-07 12:25:00,2011-11-14 14:28:00,707,996.8583333333332,Champions
17045,827.6800000000001,5,2010-10-06 14:52:00,2011-08-18 17:09:00,316,165.536,Loyal
17046,1906.07,5,2010-03-29 13:46:00,2011-07-05 14:24:00,463,381.214,Loyal
17047,2289.23,6,2009-12-08 08:48:00,2011-09-15 13:27:00,646,381.53833333333336,Loyal
17048,2071.68,7,2010-01-18 13:55:00,2011-08-14 11:49:00,572,295.9542857142857,Loyal
17049,9551.48,18,2010-03-04 10:23:00,2011-11-18 13:18:00,624,530.6377777777777,Champions
17050,4691.79,11,2010-01-26 14:54:00,2011-09-04 13:48:00,585,426.5263636363636,Loyal
17051,714.39,4,2010-03-21 14:55:00,2011-05-29 14:13:00,433,178.5975,Loyal
17052,413.75,1,2011-11-11 14:50:00,2011-11-11 14:50:00,1,413.75,New customers
17053,498.48,1,2011-08-01 10:23:00,2011-08-01 10:23:00,1,498.48,Potential loyalists
17054,1356.33,5,2011-04-08 13:14:00,2011-11-11 12:56:00,216,271.26599999999996,Champions
17055,239.55,1,2010-09-20 12:21:00,2010-09-20 12:21:00,1,239.55,Lost
17056,128.60000000000002,1,2009-12-01 12:55:00,2009-12-01 12:55:00,1,128.60000000000002,Lost
17057,294.74,1,2010-04-22 19:21:00,2010-04-22 19:21:00,1,294.74,Lost
17058,1179.89,3,2011-04-14 09:18:00,2011-09-19 10:13:00,158,393.2966666666667,Loyal
17059,5602.53,9,2010-01-26 14:43:00,2011-11-10 12:27:00,652,622.5033333333333,Champions
17060,234.24,1,2011-03-18 13:27:00,2011-03-18 13:27:00,1,234.24,Lost
17061,5232.2300000000005,11,2011-04-21 13:29:00,2011-09-27 11:24:00,158,475.65727272727275,Loyal
17062,1208.22,6,2010-09-26 11:57:00,2011-01-30 11:01:00,125,201.37,At risk
17063,3638.53,13,2009-12-01 12:36:00,2011-11-18 16:19:00,717,279.8869230769231,Champions
17064,859.35,3,2011-01-16 16:10:00,2011-10-12 10:18:00,268,286.45,Loyal
17065,194.7,2,2010-03-12 11:40:00,2010-03-12 11:41:00,1,97.35,At risk
17066,228.34,1,2009-12-13 13:24:00,2009-12-13 13:24:00,1,228.34,Lost
17067,454.54,3,2009-12-08 12:03:00,2009-12-15 08:39:00,6,151.51333333333335,At risk
17068,9161.08,47,2010-03-28 14:26:00,2011-11-27 13:14:00,608,194.91659574468085,Champions
17069,5794.28,14,2009-12-03 12:27:00,2011-11-11 17:13:00,708,413.8771428571428,Champions
17070,445.32,2,2010-10-25 15:57:00,2011-08-17 17:01:00,296,222.66,Loyal
17071,3801.2000000000003,13,2010-01-24 13:05:00,2011-11-11 16:31:00,656,292.40000000000003,Champions
17072,282.05,1,2010-03-24 16:33:00,2010-03-24 16:33:00,1,282.05,Lost
17073,1446.09,4,2011-08-22 14:37:00,2011-11-22 11:47:00,91,361.5225,Champions
17074,203.05,1,2010-05-26 12:04:00,2010-05-26 12:04:00,1,203.05,Lost
17075,2241.73,10,2009-12-14 11:24:00,2011-11-22 11:58:00,708,224.173,Champions
17076,1242.75,6,2009-12-04 12:12:00,2011-11-03 17:53:00,699,207.125,Champions
17077,306.0,1,2010-05-10 16:36:00,2010-05-10 16:36:00,1,306.0,Lost
17078,378.2,2,2011-11-03 18:49:00,2011-11-03 19:17:00,1,189.1,Loyal
17079,118.80000000000001,1,2011-09-22 15:34:00,2011-09-22 15:34:00,1,118.80000000000001,Potential loyalists
17080,957.53,7,2010-07-01 16:03:00,2011-11-17 12:59:00,503,136.79,Champions
17081,964.39,6,2010-02-22 13:19:00,2011-11-14 12:56:00,629,160.73166666666665,Champions
17082,4732.03,6,2009-12-15 11:25:00,2011-11-06 15:17:00,691,788.6716666666666,Champions
17083,4049.79,9,2010-02-09 11:46:00,2011-08-22 15:43:00,559,449.9766666666667,Loyal
17084,5202.97,3,2010-11-08 14:20:00,2011-11-04 14:54:00,361,1734.3233333333335,Loyal
17085,7891.41,28,2009-12-06 12:16:00,2011-08-08 14:15:00,610,281.8360714285714,Loyal
17086,2050.08,6,2011-10-07 11:22:00,2011-12-02 13:54:00,56,341.68,Champions
17087,221.53,1,2009-12-02 10:41:00,2009-12-02 10:41:00,1,221.53,Lost
17088,1991.01,4,2011-03-31 09:48:00,2011-11-11 14:23:00,225,497.7525,Champions
17089,128.45,1,2010-11-18 15:33:00,2010-11-18 15:33:00,1,128.45,Lost
17090,2925.44,12,2010-07-19 16:02:00,2011-10-18 12:59:00,455,243.78666666666666,Champions
17091,7360.3,18,2009-12-16 15:45:00,2011-11-08 10:17:00,691,408.90555555555557,Champions
17092,5594.96,11,2010-02-02 16:42:00,2011-10-20 19:51:00,625,508.63272727272727,Champions
17093,235.88,1,2010-04-26 10:22:00,2010-04-26 10:22:00,1,235.88,Lost
17094,402.20000000000005,2,2010-10-12 10:48:00,2011-01-21 13:09:00,101,201.10000000000002,At risk
17095,2572.25,7,2009-12-15 12:32:00,2011-11-17 12:21:00,701,367.4642857142857,Champions
17096,3759.18,11,2010-06-02 14:48:00,2011-11-24 15:01:00,540,341.74363636363637,Champions
17097,1196.3,8,2010-10-05 14:09:00,2011-11-29 16:23:00,420,149.5375,Champions
17098,591.0699999999999,3,2010-06-17 10:30:00,2010-11-23 12:13:00,159,197.0233333333333,At risk
17099,582.17,1,2010-06-24 16:25:00,2010-06-24 16:25:00,1,582.17,Lost
17100,971.74,2,2011-11-21 16:36:00,2011-11-21 16:36:00,1,485.87,Loyal
17101,2507.05,7,2010-06-07 15:12:00,2011-11-29 13:57:00,539,358.15000000000003,Champions
17102,25.5,1,2011-03-23 10:08:00,2011-03-23 10:08:00,1,25.5,Lost
17103,424.3,1,2009-12-17 14:08:00,2009-12-17 14:08:00,1,424.3,Lost
17104,474.03,1,2010-10-12 12:21:00,2010-10-12 12:21:00,1,474.03,Lost
17105,665.78,2,2011-02-06 14:46:00,2011-07-03 15:53:00,147,332.89,Loyal
17106,491.23,1,2010-11-15 14:11:00,2010-11-15 14:11:00,1,491.23,Lost
17107,16075.42,10,2010-01-31 15:47:00,2011-11-06 14:14:00,643,1607.542,Champions
17108,174.95,1,2010-02-14 12:22:00,2010-02-14 12:22:00,1,174.95,Lost
17109,1295.46,8,2010-07-30 12:42:00,2011-11-10 16:59:00,468,161.9325,Champions
17110,510.7,3,2010-04-08 13:32:00,2011-06-27 12:58:00,444,170.23333333333332,Loyal
17111,476.58,2,2010-10-10 15:21:00,2011-10-23 15:59:00,378,238.29,Loyal
17112,205.17,1,2010-07-25 11:14:00,2010-07-25 11:14:00,1,205.17,Lost
17113,2322.59,6,2010-01-11 10:14:00,2010-05-14 13:59:00,123,387.09833333333336,At risk
17114,808.62,8,2011-01-09 11:39:00,2011-12-04 12:17:00,329,101.0775,Champions
17115,2761.4900000000002,7,2009-12-05 12:13:00,2011-12-01 14:30:00,726,394.49857142857144,Champions
17116,389.78,1,2010-03-01 16:29:00,2010-03-01 16:29:00,1,389.78,Lost
17117,116.19999999999999,1,2011-02-24 13:54:00,2011-02-24 13:54:00,1,116.19999999999999,Lost
17118,157.02,1,2011-01-26 12:19:00,2011-01-26 12:19:00,1,157.02,Lost
17119,547.25,1,2011-10-11 11:03:00,2011-10-11 11:03:00,1,547.25,New customers
17120,307.46,1,2011-04-20 15:21:00,2011-04-20 15:21:00,1,307.46,Lost
17121,314.74,1,2010-11-02 11:47:00,2010-11-02 11:47:00,1,314.74,Lost
17122,570.5,4,2010-07-28 09:34:00,2011-08-12 14:33:00,380,142.625,Loyal
17123,977.17,3,2010-05-16 11:52:00,2011-07-01 10:47:00,410,325.7233333333333,Loyal
17124,298.89,1,2011-06-07 14:02:00,2011-06-07 14:02:00,1,298.89,Potential loyalists
17125,259.35,1,2011-10-20 14:41:00,2011-10-20 14:41:00,1,259.35,New customers
17126,2070.44,9,2010-08-31 13:41:00,2011-07-10 13:52:00,313,230.04888888888888,Loyal
17127,1155.0300000000002,5,2009-12-04 15:18:00,2010-10-07 09:54:00,306,231.00600000000003,At risk
17128,157.09,1,2011-01-09 12:02:00,2011-01-09 12:02:00,1,157.09,Lost
17129,31.85,1,2010-07-07 13:46:00,2010-07-07 13:46:00,1,31.85,Lost
17131,2463.17,5,2011-09-25 12:42:00,2011-12-04 12:52:00,70,492.634,Champions
17132,1272.8,2,2010-08-08 13:49:00,2010-09-13 16:31:00,36,636.4,At risk
17133,14622.33,12,2010-03-21 12:31:00,2011-11-24 12:27:00,612,1218.5275,Champions
17134,637.1,3,2010-09-23 18:32:00,2011-08-25 09:53:00,335,212.36666666666667,Loyal
17135,1954.16,10,2010-05-09 16:03:00,2011-11-23 16:48:00,563,195.416,Champions
17136,231.68,1,2010-02-15 13:13:00,2010-02-15 13:13:00,1,231.68,Lost
17137,1133.63,6,2010-01-31 12:27:00,2010-10-19 14:51:00,261,188.93833333333336,At risk
17138,4417.27,7,2010-02-04 14:19:00,2011-03-09 11:54:00,397,631.0385714285715,At risk
17139,19584.46,25,2010-01-11 11:31:00,2011-11-24 10:12:00,681,783.3783999999999,Champions
17140,465.32,1,2011-04-06 13:33:00,2011-04-06 13:33:00,1,465.32,Lost
17141,754.33,4,2010-01-24 14:19:00,2010-10-17 14:54:00,266,188.5825,At risk
17142,1283.75,4,2010-01-24 15:23:00,2011-04-14 18:22:00,445,320.9375,At risk
17143,924.11,2,2010-07-12 13:26:00,2010-10-18 15:27:00,98,462.055,At risk
17144,595.89,1,2011-09-16 12:50:00,2011-09-16 12:50:00,1,595.89,Potential loyalists
17145,3120.91,4,2010-02-19 12:07:00,2010-07-15 09:02:00,145,780.2275,At risk
17146,5860.24,13,2010-02-02 09:39:00,2011-08-26 12:44:00,570,450.7876923076923,Loyal
17147,3199.95,9,2010-01-11 09:38:00,2011-11-17 12:32:00,675,355.54999999999995,Champions
17148,124.88,1,2011-10-19 09:59:00,2011-10-19 09:59:00,1,124.88,New customers
17149,143.10000000000002,1,2010-09-14 14:56:00,2010-09-14 14:56:00,1,143.10000000000002,Lost
17150,1375.65,6,2009-12-06 10:51:00,2010-11-28 11:27:00,357,229.275,At risk
17151,231.90000000000003,1,2009-12-04 14:56:00,2009-12-04 14:56:00,1,231.90000000000003,Lost
17152,2016.5,4,2010-10-10 12:40:00,2011-05-29 12:19:00,230,504.125,Loyal
17153,213.78,1,2011-11-15 13:42:00,2011-11-15 13:42:00,1,213.78,New customers
17154,329.34,1,2011-09-25 13:42:00,2011-09-25 13:42:00,1,329.34,Potential loyalists
17155,892.46,7,2009-12-03 11:34:00,2011-11-22 12:38:00,719,127.49428571428572,Champions
17156,591.87,1,2010-08-05 11:30:00,2010-08-05 11:30:00,1,591.87,Lost
17157,5151.9,19,2009-12-04 13:00:00,2011-12-02 09:10:00,727,271.15263157894736,Champions
17158,1980.0,5,2010-03-07 15:50:00,2011-11-07 15:15:00,609,396.0,Champions
17159,2099.59,5,2010-03-04 14:53:00,2011-11-18 10:52:00,623,419.918,Champions
17160,10209.16,17,2009-12-04 10:57:00,2011-11-08 14:05:00,704,600.5388235294117,Champions
17161,856.01,1,2010-09-21 16:44:00,2010-09-21 16:44:00,1,856.01,Lost
17162,1715.46,10,2011-02-07 12:27:00,2011-11-11 11:34:00,276,171.546,Champions
17163,699.78,4,2010-02-02 10:39:00,2011-11-18 08:57:00,653,174.945,Champions
17164,2467.35,7,2011-03-11 14:26:00,2011-11-07 09:14:00,240,352.4785714285714,Champions
17165,1794.32,6,2009-12-11 09:18:00,2011-02-28 16:39:00,444,299.05333333333334,At risk
17166,206.34,2,2011-05-20 08:18:00,2011-11-01 09:46:00,165,103.17,Loyal
17167,867.11,3,2010-09-20 14:02:00,2010-11-25 10:05:00,65,289.0366666666667,At risk
17168,400.2,1,2010-07-29 12:33:00,2010-07-29 12:33:00,1,400.2,Lost
17169,1156.73,3,2010-05-10 13:00:00,2011-10-13 10:25:00,520,385.57666666666665,Loyal
17170,178.68,2,2010-11-15 16:23:00,2010-11-30 15:55:00,14,89.34,At risk
17171,384.59,2,2010-02-16 12:02:00,2011-02-23 16:37:00,372,192.295,At risk
17172,956.5699999999999,3,2009-12-13 11:46:00,2011-09-22 09:36:00,647,318.8566666666666,Loyal
17173,3209.4,7,2011-07-31 15:26:00,2011-11-29 14:38:00,120,458.4857142857143,Champions
17174,59.9,1,2011-05-06 11:47:00,2011-05-06 11:47:00,1,59.9,Lost
17175,1443.69,4,2011-02-16 14:56:00,2011-10-26 15:31:00,252,360.9225,Champions
17176,902.3199999999999,3,2010-01-31 15:49:00,2011-05-22 12:41:00,475,300.7733333333333,At risk
17177,119.5,1,2010-07-22 14:53:00,2010-07-22 14:53:00,1,119.5,Lost
17178,436.71,1,2009-12-08 16:20:00,2009-12-08 16:20:00,1,436.71,Lost
17179,1507.26,6,2010-05-26 11:22:00,2011-06-14 16:48:00,384,251.21,Loyal
17180,2256.98,11,2010-01-21 17:43:00,2011-10-14 15:46:00,630,205.18,Champions
17181,465.37,3,2010-04-23 11:21:00,2011-10-13 14:48:00,538,155.12333333333333,Loyal
17182,321.3,2,2009-12-21 15:22:00,2010-10-13 10:09:00,295,160.65,At risk
17183,3347.31,6,2011-08-26 15:25:00,2011-12-02 10:07:00,97,557.885,Champions
17184,198.41000000000003,2,2009-12-09 14:17:00,2010-05-19 14:24:00,161,99.20500000000001,At risk
17185,229.46,3,2010-04-20 13:49:00,2010-04-27 12:15:00,6,76.48666666666666,At risk
17186,144.0,2,2011-10-10 12:52:00,2011-10-24 10:20:00,13,72.0,Loyal
17187,467.71,2,2010-07-01 14:38:00,2011-04-27 12:39:00,299,233.855,At risk
17188,4592.93,13,2009-12-08 19:16:00,2011-11-28 13:53:00,719,353.3023076923077,Champions
17189,957.63,5,2009-12-02 11:45:00,2011-08-25 19:39:00,631,191.526,Loyal
17190,1743.04,7,2010-03-05 13:21:00,2011-10-12 11:33:00,585,249.00571428571428,Champions
17191,4836.05,15,2009-12-01 16:34:00,2011-11-11 16:58:00,710,322.40333333333336,Champions
17192,77.83,1,2010-06-21 16:07:00,2010-06-21 16:07:00,1,77.83,Lost
17193,2310.04,9,2009-12-02 10:02:00,2011-11-04 12:47:00,702,256.6711111111111,Champions
17194,812.5,3,2010-06-27 13:16:00,2011-03-11 12:05:00,256,270.8333333333333,At risk
17195,562.98,1,2010-02-22 13:05:00,2010-02-22 13:05:00,1,562.98,Lost
17196,352.9,1,2010-10-08 11:31:00,2010-10-08 11:31:00,1,352.9,Lost
17197,1013.01,1,2011-11-10 10:32:00,2011-11-10 10:32:00,1,1013.01,New customers
17198,1213.88,3,2010-12-03 14:54:00,2011-11-16 10:39:00,347,404.6266666666667,Loyal
17199,145.12,1,2010-05-06 13:53:00,2010-05-06 13:53:00,1,145.12,Lost
17200,356.71,4,2010-02-25 13:23:00,2010-11-17 13:04:00,264,89.1775,At risk
17201,1242.04,4,2010-02-10 12:26:00,2011-10-17 11:55:00,613,310.51,Champions
17202,160.65,1,2010-10-15 11:25:00,2010-10-15 11:25:00,1,160.65,Lost
17203,5575.88,10,2010-11-16 12:52:00,2011-11-04 12:27:00,352,557.588,Champions
17204,5504.6900000000005,9,2010-06-10 11:37:00,2011-06-17 14:46:00,372,611.6322222222223,Loyal
17205,999.35,3,2010-05-24 15:36:00,2011-10-17 12:46:00,510,333.1166666666667,Loyal
17206,204.24,1,2011-10-17 13:25:00,2011-10-17 13:25:00,1,204.24,New customers
17207,303.21999999999997,1,2010-02-25 19:08:00,2010-02-25 19:08:00,1,303.21999999999997,Lost
17208,115.35,1,2010-11-09 12:50:00,2010-11-09 12:50:00,1,115.35,Lost
17209,611.6,3,2009-12-03 11:10:00,2010-02-28 16:01:00,87,203.86666666666667,At risk
17210,253.37,1,2010-11-12 12:15:00,2010-11-12 12:15:00,1,253.37,Lost
17211,4046.65,13,2009-12-13 13:17:00,2011-11-13 12:03:00,699,311.28076923076924,Champions
17212,794.41,3,2010-08-10 09:22:00,2011-03-31 19:42:00,233,264.80333333333334,At risk
17213,5182.3,13,2009-12-15 10:28:00,2011-10-30 14:53:00,684,398.63846153846157,Champions
17214,1069.1200000000001,6,2010-12-15 15:14:00,2011-10-10 13:17:00,298,178.1866666666667,Champions
17215,186.15,1,2010-09-01 13:39:00,2010-09-01 13:39:00,1,186.15,Lost
17216,65.05,1,2010-06-03 13:03:00,2010-06-03 13:03:00,1,65.05,Lost
17217,218.0,2,2010-03-30 13:35:00,2011-04-19 17:19:00,385,109.0,At risk
17218,4083.99,17,2010-01-25 16:12:00,2011-11-28 13:27:00,671,240.23470588235293,Champions
17219,259.13,2,2010-10-19 11:29:00,2011-11-08 11:25:00,384,129.565,Loyal
17220,4481.75,21,2010-01-20 11:57:00,2011-11-15 13:47:00,664,213.41666666666666,Champions
17221,978.52,5,2010-04-11 15:34:00,2011-12-02 13:35:00,599,195.704,Champions
17222,1605.01,6,2010-01-10 15:24:00,2011-10-05 13:58:00,632,267.50166666666667,Loyal
17223,873.53,3,2010-11-29 17:19:00,2011-02-02 15:57:00,64,291.1766666666667,At risk
17224,100.86,1,2010-07-26 13:30:00,2010-07-26 13:30:00,1,100.86,Lost
17225,131.15,1,2010-05-07 11:38:00,2010-05-07 11:38:00,1,131.15,Lost
17226,900.12,3,2010-02-12 14:31:00,2011-02-04 11:52:00,356,300.04,At risk
17227,2022.03,12,2010-01-15 15:05:00,2011-11-21 10:51:00,674,168.5025,Champions
17228,3177.24,13,2010-03-12 11:54:00,2011-11-24 10:24:00,621,244.4030769230769,Champions
17229,318.76,2,2011-07-20 12:38:00,2011-09-04 13:56:00,46,159.38,Loyal
17230,9924.95,18,2009-12-08 13:41:00,2011-03-20 16:12:00,467,551.3861111111112,At risk
17231,7197.04,25,2009-12-07 16:38:00,2011-11-27 15:18:00,719,287.8816,Champions
17232,208.04,1,2011-11-25 12:24:00,2011-11-25 12:24:00,1,208.04,New customers
17233,560.86,3,2009-12-15 12:03:00,2011-11-04 14:06:00,689,186.95333333333335,Loyal
17234,149.89000000000001,1,2011-06-10 11:20:00,2011-06-10 11:20:00,1,149.89000000000001,Potential loyalists
17235,1904.8799999999999,8,2010-06-04 17:01:00,2011-11-14 15:51:00,527,238.10999999999999,Champions
17236,1929.26,12,2010-03-07 13:00:00,2011-11-27 12:00:00,629,160.77166666666668,Champions
17237,1002.08,4,2010-11-23 11:45:00,2011-11-28 15:02:00,370,250.52,Champions
17238,7644.43,31,2009-12-01 10:59:00,2011-12-02 16:07:00,731,246.59451612903226,Champions
17239,1189.45,4,2010-07-01 10:53:00,2011-01-31 09:41:00,213,297.3625,At risk
17240,130.6,1,2010-04-22 15:44:00,2010-04-22 15:44:00,1,130.6,Lost
17241,2744.14,12,2010-02-15 14:47:00,2010-11-19 13:01:00,276,228.6783333333333,At risk
17242,2889.28,5,2010-01-24 10:27:00,2011-08-23 14:55:00,576,577.856,Loyal
17243,20285.56,68,2009-12-01 15:36:00,2011-12-04 10:10:00,732,298.3170588235294,Champions
17244,1826.04,5,2009-12-06 11:27:00,2011-10-17 15:19:00,680,365.20799999999997,Champions
17245,371.63,2,2010-01-19 15:39:00,2011-05-19 10:43:00,484,185.815,At risk
17246,38.92,2,2009-12-01 17:45:00,2010-06-11 12:36:00,191,19.46,At risk
17247,282.19,1,2011-11-24 15:21:00,2011-11-24 15:21:00,1,282.19,New customers
17248,546.16,2,2010-08-15 11:55:00,2011-08-11 13:34:00,361,273.08,Loyal
17249,68.03,1,2010-10-07 11:33:00,2010-10-07 11:33:00,1,68.03,Lost
17250,162.65,1,2011-03-23 16:45:00,2011-03-23 16:45:00,1,162.65,Lost
17251,812.4300000000001,3,2009-12-15 10:36:00,2010-12-12 11:06:00,362,270.81,At risk
17252,353.86,2,2011-06-06 16:41:00,2011-08-15 09:45:00,69,176.93,Loyal
17253,178.26,1,2011-11-21 12:59:00,2011-11-21 12:59:00,1,178.26,New customers
17254,368.6,2,2010-11-03 14:00:00,2011-11-24 14:09:00,386,184.3,Loyal
17255,799.13,4,2010-09-19 15:53:00,2011-10-30 12:18:00,405,199.7825,Champions
17256,498.93,5,2010-04-18 13:40:00,2011-08-24 13:30:00,492,99.786,Loyal
17257,192.73,2,2010-09-29 12:49:00,2010-09-29 12:51:00,1,96.365,At risk
17258,417.3,2,2010-02-12 15:51:00,2010-11-08 12:37:00,268,208.65,At risk
17259,1889.34,6,2010-02-22 13:38:00,2011-07-14 15:01:00,507,314.89,Loyal
17260,120.95,1,2010-10-24 13:21:00,2010-10-24 13:21:00,1,120.95,Lost
17261,230.44,1,2010-07-18 11:49:00,2010-07-18 11:49:00,1,230.44,Lost
17262,2757.62,11,2009-12-15 11:26:00,2011-10-18 12:56:00,672,250.69272727272727,Champions
17263,63.440000000000005,1,2011-05-15 14:32:00,2011-05-15 14:32:00,1,63.440000000000005,Lost
17264,279.59,1,2010-10-11 12:52:00,2010-10-11 12:52:00,1,279.59,Lost
17265,562.9,2,2011-06-12 12:00:00,2011-07-24 10:49:00,41,281.45,Loyal
17266,320.15,3,2010-03-09 10:42:00,2011-07-15 11:57:00,493,106.71666666666665,Loyal
17267,317.62,2,2011-08-04 17:19:00,2011-08-04 17:22:00,1,158.81,Loyal
17268,1733.8899999999999,11,2009-12-08 11:46:00,2011-08-24 10:06:00,623,157.62636363636364,Loyal
17269,537.46,1,2010-11-19 11:12:00,2010-11-19 11:12:00,1,537.46,Lost
17270,604.4,2,2009-12-07 17:18:00,2010-08-27 14:09:00,262,302.2,At risk
17271,210.39,1,2009-12-03 13:49:00,2009-12-03 13:49:00,1,210.39,Lost
17272,2148.63,4,2011-03-22 12:05:00,2011-10-28 16:37:00,220,537.1575,Champions
17273,141.12,1,2010-10-11 15:57:00,2010-10-11 15:57:00,1,141.12,Lost
17274,577.38,2,2010-11-09 12:06:00,2011-11-04 13:16:00,360,288.69,Loyal
17275,114.52,1,2010-11-21 13:26:00,2010-11-21 13:26:00,1,114.52,Lost
17276,508.39,1,2010-11-02 16:20:00,2010-11-02 16:20:00,1,508.39,Lost
17277,1065.3500000000001,2,2011-01-21 12:37:00,2011-04-26 12:47:00,95,532.6750000000001,At risk
17278,271.24,2,2010-05-23 13:49:00,2011-04-12 13:10:00,323,135.62,At risk
17279,187.82999999999998,1,2011-10-13 11:58:00,2011-10-13 11:58:00,1,187.82999999999998,New customers
17280,118.85999999999999,1,2010-09-27 16:46:00,2010-09-27 16:46:00,1,118.85999999999999,Lost
17281,797.8499999999999,6,2010-02-04 13:00:00,2010-11-30 18:05:00,299,132.975,At risk
17282,2339.66,5,2010-06-09 12:07:00,2011-08-01 14:29:00,418,467.93199999999996,Loyal
17283,188.46,1,2010-11-26 11:53:00,2010-11-26 11:53:00,1,188.46,Lost
17284,2793.16,8,2010-09-20 16:18:00,2011-10-10 14:38:00,384,349.145,Champions
17285,428.34,2,2010-02-14 14:10:00,2010-03-21 13:38:00,34,214.17,At risk
17286,395.48,3,2010-11-04 13:43:00,2011-11-18 12:47:00,378,131.82666666666668,Loyal
17287,4111.96,21,2009-12-03 12:45:00,2011-11-13 13:27:00,710,195.80761904761906,Champions
17288,2499.98,11,2010-11-10 14:44:00,2011-11-30 16:09:00,385,227.2709090909091,Champions
17289,2079.39,9,2010-03-08 12:52:00,2011-11-08 12:01:00,609,231.04333333333332,Champions
17290,1329.23,7,2009-12-13 13:28:00,2011-11-23 15:53:00,710,189.89000000000001,Champions
17291,550.8000000000001,1,2011-02-04 13:04:00,2011-02-04 13:04:00,1,550.8000000000001,Lost
17292,271.75,2,2010-05-09 14:52:00,2010-08-24 17:14:00,107,135.875,At risk
17293,3774.23,17,2009-12-03 15:09:00,2011-12-01 14:37:00,727,222.0135294117647,Champions
17294,467.78999999999996,2,2010-02-08 14:21:00,2010-02-08 16:12:00,1,233.89499999999998,At risk
17295,556.95,3,2011-10-06 12:22:00,2011-11-11 10:49:00,35,185.65,Loyal
17296,338.13,1,2009-12-09 14:01:00,2009-12-09 14:01:00,1,338.13,Lost
17297,131.78,1,2011-11-22 14:43:00,2011-11-22 14:43:00,1,131.78,New customers
17298,957.5600000000001,5,2010-03-08 08:56:00,2011-08-30 16:43:00,540,191.512,Loyal
17299,1016.08,6,2010-08-15 16:00:00,2011-11-28 12:01:00,469,169.34666666666666,Champions
17300,393.64,2,2010-08-15 11:02:00,2010-11-14 10:56:00,90,196.82,At risk
17301,330.43,2,2010-03-25 13:16:00,2011-11-18 13:43:00,603,165.215,Loyal
17302,1135.63,5,2011-02-07 10:14:00,2011-11-25 09:36:00,290,227.12600000000003,Champions
17303,250.04,1,2010-12-13 13:32:00,2010-12-13 13:32:00,1,250.04,Lost
17304,111.5,1,2010-06-23 16:23:00,2010-06-23 16:23:00,1,111.5,Lost
17305,2135.46,1,2010-03-01 12:47:00,2010-03-01 12:47:00,1,2135.46,Lost
17306,9782.35,21,2010-11-01 11:38:00,2011-11-29 12:14:00,393,465.8261904761905,Champions
17307,3999.8900000000003,11,2010-01-19 16:38:00,2010-11-09 13:40:00,293,363.6263636363637,At risk
17308,4511.76,2,2010-09-13 09:35:00,2010-11-11 13:19:00,59,2255.88,At risk
17309,330.59000000000003,3,2010-02-04 15:49:00,2011-09-05 15:20:00,577,110.19666666666667,Loyal
17310,1025.1,2,2010-06-23 11:38:00,2010-11-17 16:00:00,147,512.55,At risk
17311,3566.56,6,2010-02-03 12:38:00,2011-09-22 14:11:00,596,594.4266666666666,Loyal
17312,644.3,3,2011-07-03 13:12:00,2011-07-24 11:52:00,20,214.76666666666665,Loyal
17313,2328.84,1,2011-11-08 15:45:00,2011-11-08 15:45:00,1,2328.84,New customers
17314,4904.43,17,2009-12-03 11:25:00,2011-11-15 09:41:00,711,288.4958823529412,Champions
17315,9460.42,42,2010-09-27 12:45:00,2011-11-22 10:20:00,420,225.24809523809523,Champions
17316,124.45,1,2010-10-15 14:35:00,2010-10-15 14:35:00,1,124.45,Lost
17317,2600.34,3,2011-09-11 12:45:00,2011-10-24 17:19:00,43,866.7800000000001,Loyal
17318,164.28,1,2009-12-14 13:11:00,2009-12-14 13:11:00,1,164.28,Lost
17319,29.1,1,2010-02-08 15:47:00,2010-02-08 15:47:00,1,29.1,Lost
17320,2895.77,6,2010-01-21 16:29:00,2011-08-31 13:31:00,586,482.62833333333333,Loyal
17321,1741.18,6,2010-05-11 12:10:00,2011-12-01 13:41:00,569,290.19666666666666,Champions
17322,922.59,5,2009-12-03 11:46:00,2010-11-28 14:41:00,360,184.518,At risk
17323,1565.59,12,2010-01-10 11:58:00,2011-11-24 17:29:00,683,130.46583333333334,Champions
17324,2301.87,12,2009-12-18 15:29:00,2011-11-22 10:34:00,703,191.8225,Champions
17325,609.5699999999999,3,2010-03-08 11:31:00,2011-03-04 13:09:00,361,203.18999999999997,At risk
17326,321.95,2,2010-06-28 14:05:00,2010-10-27 15:38:00,121,160.975,At risk
17327,152.35,2,2010-05-26 11:20:00,2010-10-26 09:54:00,152,76.175,At risk
17328,104.7,1,2010-02-04 17:11:00,2010-02-04 17:11:00,1,104.7,Lost
17329,1004.4300000000001,5,2009-12-03 16:09:00,2011-11-25 14:24:00,721,200.88600000000002,Champions
17330,423.8,4,2010-03-02 09:20:00,2011-11-17 08:56:00,624,105.95,Champions
17331,175.2,1,2011-08-08 11:55:00,2011-08-08 11:55:00,1,175.2,Potential loyalists
17332,838.27,5,2010-02-21 14:41:00,2010-06-29 16:10:00,128,167.654,At risk
17333,494.25,1,2011-09-15 10:11:00,2011-09-15 10:11:00,1,494.25,Potential loyalists
17334,635.15,3,2010-10-29 12:16:00,2011-02-10 14:59:00,104,211.71666666666667,At risk
17335,508.0,2,2010-01-24 11:15:00,2010-11-21 10:17:00,300,254.0,At risk
17336,81.12,1,2010-08-24 15:37:00,2010-08-24 15:37:00,1,81.12,Lost
17337,2027.8700000000001,4,2011-02-02 17:06:00,2011-07-11 14:55:00,158,506.96750000000003,Loyal
17338,12142.57,17,2010-03-10 16:09:00,2011-11-22 14:23:00,621,714.2688235294117,Champions
17339,362.36,3,2010-07-18 13:08:00,2011-09-06 13:29:00,415,120.78666666666668,Loyal
17340,22404.82,18,2010-02-14 14:54:00,2011-11-10 10:45:00,633,1244.7122222222222,Champions
17341,1889.83,5,2010-06-17 18:17:00,2011-07-06 12:33:00,383,377.966,Loyal
17342,1227.54,4,2010-02-08 09:16:00,2010-11-25 11:07:00,290,306.885,At risk
17343,1259.94,6,2009-12-03 18:30:00,2010-12-19 15:07:00,380,209.99,At risk
17344,468.11,2,2009-12-11 12:31:00,2011-10-24 12:56:00,682,234.055,Loyal
17345,1604.68,10,2009-12-01 16:17:00,2011-11-24 15:03:00,722,160.46800000000002,Champions
17346,5185.91,25,2010-04-18 12:18:00,2011-11-28 11:54:00,588,207.4364,Champions
17347,228.96,1,2011-09-14 13:12:00,2011-09-14 13:12:00,1,228.96,Potential loyalists
17348,2476.41,9,2010-03-10 12:13:00,2011-11-25 11:25:00,624,275.15666666666664,Champions
17349,852.25,5,2010-03-18 14:26:00,2011-06-13 14:29:00,452,170.45,Loyal
17350,1906.041,7,2010-02-01 15:38:00,2011-12-01 15:47:00,668,272.29157142857144,Champions
17351,1988.23,12,2009-12-10 18:43:00,2011-11-03 18:45:00,693,165.68583333333333,Champions
17352,36.25,1,2010-01-12 16:13:00,2010-01-12 16:13:00,1,36.25,Lost
17353,3242.0,4,2010-03-25 12:52:00,2011-08-02 17:19:00,495,810.5,Loyal
17354,3143.46,4,2010-10-07 13:22:00,2011-10-20 10:34:00,377,785.865,Champions
17355,285.11,1,2010-11-18 13:18:00,2010-11-18 13:18:00,1,285.11,Lost
17356,946.47,5,2010-01-20 12:14:00,2011-02-01 11:07:00,376,189.294,At risk
17357,388.14,2,2011-11-15 16:29:00,2011-11-15 16:30:00,1,194.07,Loyal
17358,866.05,5,2010-02-24 16:42:00,2011-02-09 16:57:00,350,173.20999999999998,At risk
17359,284.46,2,2010-03-01 14:48:00,2011-11-28 14:37:00,636,142.23,Loyal
17360,1231.3799999999999,6,2010-10-01 12:07:00,2011-11-22 13:11:00,417,205.23,Champions
17361,880.64,5,2010-02-01 14:30:00,2011-10-21 15:43:00,627,176.128,Champions
17362,1024.04,7,2010-01-06 10:53:00,2011-04-14 14:43:00,463,146.29142857142855,At risk
17363,940.86,3,2010-11-02 17:25:00,2010-11-09 17:11:00,6,313.62,At risk
17364,11649.9,26,2009-12-07 15:28:00,2011-12-02 13:46:00,724,448.0730769230769,Champions
17365,8224.98,15,2010-02-01 11:56:00,2011-11-27 12:13:00,664,548.332,Champions
17366,1096.24,2,2010-09-09 19:46:00,2010-10-03 16:04:00,23,548.12,At risk
17367,168.4,1,2011-04-15 14:21:00,2011-04-15 14:21:00,1,168.4,Lost
17368,2826.14,14,2009-12-15 17:45:00,2011-11-16 15:26:00,700,201.86714285714285,Champions
17369,979.1999999999999,1,2010-09-10 09:49:00,2010-09-10 09:49:00,1,979.1999999999999,Lost
17370,446.18,4,2011-06-23 11:50:00,2011-09-28 10:14:00,96,111.545,Loyal
17371,662.55,6,2009-12-08 12:25:00,2011-11-22 13:30:00,714,110.425,Champions
17372,4377.56,28,2009-12-03 18:41:00,2011-10-30 11:37:00,695,156.3414285714286,Champions
17373,1167.5,7,2010-02-28 14:17:00,2011-10-30 15:28:00,609,166.78571428571428,Champions
17374,727.11,3,2010-11-09 17:14:00,2011-05-05 09:05:00,176,242.37,At risk
17375,660.55,4,2010-10-04 09:14:00,2011-05-24 15:45:00,232,165.1375,At risk
17376,453.64,4,2010-07-05 11:11:00,2011-09-30 12:36:00,452,113.41,Loyal
17377,18319.41,78,2009-12-02 12:39:00,2011-11-16 11:17:00,713,234.86423076923077,Champions
17378,10.95,1,2010-11-30 18:46:00,2010-11-30 18:46:00,1,10.95,Lost
17379,404.66,1,2011-11-28 13:56:00,2011-11-28 13:56:00,1,404.66,New customers
17380,645.0,3,2010-06-23 11:24:00,2010-10-01 16:42:00,100,215.0,At risk
17381,40002.37,38,2010-06-09 12:55:00,2011-12-01 11:59:00,539,1052.693947368421,Champions
17382,902.28,8,2010-05-19 11:33:00,2011-10-05 13:05:00,504,112.785,Loyal
17383,110.69999999999999,1,2010-09-12 14:54:00,2010-09-12 14:54:00,1,110.69999999999999,Lost
17384,507.55,3,2010-08-29 16:01:00,2011-11-20 15:48:00,447,169.18333333333334,Loyal
17385,261.11,1,2011-11-25 11:02:00,2011-11-25 11:02:00,1,261.11,New customers
17386,2812.77,7,2010-11-19 13:40:00,2011-12-02 11:28:00,377,401.82428571428574,Champions
17387,784.11,2,2011-11-06 11:25:00,2011-11-20 11:00:00,13,392.055,Loyal
17388,2691.57,11,2009-12-10 11:45:00,2011-09-23 10:31:00,651,244.68818181818185,Loyal
17389,51347.9,58,2009-12-04 12:06:00,2011-11-25 13:59:00,721,885.3086206896552,Champions
17390,149.3,1,2010-10-15 11:29:00,2010-10-15 11:29:00,1,149.3,Lost
17391,508.8,2,2011-06-28 12:21:00,2011-06-29 09:58:00,1,254.4,Loyal
17392,626.56,3,2010-09-15 16:17:00,2011-02-06 12:48:00,143,208.85333333333332,At risk
17393,381.15,2,2010-08-08 15:53:00,2010-10-25 11:10:00,77,190.575,At risk
17394,203.86999999999998,1,2011-05-04 13:22:00,2011-05-04 13:22:00,1,203.86999999999998,Lost
17395,97.5,1,2010-07-19 15:34:00,2010-07-19 15:34:00,1,97.5,Lost
17396,8807.1,14,2010-09-24 13:04:00,2011-10-31 14:12:00,402,629.0785714285714,Champions
17397,1233.18,3,2010-10-19 13:20:00,2011-11-17 14:08:00,394,411.06,Loyal
17398,653.38,3,2011-03-29 13:04:00,2011-08-17 09:48:00,140,217.79333333333332,Loyal
17400,4677.05,8,2009-12-17 15:41:00,2011-08-05 15:38:00,595,584.63125,Loyal
17401,114.85,1,2010-06-16 16:54:00,2010-06-16 16:54:00,1,114.85,Lost
17402,4809.38,22,2009-12-16 17:40:00,2011-11-09 13:12:00,692,218.60818181818183,Champions
17403,400.57,2,2010-09-15 12:29:00,2011-11-03 15:18:00,414,200.285,Loyal
17404,47543.12,22,2010-01-07 11:31:00,2011-11-14 08:22:00,675,2161.050909090909,Champions
17405,883.01,2,2011-07-12 14:17:00,2011-09-28 10:27:00,77,441.505,Loyal
17406,4905.05,13,2009-12-06 13:45:00,2011-01-10 15:07:00,400,377.3115384615385,At risk
17407,552.9,1,2010-10-24 11:57:00,2010-10-24 11:57:00,1,552.9,Lost
17408,316.09000000000003,3,2010-07-13 14:02:00,2011-06-29 12:53:00,350,105.36333333333334,Loyal
17409,7793.51,10,2009-12-11 12:17:00,2011-06-08 10:36:00,543,779.351,Loyal
17410,1214.72,5,2011-05-08 15:21:00,2011-11-23 15:46:00,199,242.94400000000002,Champions
17411,1425.38,5,2009-12-03 12:02:00,2011-11-27 14:25:00,724,285.076,Champions
17412,4231.12,15,2009-12-02 13:51:00,2011-11-16 12:21:00,713,282.07466666666664,Champions
17413,560.14,2,2010-05-19 11:11:00,2010-10-31 12:33:00,165,280.07,At risk
17414,2249.52,6,2009-12-03 16:49:00,2011-10-27 12:13:00,692,374.92,Champions
17415,507.84,1,2011-09-21 12:50:00,2011-09-21 12:50:00,1,507.84,Potential loyalists
17416,17298.45,22,2009-12-14 16:29:00,2011-11-10 12:47:00,695,786.2931818181819,Champions
17417,164.18,1,2010-06-09 10:00:00,2010-06-09 10:00:00,1,164.18,Lost
17418,670.0600000000001,3,2010-11-17 13:42:00,2011-10-28 13:00:00,344,223.35333333333335,Loyal
17419,6500.52,18,2010-01-25 13:19:00,2011-11-28 13:47:00,672,361.14000000000004,Champions
17420,1084.43,6,2010-11-03 13:09:00,2011-10-20 14:52:00,351,180.73833333333334,Champions
17421,1059.41,3,2009-12-04 15:43:00,2010-11-18 16:57:00,349,353.1366666666667,At risk
17422,3594.76,11,2010-06-23 10:19:00,2011-11-23 13:27:00,518,326.79636363636365,Champions
17423,1118.95,3,2010-11-11 12:26:00,2011-10-24 13:36:00,347,372.98333333333335,Loyal
17425,759.17,2,2011-10-10 11:37:00,2011-11-20 15:30:00,41,379.585,Loyal
17426,8077.77,13,2010-02-17 13:39:00,2011-12-01 18:07:00,652,621.3669230769231,Champions
17427,100.8,1,2011-09-29 11:29:00,2011-09-29 11:29:00,1,100.8,Potential loyalists
17428,31404.16,44,2009-12-01 17:28:00,2011-11-17 13:46:00,715,713.7309090909091,Champions
17429,1357.46,5,2010-10-06 12:30:00,2011-08-03 13:22:00,301,271.492,Loyal
17430,735.17,4,2010-08-17 11:52:00,2011-11-07 09:24:00,446,183.7925,Champions
17431,403.3,1,2011-01-30 14:36:00,2011-01-30 14:36:00,1,403.3,Lost
17432,1751.39,9,2009-12-03 19:13:00,2011-11-21 17:33:00,717,194.5988888888889,Champions
17433,569.96,2,2010-11-19 13:37:00,2011-09-12 14:24:00,297,284.98,Loyal
17434,2052.48,6,2011-09-15 13:54:00,2011-11-30 15:58:00,76,342.08,Champions
17435,331.35,1,2010-10-24 13:55:00,2010-10-24 13:55:00,1,331.35,Lost
17436,440.15999999999997,4,2009-12-07 12:31:00,2011-04-27 11:33:00,505,110.03999999999999,At risk
17437,373.17,1,2010-06-28 11:11:00,2010-06-28 11:11:00,1,373.17,Lost
17438,1422.77,5,2010-03-08 16:53:00,2011-03-31 10:26:00,387,284.554,At risk
17439,325.74,1,2010-02-22 12:48:00,2010-02-22 12:48:00,1,325.74,Lost
17440,323.58,4,2010-06-08 14:40:00,2011-07-06 11:54:00,392,80.895,Loyal
17441,293.35,1,2009-12-07 13:32:00,2009-12-07 13:32:00,1,293.35,Lost
17442,4620.3,15,2010-02-15 15:54:00,2011-11-03 09:17:00,625,308.02000000000004,Champions
17443,534.24,1,2011-05-04 10:47:00,2011-05-04 10:47:00,1,534.24,Lost
17444,2940.04,3,2011-06-20 09:04:00,2011-07-15 12:05:00,25,980.0133333333333,Loyal
17446,120.9,2,2011-02-02 14:40:00,2011-06-16 10:42:00,133,60.45,Loyal
17447,541.53,2,2011-09-29 10:10:00,2011-10-30 14:18:00,31,270.765,Loyal
17448,14556.97,46,2010-03-04 17:29:00,2010-07-30 14:07:00,147,316.45586956521737,At risk
17449,4525.46,12,2009-12-09 14:16:00,2011-10-25 17:22:00,685,377.12166666666667,Champions
17450,246973.09,51,2010-09-27 16:59:00,2011-12-01 13:29:00,429,4842.609607843137,Champions
17451,1427.22,6,2011-08-26 11:54:00,2011-11-24 11:19:00,89,237.87,Champions
17453,486.71999999999997,2,2011-10-06 17:02:00,2011-11-22 09:42:00,46,243.35999999999999,Loyal
17454,1547.94,10,2010-01-15 15:40:00,2011-05-31 13:58:00,500,154.794,Loyal
17455,131.7,1,2011-05-20 12:31:00,2011-05-20 12:31:00,1,131.7,Lost
17456,1225.42,2,2010-09-09 15:28:00,2010-12-09 15:23:00,90,612.71,At risk
17457,5984.8099999999995,14,2009-12-07 14:52:00,2011-08-05 12:48:00,605,427.4864285714285,Loyal
17458,529.58,2,2010-11-23 11:43:00,2011-11-24 13:01:00,366,264.79,Loyal
17459,657.3,2,2011-10-10 17:00:00,2011-10-27 13:25:00,16,328.65,Loyal
17460,2228.27,16,2010-01-22 13:25:00,2011-09-06 15:04:00,592,139.266875,Loyal
17461,757.46,3,2011-11-10 12:01:00,2011-11-17 10:21:00,6,252.48666666666668,Loyal
17462,675.69,2,2011-02-28 17:01:00,2011-10-10 13:56:00,223,337.845,Loyal
17463,2557.91,7,2010-04-29 17:57:00,2011-11-23 13:40:00,572,365.4157142857143,Champions
17464,1000.94,3,2010-03-30 13:15:00,2011-07-04 13:19:00,461,333.6466666666667,Loyal
17465,2542.79,7,2009-12-03 13:25:00,2010-10-10 11:56:00,310,363.2557142857143,At risk
17466,763.28,2,2011-09-22 09:16:00,2011-11-29 13:15:00,68,381.64,Loyal
17467,102.6,1,2010-11-09 12:58:00,2010-11-09 12:58:00,1,102.6,Lost
17468,194.8,3,2010-11-29 17:25:00,2011-11-29 15:33:00,364,64.93333333333334,Loyal
17469,5051.25,17,2009-12-16 15:06:00,2011-11-23 13:15:00,706,297.13235294117646,Champions
17470,2804.87,11,2010-07-19 16:16:00,2011-10-26 12:42:00,463,254.9881818181818,Champions
17471,321.65000000000003,1,2010-08-22 11:53:00,2010-08-22 11:53:00,1,321.65000000000003,Lost
17472,935.1,4,2010-03-21 13:27:00,2011-06-01 14:57:00,437,233.775,Loyal
17473,607.0,2,2010-09-09 19:03:00,2010-10-27 11:45:00,47,303.5,At risk
17474,1047.0,1,2010-04-19 10:43:00,2010-04-19 10:43:00,1,1047.0,Lost
17475,194.37,1,2011-09-21 14:55:00,2011-09-21 14:55:00,1,194.37,Potential loyalists
17476,489.86,2,2009-12-02 12:09:00,2010-11-09 10:21:00,341,244.93,At risk
17477,1144.3,2,2010-03-02 11:53:00,2010-04-06 10:06:00,34,572.15,At risk
17478,1272.8,2,2010-03-16 14:19:00,2010-10-27 15:01:00,225,636.4,At risk
17479,389.26000000000005,1,2010-03-17 09:26:00,2010-03-17 09:26:00,1,389.26000000000005,Lost
17480,902.03,2,2010-09-21 12:31:00,2011-09-23 11:39:00,366,451.015,Loyal
17481,1083.19,3,2011-09-07 09:57:00,2011-11-24 09:06:00,77,361.06333333333333,Loyal
17482,778.19,2,2010-05-10 14:10:00,2010-08-09 15:33:00,91,389.095,At risk
17483,591.73,4,2010-10-21 12:43:00,2011-10-05 13:10:00,349,147.9325,Loyal
17484,209.57,2,2010-03-25 16:17:00,2010-05-12 15:41:00,47,104.785,At risk
17486,396.87,1,2011-03-23 14:00:00,2011-03-23 14:00:00,1,396.87,Lost
17487,160.55,1,2009-12-11 15:06:00,2009-12-11 15:06:00,1,160.55,Lost
17488,336.5,1,2010-03-08 14:07:00,2010-03-08 14:07:00,1,336.5,Lost
17489,376.64,2,2011-05-11 11:34:00,2011-10-12 08:56:00,153,188.32,Loyal
17490,1979.3999999999999,6,2010-05-19 12:40:00,2011-10-06 17:52:00,505,329.9,Champions
17491,5538.17,16,2010-04-28 11:57:00,2011-11-25 13:10:00,576,346.135625,Champions
17492,1122.42,3,2010-07-09 13:27:00,2011-04-05 15:21:00,270,374.14000000000004,At risk
17493,100.91000000000001,1,2010-11-19 16:57:00,2010-11-19 16:57:00,1,100.91000000000001,Lost
17494,54.699999999999996,1,2010-07-26 10:06:00,2010-07-26 10:06:00,1,54.699999999999996,Lost
17495,806.72,3,2010-11-14 11:50:00,2011-12-02 12:08:00,383,268.9066666666667,Loyal
17496,1412.89,4,2010-01-14 13:36:00,2010-12-16 08:39:00,335,353.2225,At risk
17497,287.25,2,2010-04-08 08:01:00,2010-11-14 14:17:00,220,143.625,At risk
17498,272.22,1,2011-09-25 12:25:00,2011-09-25 12:25:00,1,272.22,Potential loyalists
17499,1341.39,2,2010-05-27 09:59:00,2011-02-23 09:14:00,271,670.695,At risk
17500,1138.0,3,2011-11-10 09:08:00,2011-11-22 14:25:00,12,379.3333333333333,Loyal
17501,288.6,2,2011-05-03 09:46:00,2011-05-03 09:47:00,1,144.3,At risk
17502,689.1,4,2011-11-10 16:39:00,2011-11-30 13:13:00,19,172.275,Champions
17503,340.43,1,2011-11-01 11:12:00,2011-11-01 11:12:00,1,340.43,New customers
17504,9565.12,18,2010-02-08 09:22:00,2011-05-17 12:59:00,463,531.3955555555556,At risk
17505,2435.48,5,2010-04-13 16:33:00,2011-07-01 12:50:00,443,487.096,Loyal
17506,302.2,1,2011-09-25 11:39:00,2011-09-25 11:39:00,1,302.2,Potential loyalists
17507,605.58,2,2011-02-03 18:08:00,2011-03-23 11:48:00,47,302.79,At risk
17508,4579.23,8,2009-12-07 11:46:00,2011-03-04 08:10:00,451,572.40375,At risk
17509,6115.14,8,2011-10-07 13:14:00,2011-10-13 10:26:00,5,764.3925,Champions
17510,514.56,2,2010-10-15 10:20:00,2011-11-15 10:00:00,395,257.28,Loyal
17511,168224.23,58,2009-12-02 10:52:00,2011-11-23 10:31:00,720,2900.4177586206897,Champions
17512,5467.820000000001,18,2009-12-10 19:35:00,2011-11-11 12:11:00,700,303.76777777777784,Champions
17513,1158.8,3,2010-08-17 15:08:00,2011-09-28 16:42:00,407,386.26666666666665,Loyal
17514,542.83,2,2010-02-08 14:00:00,2011-08-03 15:45:00,541,271.415,Loyal
17515,1617.46,9,2010-06-07 13:29:00,2011-11-08 14:04:00,519,179.71777777777777,Champions
17516,957.55,6,2010-11-26 12:50:00,2011-11-24 16:51:00,363,159.59166666666667,Champions
17517,153.94,1,2011-02-04 11:48:00,2011-02-04 11:48:00,1,153.94,Lost
17518,329.42,2,2010-03-28 13:31:00,2010-10-10 12:40:00,195,164.71,At risk
17519,5109.47,15,2009-12-01 09:57:00,2011-11-22 16:43:00,721,340.6313333333334,Champions
17520,546.81,1,2011-10-17 12:04:00,2011-10-17 12:04:00,1,546.81,New customers
17521,1278.06,5,2010-10-01 11:49:00,2011-11-10 11:22:00,404,255.612,Champions
17522,912.25,4,2011-05-05 16:31:00,2011-07-24 12:29:00,79,228.0625,Loyal
17523,652.74,4,2011-11-20 13:40:00,2011-11-28 13:20:00,7,163.185,Champions
17524,539.14,3,2010-09-27 16:20:00,2010-12-13 14:32:00,76,179.71333333333334,At risk
17525,1161.9,3,2010-10-07 09:12:00,2010-12-15 12:05:00,69,387.3,At risk
17526,3842.94,11,2009-12-17 16:18:00,2011-02-22 09:10:00,431,349.35818181818183,At risk
17527,939.37,4,2011-05-05 13:43:00,2011-10-17 12:32:00,164,234.8425,Champions
17528,3428.0,7,2011-09-29 13:04:00,2011-11-22 10:21:00,53,489.7142857142857,Champions
17529,1240.25,2,2010-01-11 12:29:00,2010-04-08 17:51:00,87,620.125,At risk
17530,2925.7,11,2009-12-06 16:17:00,2011-11-23 17:32:00,717,265.97272727272724,Champions
17531,1266.82,3,2010-03-31 12:57:00,2011-06-02 19:17:00,428,422.2733333333333,Loyal
17532,65.34,1,2010-11-19 08:13:00,2010-11-19 08:13:00,1,65.34,Lost
17533,34.8,1,2010-10-01 09:14:00,2010-10-01 09:14:00,1,34.8,Lost
17534,1668.83,5,2010-02-25 16:55:00,2011-10-17 12:47:00,598,333.76599999999996,Champions
17535,164.4,1,2011-03-04 15:20:00,2011-03-04 15:20:00,1,164.4,Lost
17536,364.83,3,2010-01-26 12:00:00,2011-06-15 13:23:00,505,121.61,Loyal
17537,897.62,2,2011-02-09 13:37:00,2011-11-10 10:56:00,273,448.81,Loyal
17538,98.42,1,2011-11-14 12:12:00,2011-11-14 12:12:00,1,98.42,New customers
17539,1226.57,4,2009-12-13 12:36:00,2010-04-01 12:07:00,108,306.6425,At risk
17540,1590.6000000000001,6,2010-04-19 09:47:00,2011-11-15 11:56:00,575,265.1,Champions
17541,124.46,1,2010-07-18 11:36:00,2010-07-18 11:36:00,1,124.46,Lost
17542,341.7,3,2010-03-08 12:08:00,2011-03-15 11:45:00,371,113.89999999999999,At risk
17543,120.05,1,2010-06-08 12:41:00,2010-06-08 12:41:00,1,120.05,Lost
17544,960.69,3,2010-11-14 14:47:00,2010-11-14 15:08:00,1,320.23,At risk
17545,1448.54,6,2010-05-11 10:04:00,2011-10-27 14:04:00,534,241.42333333333332,Champions
17547,727.85,2,2010-02-12 14:34:00,2010-11-29 09:41:00,289,363.925,At risk
17548,731.26,4,2010-11-08 16:19:00,2011-04-20 12:01:00,162,182.815,At risk
17549,148.86,2,2011-10-19 10:05:00,2011-11-16 09:59:00,27,74.43,Loyal
17550,2547.64,9,2010-02-07 15:07:00,2011-05-26 14:09:00,472,283.0711111111111,Loyal
17551,306.84,1,2010-12-15 14:12:00,2010-12-15 14:12:00,1,306.84,Lost
17552,3085.29,12,2010-03-22 09:19:00,2011-10-10 17:00:00,567,257.1075,Champions
17553,3757.6,4,2010-04-08 09:44:00,2011-08-02 10:00:00,481,939.4,Loyal
17554,1714.15,4,2011-07-14 20:01:00,2011-11-23 08:42:00,131,428.5375,Champions
17555,1057.74,5,2010-05-02 16:02:00,2011-11-20 12:22:00,566,211.548,Champions
17556,300.67,2,2010-11-25 17:00:00,2011-05-18 10:48:00,173,150.335,At risk
17557,575.46,4,2009-12-07 10:15:00,2011-11-25 12:57:00,718,143.865,Champions
17558,259.17,1,2010-11-11 14:36:00,2010-11-11 14:36:00,1,259.17,Lost
17559,167.62,1,2010-07-15 12:02:00,2010-07-15 12:02:00,1,167.62,Lost
17560,1895.8,8,2010-02-17 12:11:00,2011-09-06 09:18:00,565,236.975,Loyal
17561,722.34,4,2009-12-06 13:29:00,2011-11-20 12:53:00,713,180.585,Champions
17562,1122.38,7,2011-06-19 13:06:00,2011-11-25 14:21:00,159,160.34,Champions
17563,392.38,2,2010-04-07 10:02:00,2010-05-10 14:54:00,33,196.19,At risk
17564,454.01,3,2011-09-20 14:00:00,2011-11-15 13:27:00,55,151.33666666666667,Loyal
17565,131.83,1,2010-05-02 11:54:00,2010-05-02 11:54:00,1,131.83,Lost
17566,901.21,2,2011-11-14 13:42:00,2011-12-01 19:54:00,17,450.605,Loyal
17567,5356.03,9,2010-09-24 10:48:00,2011-12-02 15:48:00,434,595.1144444444444,Champions
17568,382.79,1,2010-03-16 16:45:00,2010-03-16 16:45:00,1,382.79,Lost
17569,344.14,1,2011-01-11 14:15:00,2011-01-11 14:15:00,1,344.14,Lost
17570,100.0,1,2010-11-23 11:56:00,2010-11-23 11:56:00,1,100.0,Lost
17571,1703.75,5,2010-06-15 12:50:00,2011-10-20 15:57:00,492,340.75,Champions
17572,723.01,10,2009-12-15 10:00:00,2011-09-29 17:53:00,653,72.301,Loyal
17573,380.6,3,2011-09-07 10:36:00,2011-11-10 13:01:00,64,126.86666666666667,Loyal
17574,185.65,1,2011-04-11 09:47:00,2011-04-11 09:47:00,1,185.65,Lost
17575,171.7,1,2010-02-10 13:48:00,2010-02-10 13:48:00,1,171.7,Lost
17576,9056.81,41,2009-12-03 16:54:00,2011-12-01 17:56:00,728,220.89780487804876,Champions
17577,348.75,2,2010-02-09 10:10:00,2010-03-04 13:01:00,23,174.375,At risk
17578,1047.33,7,2010-06-28 11:55:00,2011-05-05 18:38:00,311,149.6185714285714,At risk
17579,575.24,3,2010-05-10 14:28:00,2011-07-25 09:50:00,440,191.74666666666667,Loyal
17580,545.27,5,2010-10-13 14:28:00,2011-04-01 12:41:00,169,109.054,At risk
17581,17773.07,40,2009-12-03 12:34:00,2011-11-06 13:02:00,703,444.32675,Champions
17582,1450.7,5,2010-03-26 12:23:00,2011-04-17 13:18:00,387,290.14,At risk
17583,135.95,1,2010-05-28 14:24:00,2010-05-28 14:24:00,1,135.95,Lost
17584,5309.42,6,2010-01-25 08:17:00,2011-12-02 17:12:00,676,884.9033333333333,Champions
17585,2093.3,7,2010-08-18 16:39:00,2011-08-22 13:30:00,368,299.04285714285714,Loyal
17586,167.4,1,2010-03-30 13:12:00,2010-03-30 13:12:00,1,167.4,Lost
17587,181.66,1,2010-03-21 14:16:00,2010-03-21 14:16:00,1,181.66,Lost
17588,2939.55,7,2010-03-12 12:34:00,2011-08-31 13:37:00,537,419.9357142857143,Loyal
17589,14049.87,18,2010-03-07 13:48:00,2011-10-10 16:58:00,582,780.5483333333334,Champions
17590,1158.29,2,2011-10-30 14:05:00,2011-11-22 16:06:00,23,579.145,Loyal
17591,2776.67,8,2010-01-17 16:09:00,2011-09-27 13:42:00,617,347.08375,Loyal
17592,148.3,1,2009-12-01 10:49:00,2009-12-01 10:49:00,1,148.3,Lost
17593,7417.6,10,2009-12-04 14:35:00,2011-09-09 09:52:00,643,741.76,Loyal
17594,2497.88,4,2010-04-14 08:53:00,2011-09-15 16:34:00,519,624.47,Loyal
17595,388.79,2,2011-11-02 16:19:00,2011-11-27 16:08:00,24,194.395,Loyal
17596,4920.67,13,2009-12-15 13:21:00,2011-11-16 14:11:00,701,378.51307692307694,Champions
17597,3484.09,5,2010-05-05 15:33:00,2011-05-10 11:54:00,369,696.818,At risk
17598,409.98,1,2010-11-23 17:43:00,2010-11-23 17:43:00,1,409.98,Lost
17599,52.05,1,2010-08-19 12:50:00,2010-08-19 12:50:00,1,52.05,Lost
17600,161.67000000000002,1,2011-11-22 09:43:00,2011-11-22 09:43:00,1,161.67000000000002,New customers
17601,421.48,2,2010-11-24 14:29:00,2011-04-14 18:02:00,141,210.74,At risk
17602,6362.44,13,2010-03-30 17:25:00,2011-11-16 15:58:00,595,489.4184615384615,Champions
17603,1793.48,4,2009-12-10 09:44:00,2011-09-22 14:18:00,651,448.37,Loyal
17604,945.9300000000001,6,2010-01-27 12:19:00,2011-05-06 13:43:00,464,157.655,At risk
17605,160.75,1,2010-04-28 14:45:00,2010-04-28 14:45:00,1,160.75,Lost
17606,87.30000000000001,1,2009-12-02 13:32:00,2009-12-02 13:32:00,1,87.30000000000001,Lost
17607,333.81,1,2010-11-28 13:11:00,2010-11-28 13:11:00,1,333.81,Lost
17608,498.53,4,2010-04-11 13:37:00,2011-11-06 13:06:00,573,124.6325,Champions
17609,1894.34,11,2010-04-09 16:54:00,2011-10-30 12:28:00,568,172.21272727272728,Champions
17610,1529.49,5,2009-12-06 16:07:00,2010-06-17 16:34:00,193,305.898,At risk
17611,8371.98,28,2009-12-01 13:29:00,2011-12-02 13:29:00,731,298.9992857142857,Champions
17612,5394.86,18,2009-12-17 11:59:00,2011-10-17 14:59:00,669,299.71444444444444,Champions
17613,4559.150000000001,14,2011-02-07 11:20:00,2011-11-17 10:51:00,282,325.65357142857147,Champions
17614,390.07,1,2011-10-13 16:01:00,2011-10-13 16:01:00,1,390.07,New customers
17615,733.2,6,2010-08-11 12:54:00,2011-08-01 14:06:00,355,122.2,Loyal
17616,1060.8,4,2010-09-14 10:43:00,2011-06-19 10:11:00,277,265.2,Loyal
17617,395.33,1,2010-05-30 12:48:00,2010-05-30 12:48:00,1,395.33,Lost
17618,4073.2400000000002,11,2010-01-24 11:03:00,2011-12-04 11:50:00,679,370.29454545454547,Champions
17619,218.52,1,2011-01-31 14:18:00,2011-01-31 14:18:00,1,218.52,Lost
17620,81.44,1,2011-10-11 12:08:00,2011-10-11 12:08:00,1,81.44,New customers
17621,3175.12,6,2010-10-04 09:37:00,2011-11-18 17:11:00,410,529.1866666666666,Champions
17622,1130.21,2,2010-04-20 13:38:00,2010-04-21 12:36:00,1,565.105,At risk
17623,2383.67,7,2009-12-14 14:36:00,2011-11-07 11:32:00,692,340.5242857142857,Champions
17624,1568.63,4,2009-12-20 12:35:00,2011-11-25 10:52:00,704,392.1575,Champions
17625,6067.8,8,2009-12-15 11:49:00,2011-11-21 13:36:00,706,758.475,Champions
17626,254.0,1,2010-04-16 12:15:00,2010-04-16 12:15:00,1,254.0,Lost
17627,296.36,1,2010-08-18 11:27:00,2010-08-18 11:27:00,1,296.36,Lost
17628,75.75,1,2011-09-19 15:21:00,2011-09-19 15:21:00,1,75.75,Potential loyalists
17629,2455.52,10,2010-10-14 13:35:00,2011-12-04 10:56:00,415,245.552,Champions
17630,503.59999999999997,2,2011-04-21 14:03:00,2011-06-23 11:58:00,62,251.79999999999998,Loyal
17631,886.66,6,2009-12-09 14:15:00,2011-07-25 13:37:00,592,147.77666666666667,Loyal
17633,2057.39,7,2010-11-15 14:55:00,2011-11-08 13:25:00,357,293.91285714285715,Champions
17634,2361.9700000000003,9,2011-01-06 12:45:00,2011-11-03 13:09:00,301,262.4411111111111,Champions
17635,1265.58,3,2010-04-28 10:51:00,2010-10-11 15:12:00,166,421.85999999999996,At risk
17636,285.56,1,2011-11-20 14:40:00,2011-11-20 14:40:00,1,285.56,New customers
17637,547.0600000000001,2,2011-08-16 13:25:00,2011-11-08 12:51:00,83,273.53000000000003,Loyal
17638,842.4,2,2009-12-18 09:58:00,2010-03-02 14:32:00,74,421.2,At risk
17639,615.17,6,2010-08-13 11:59:00,2011-03-08 15:22:00,207,102.52833333333332,At risk
17640,3168.94,6,2010-03-23 09:15:00,2011-09-14 09:13:00,539,528.1566666666666,Loyal
17642,1824.49,5,2009-12-05 16:01:00,2011-08-12 09:11:00,614,364.898,Loyal
17643,541.25,2,2010-07-22 13:07:00,2010-12-01 14:38:00,132,270.625,At risk
17644,5695.84,19,2010-02-16 08:44:00,2011-11-03 15:02:00,625,299.781052631579,Champions
17646,4149.79,12,2009-12-16 09:37:00,2011-05-04 13:17:00,504,345.81583333333333,At risk
17647,331.65999999999997,3,2010-02-08 14:39:00,2011-10-05 15:38:00,604,110.55333333333333,Loyal
17648,2216.37,5,2010-11-19 16:41:00,2011-10-10 09:41:00,324,443.274,Champions
17649,1578.89,3,2010-08-24 13:01:00,2011-07-24 15:53:00,334,526.2966666666667,Loyal
17650,166.08,1,2011-11-18 14:52:00,2011-11-18 14:52:00,1,166.08,New customers
17651,5703.52,16,2010-07-01 12:17:00,2011-11-28 10:29:00,514,356.47,Champions
17652,4867.72,12,2011-03-03 14:05:00,2011-11-14 12:55:00,255,405.6433333333334,Champions
17653,1207.56,4,2011-08-11 15:24:00,2011-11-03 12:46:00,83,301.89,Champions
17654,117.55,1,2011-03-07 13:17:00,2011-03-07 13:17:00,1,117.55,Lost
17655,3652.48,9,2010-10-19 10:20:00,2011-11-29 11:34:00,406,405.8311111111111,Champions
17656,1674.69,5,2011-08-03 10:45:00,2011-09-27 13:04:00,55,334.938,Loyal
17657,126.0,1,2010-10-05 14:52:00,2010-10-05 14:52:00,1,126.0,Lost
17658,595.42,2,2011-05-12 15:23:00,2011-11-14 12:07:00,185,297.71,Loyal
17659,3834.79,14,2010-11-18 14:20:00,2011-11-22 13:29:00,368,273.9135714285714,Champions
17660,359.47,2,2009-12-02 16:02:00,2011-07-21 13:37:00,595,179.735,Loyal
17662,412.92,2,2009-12-17 09:54:00,2010-02-16 09:38:00,60,206.46,At risk
17663,5175.83,17,2010-03-04 11:42:00,2011-11-14 08:56:00,619,304.4605882352941,Champions
17664,1166.23,4,2010-03-29 17:17:00,2011-11-21 11:29:00,601,291.5575,Champions
17665,563.1,1,2010-08-03 13:12:00,2010-08-03 13:12:00,1,563.1,Lost
17666,1728.72,4,2010-06-30 12:03:00,2011-10-05 11:06:00,461,432.18,Loyal
17667,3950.7,9,2010-02-23 09:57:00,2011-10-04 14:32:00,588,438.96666666666664,Loyal
17668,161.85,1,2011-11-01 14:45:00,2011-11-01 14:45:00,1,161.85,New customers
17669,6142.35,10,2010-04-01 18:48:00,2011-10-28 08:53:00,574,614.235,Champions
17670,205.7,1,2011-04-26 09:12:00,2011-04-26 09:12:00,1,205.7,Lost
17671,2403.34,5,2010-11-29 11:53:00,2011-11-24 12:21:00,360,480.668,Champions
17672,5778.63,7,2010-01-26 17:20:00,2011-10-20 14:18:00,631,825.5185714285715,Champions
17673,4121.11,12,2010-03-19 14:02:00,2011-10-04 12:25:00,563,343.4258333333333,Loyal
17674,851.7,2,2010-12-06 10:20:00,2011-09-26 13:35:00,294,425.85,Loyal
17675,37530.68,69,2009-12-10 16:10:00,2011-12-01 15:24:00,720,543.9228985507247,Champions
17676,2418.2400000000002,9,2010-03-30 10:49:00,2011-10-12 14:21:00,561,268.6933333333334,Champions
17677,35988.75,52,2009-12-16 11:23:00,2011-11-11 12:53:00,695,692.0913461538462,Champions
17678,599.76,2,2010-04-15 13:54:00,2011-03-21 11:52:00,339,299.88,At risk
17679,3577.61,7,2009-12-03 17:32:00,2011-10-18 07:43:00,683,511.08714285714285,Champions
17680,497.45,3,2010-07-16 16:07:00,2011-11-16 12:42:00,487,165.81666666666666,Loyal
17681,731.2,5,2010-01-15 11:53:00,2010-04-21 17:22:00,96,146.24,At risk
17682,4456.78,11,2010-03-08 09:49:00,2011-11-29 15:59:00,631,405.16181818181815,Champions
17683,819.01,3,2010-06-03 17:15:00,2010-11-19 10:11:00,168,273.00333333333333,At risk
17684,239.41,1,2011-10-27 11:10:00,2011-10-27 11:10:00,1,239.41,New customers
17685,5943.17,12,2010-02-11 13:44:00,2011-11-23 11:36:00,649,495.26416666666665,Champions
17686,8296.81,9,2010-06-24 09:49:00,2011-12-02 15:39:00,526,921.8677777777777,Champions
17687,432.68,1,2010-10-15 12:30:00,2010-10-15 12:30:00,1,432.68,Lost
17688,304.2,1,2010-11-11 10:41:00,2010-11-11 10:41:00,1,304.2,Lost
17689,317.08,2,2010-08-22 13:54:00,2010-11-16 13:22:00,85,158.54,At risk
17690,7448.1,20,2010-02-03 14:26:00,2011-11-09 15:17:00,644,372.40500000000003,Champions
17691,780.0500000000001,4,2010-06-11 11:50:00,2010-12-16 17:20:00,188,195.01250000000002,At risk
17692,2975.8,12,2010-06-17 11:14:00,2011-08-04 14:01:00,413,247.98333333333335,Loyal
17693,200.47,1,2011-07-25 15:48:00,2011-07-25 15:48:00,1,200.47,Potential loyalists
17694,1695.97,3,2010-05-26 08:27:00,2011-07-21 12:00:00,421,565.3233333333334,Loyal
17695,1746.04,5,2010-01-28 09:27:00,2011-07-31 10:40:00,549,349.20799999999997,Loyal
17696,7679.59,27,2009-12-10 17:09:00,2011-11-01 13:43:00,690,284.42925925925925,Champions
17697,338.95,1,2011-04-17 15:40:00,2011-04-17 15:40:00,1,338.95,Lost
17698,154.95,1,2011-03-24 11:34:00,2011-03-24 11:34:00,1,154.95,Lost
17699,442.0,2,2010-05-27 11:53:00,2010-08-20 09:39:00,84,221.0,At risk
17700,6679.97,14,2009-12-01 11:37:00,2011-11-23 11:51:00,722,477.1407142857143,Champions
17701,417.95,1,2011-04-01 12:25:00,2011-04-01 12:25:00,1,417.95,Lost
17702,3144.04,6,2010-11-04 12:09:00,2011-11-09 16:03:00,370,524.0066666666667,Champions
17703,1094.84,4,2010-10-17 16:16:00,2011-11-04 15:51:00,382,273.71,Champions
17704,885.19,2,2011-04-14 09:28:00,2011-06-24 09:40:00,71,442.595,Loyal
17705,1865.9,10,2010-05-12 09:47:00,2011-11-09 15:50:00,546,186.59,Champions
17706,19974.14,30,2010-01-19 12:13:00,2011-10-26 13:31:00,645,665.8046666666667,Champions
17707,609.3000000000001,8,2009-12-07 12:19:00,2011-06-07 15:03:00,547,76.16250000000001,Loyal
17708,887.9300000000001,4,2010-10-12 12:13:00,2011-06-05 10:12:00,235,221.98250000000002,Loyal
17709,671.01,5,2010-04-15 14:48:00,2011-06-23 11:55:00,433,134.202,Loyal
17710,293.5,1,2010-10-12 07:49:00,2010-10-12 07:49:00,1,293.5,Lost
17711,385.1,2,2011-02-23 11:32:00,2011-11-29 11:40:00,279,192.55,Loyal
17712,522.91,1,2011-10-26 12:28:00,2011-10-26 12:28:00,1,522.91,New customers
17713,1198.09,4,2010-06-09 09:33:00,2010-11-22 16:50:00,166,299.5225,At risk
17714,1410.18,5,2010-07-14 10:41:00,2011-01-23 10:32:00,192,282.036,At risk
17715,489.59999999999997,2,2010-04-26 12:17:00,2011-05-23 12:32:00,392,244.79999999999998,At risk
17716,15956.97,24,2009-12-02 17:18:00,2011-11-17 12:00:00,714,664.87375,Champions
17717,376.92,1,2010-10-14 12:54:00,2010-10-14 12:54:00,1,376.92,Lost
17718,439.18,2,2010-03-05 08:01:00,2011-04-21 13:39:00,412,219.59,At risk
17719,5396.04,15,2011-03-29 11:29:00,2011-11-02 10:36:00,217,359.736,Champions
17720,2768.91,10,2010-05-10 09:58:00,2011-11-13 15:04:00,552,276.89099999999996,Champions
17721,307.21000000000004,1,2010-02-18 15:18:00,2010-02-18 15:18:00,1,307.21000000000004,Lost
17722,4430.36,5,2010-11-29 09:44:00,2011-09-04 15:22:00,279,886.0719999999999,Loyal
17723,3378.4000000000005,7,2010-11-29 10:35:00,2011-08-04 18:37:00,248,482.6285714285715,Loyal
17724,1033.0,3,2011-07-24 13:26:00,2011-09-29 15:26:00,67,344.3333333333333,Loyal
17725,3439.08,11,2011-03-17 19:47:00,2011-11-23 16:34:00,250,312.64363636363635,Champions
17726,1092.06,7,2010-01-26 14:58:00,2010-11-09 13:37:00,286,156.00857142857143,At risk
17727,1060.25,1,2011-11-24 17:06:00,2011-11-24 17:06:00,1,1060.25,New customers
17728,3650.91,4,2010-09-12 14:58:00,2011-10-05 08:17:00,387,912.7275,Loyal
17729,438.65000000000003,1,2010-04-22 15:03:00,2010-04-22 15:03:00,1,438.65000000000003,Lost
17730,7111.1,19,2010-04-29 11:48:00,2011-11-11 11:02:00,560,374.2684210526316,Champions
17731,1708.99,6,2010-02-09 12:37:00,2011-09-21 15:02:00,589,284.83166666666665,Loyal
17732,2470.39,8,2010-08-09 08:41:00,2010-12-02 09:29:00,115,308.79875,At risk
17733,692.19,2,2011-03-23 09:54:00,2011-11-01 08:16:00,222,346.095,Loyal
17734,1442.32,6,2010-03-07 13:55:00,2011-10-17 12:33:00,588,240.38666666666666,Champions
17735,16351.33,25,2010-07-30 13:25:00,2011-11-02 14:52:00,460,654.0532,Champions
17736,377.44,3,2011-08-18 14:33:00,2011-11-30 15:36:00,104,125.81333333333333,Loyal
17737,168.24,2,2011-10-12 14:42:00,2011-11-30 15:16:00,49,84.12,Loyal
17738,4183.56,13,2010-03-19 10:07:00,2011-11-20 15:05:00,611,321.81230769230774,Champions
17739,7730.59,18,2009-12-07 10:48:00,2011-11-28 09:12:00,720,429.4772222222222,Champions
17740,426.9,6,2010-01-11 13:11:00,2010-11-15 16:33:00,308,71.14999999999999,At risk
17741,101.1,2,2010-05-28 12:11:00,2010-10-29 11:59:00,153,50.55,At risk
17742,2098.48,11,2009-12-01 13:16:00,2011-08-18 15:28:00,625,190.7709090909091,Loyal
17743,229.2,1,2010-09-17 14:54:00,2010-09-17 14:54:00,1,229.2,Lost
17744,1918.76,6,2010-11-24 09:34:00,2011-11-14 09:05:00,354,319.79333333333335,Champions
17745,600.34,2,2010-06-02 09:03:00,2010-08-19 12:30:00,78,300.17,At risk
17746,904.1800000000001,4,2010-04-08 12:54:00,2011-04-13 14:31:00,370,226.04500000000002,At risk
17747,71.4,1,2011-08-19 08:13:00,2011-08-19 08:13:00,1,71.4,Potential loyalists
17748,358.15,1,2010-06-30 13:49:00,2010-06-30 13:49:00,1,358.15,Lost
17749,1026.18,3,2010-06-11 14:56:00,2011-06-14 15:45:00,368,342.06,Loyal
17750,1684.25,8,2011-06-28 15:44:00,2011-11-03 15:16:00,127,210.53125,Champions
17751,157.85999999999999,1,2010-10-14 13:57:00,2010-10-14 13:57:00,1,157.85999999999999,Lost
17752,80.64,1,2010-12-15 16:19:00,2010-12-15 16:19:00,1,80.64,Lost
17753,390.56,4,2010-01-06 14:20:00,2010-09-01 15:49:00,238,97.64,At risk
17754,4376.54,12,2009-12-11 15:52:00,2011-11-02 12:37:00,690,364.71166666666664,Champions
17756,733.7,3,2010-11-10 12:54:00,2010-11-29 12:20:00,18,244.5666666666667,At risk
17757,9005.9,54,2010-01-13 15:56:00,2011-11-25 17:27:00,681,166.77592592592592,Champions
17758,5012.53,12,2010-05-20 13:18:00,2011-11-20 14:45:00,549,417.7108333333333,Champions
17759,1276.91,5,2010-05-05 11:40:00,2011-11-22 16:02:00,566,255.382,Champions
17760,918.93,6,2010-02-28 12:15:00,2011-11-18 10:56:00,627,153.155,Champions
17761,712.78,1,2011-11-07 10:23:00,2011-11-07 10:23:00,1,712.78,New customers
17762,129.75,1,2010-09-09 17:40:00,2010-09-09 17:40:00,1,129.75,Lost
17763,86.15,4,2010-02-18 14:32:00,2011-03-21 14:25:00,395,21.5375,At risk
17764,1623.64,5,2009-12-03 14:28:00,2011-10-20 11:03:00,685,324.728,Champions
17765,530.8,4,2010-09-17 12:45:00,2011-07-04 12:41:00,289,132.7,Loyal
17766,299.61,2,2010-11-23 14:17:00,2010-11-23 14:29:00,1,149.805,At risk
17767,413.05,2,2010-10-25 16:22:00,2011-11-24 14:42:00,394,206.525,Loyal
17768,3509.51,7,2009-12-02 12:26:00,2011-12-01 13:22:00,729,501.35857142857145,Champions
17769,7103.08,17,2010-01-19 11:33:00,2011-11-27 11:18:00,676,417.82823529411763,Champions
17770,1143.27,5,2011-03-02 13:35:00,2011-05-25 12:34:00,83,228.654,At risk
17771,387.41,4,2010-04-29 13:21:00,2011-10-14 11:43:00,532,96.8525,Champions
17772,384.77,3,2010-11-12 11:31:00,2011-11-29 11:05:00,381,128.25666666666666,Loyal
17773,585.27,2,2010-01-18 14:32:00,2010-07-13 14:07:00,175,292.635,At risk
17774,3328.05,9,2010-02-08 16:06:00,2011-09-04 12:49:00,572,369.78333333333336,Loyal
17775,56.4,1,2011-03-30 10:50:00,2011-03-30 10:50:00,1,56.4,Lost
17776,338.56,2,2009-12-16 14:59:00,2010-11-18 12:14:00,336,169.28,At risk
17777,665.86,3,2011-08-31 14:35:00,2011-11-15 12:02:00,75,221.95333333333335,Loyal
17778,197.70000000000002,1,2010-02-16 12:44:00,2010-02-16 12:44:00,1,197.70000000000002,Lost
17779,658.57,3,2011-07-19 12:19:00,2011-11-18 14:15:00,122,219.52333333333334,Loyal
17780,352.91,3,2010-01-24 11:21:00,2010-02-10 13:43:00,17,117.63666666666667,At risk
17781,188.02,2,2011-03-31 19:54:00,2011-07-03 16:00:00,93,94.01,Loyal
17782,679.02,2,2010-11-22 10:03:00,2010-11-22 11:15:00,1,339.51,At risk
17783,379.91,3,2010-07-15 12:50:00,2011-09-28 16:07:00,440,126.63666666666667,Loyal
17784,112.86,1,2010-06-07 16:08:00,2010-06-07 16:08:00,1,112.86,Lost
17785,403.38,3,2010-05-23 13:01:00,2011-10-17 13:43:00,512,134.46,Loyal
17786,278.74,2,2011-01-26 14:35:00,2011-09-15 12:51:00,231,139.37,Loyal
17787,2601.4700000000003,4,2010-12-03 13:43:00,2011-07-10 11:24:00,218,650.3675000000001,Loyal
17788,1117.9,2,2011-08-02 10:38:00,2011-09-27 10:09:00,55,558.95,Loyal
17789,397.15,2,2010-02-16 13:16:00,2011-03-03 13:14:00,379,198.575,At risk
17790,2783.61,20,2010-06-13 13:30:00,2011-11-13 11:30:00,517,139.1805,Champions
17791,106.1,1,2011-11-10 12:09:00,2011-11-10 12:09:00,1,106.1,New customers
17792,370.05,2,2010-08-18 13:08:00,2010-08-29 14:30:00,11,185.025,At risk
17793,323.04,1,2011-11-14 14:24:00,2011-11-14 14:24:00,1,323.04,New customers
17794,147.3,2,2010-01-20 12:17:00,2010-01-22 10:18:00,1,73.65,At risk
17795,350.39,2,2011-03-20 12:02:00,2011-06-13 12:36:00,85,175.195,Loyal
17796,1361.99,7,2010-10-14 13:37:00,2011-10-30 15:38:00,381,194.57,Champions
17797,1985.87,8,2009-12-15 14:30:00,2011-11-17 13:21:00,701,248.23375,Champions
17798,183.09,1,2010-05-07 11:42:00,2010-05-07 11:42:00,1,183.09,Lost
17799,6341.89,20,2009-12-13 16:03:00,2011-11-17 15:16:00,703,317.09450000000004,Champions
17800,1199.01,9,2011-01-09 13:50:00,2011-11-02 12:57:00,296,133.22333333333333,Champions
17801,798.3299999999999,3,2010-01-17 11:31:00,2010-09-14 14:32:00,240,266.10999999999996,At risk
17802,5053.12,10,2009-12-13 13:39:00,2011-09-18 14:56:00,644,505.312,Loyal
17803,184.66,1,2010-11-12 13:53:00,2010-11-12 13:53:00,1,184.66,Lost
17804,385.23,3,2009-12-01 12:22:00,2010-11-28 14:01:00,362,128.41,At risk
17805,927.03,2,2010-04-08 14:36:00,2011-09-27 11:49:00,536,463.515,Loyal
17806,546.04,1,2011-11-28 14:12:00,2011-11-28 14:12:00,1,546.04,New customers
17807,437.87,3,2010-01-04 14:00:00,2010-11-09 16:21:00,309,145.95666666666668,At risk
17808,262.64,4,2010-05-07 16:26:00,2010-06-09 10:44:00,32,65.66,At risk
17809,11337.39,20,2009-12-02 14:52:00,2011-11-23 12:59:00,720,566.8695,Champions
17810,374.81,2,2010-01-25 10:26:00,2010-02-09 10:47:00,15,187.405,At risk
17811,9453.7,46,2010-09-20 11:24:00,2011-12-02 10:21:00,437,205.51521739130436,Champions
17812,1165.8899999999999,7,2010-06-27 13:34:00,2011-11-27 11:47:00,517,166.55571428571426,Champions
17813,1770.8799999999999,5,2011-09-29 15:57:00,2011-11-25 16:13:00,57,354.176,Champions
17814,1617.32,2,2010-10-13 14:03:00,2010-11-29 14:21:00,47,808.66,At risk
17815,591.96,1,2010-11-11 14:39:00,2010-11-11 14:39:00,1,591.96,Lost
17816,112.32,6,2009-12-15 15:27:00,2011-11-03 11:34:00,687,18.72,Champions
17817,689.87,5,2010-10-13 15:07:00,2011-03-07 17:42:00,145,137.974,At risk
17818,130.18,1,2009-12-02 11:34:00,2009-12-02 11:34:00,1,130.18,Lost
17819,6612.5199999999995,12,2009-12-13 15:24:00,2011-09-29 10:52:00,654,551.0433333333333,Loyal
17820,183.56,1,2010-11-30 17:43:00,2010-11-30 17:43:00,1,183.56,Lost
17821,334.62,1,2010-10-29 13:20:00,2010-10-29 13:20:00,1,334.62,Lost
17822,2188.5,5,2010-05-28 12:15:00,2010-10-15 13:47:00,140,437.7,At risk
17823,494.25,2,2010-10-14 16:14:00,2010-10-14 16:24:00,1,247.125,At risk
17824,298.4,1,2011-10-19 14:14:00,2011-10-19 14:14:00,1,298.4,New customers
17825,731.96,4,2009-12-14 12:09:00,2010-04-20 12:01:00,126,182.99,At risk
17826,134.59,1,2010-11-30 13:23:00,2010-11-30 13:23:00,1,134.59,Lost
17827,1976.4,5,2010-03-28 12:20:00,2011-04-11 16:56:00,379,395.28000000000003,At risk
17828,1820.09,4,2011-06-08 08:31:00,2011-11-17 08:41:00,162,455.0225,Champions
17829,4756.74,5,2010-02-22 15:39:00,2011-02-14 12:46:00,356,951.348,At risk
17830,287.65000000000003,2,2011-02-24 10:15:00,2011-03-23 11:44:00,27,143.82500000000002,At risk
17831,35.400000000000006,1,2011-11-06 15:09:00,2011-11-06 15:09:00,1,35.400000000000006,New customers
17832,155.37,1,2011-10-21 11:43:00,2011-10-21 11:43:00,1,155.37,New customers
17833,342.36,1,2009-12-16 13:40:00,2009-12-16 13:40:00,1,342.36,Lost
17834,730.47,2,2010-09-20 15:32:00,2010-10-21 12:09:00,30,365.235,At risk
17835,236.5,2,2011-11-16 16:30:00,2011-11-30 11:17:00,13,118.25,Loyal
17836,110.21000000000001,1,2011-10-23 16:13:00,2011-10-23 16:13:00,1,110.21000000000001,New customers
17837,1593.38,8,2011-06-29 16:44:00,2011-10-28 16:13:00,120,199.1725,Champions
17838,6722.900000000001,13,2010-03-19 09:53:00,2011-11-13 11:20:00,604,517.1461538461539,Champions
17839,338.8,1,2011-10-28 17:27:00,2011-10-28 17:27:00,1,338.8,New customers
17840,185.72,1,2010-09-22 12:24:00,2010-09-22 12:24:00,1,185.72,Lost
17841,69074.93000000001,209,2009-12-02 15:41:00,2011-12-02 13:49:00,729,330.502057416268,Champions
17842,430.69,1,2010-04-16 14:23:00,2010-04-16 14:23:00,1,430.69,Lost
17843,326.23,2,2010-10-24 10:56:00,2011-02-09 15:33:00,108,163.115,At risk
17844,51.559999999999995,1,2011-08-25 11:27:00,2011-08-25 11:27:00,1,51.559999999999995,Potential loyalists
17845,598.19,4,2010-05-12 13:04:00,2010-06-02 15:20:00,21,149.5475,At risk
17846,2033.1,1,2011-09-15 15:20:00,2011-09-15 15:20:00,1,2033.1,Potential loyalists
17847,129.69,2,2010-03-04 12:57:00,2010-07-12 10:00:00,129,64.845,At risk
17848,3650.9,30,2009-12-06 13:19:00,2011-09-19 16:49:00,652,121.69666666666667,Loyal
17849,1063.76,8,2010-03-14 15:17:00,2011-05-05 13:46:00,416,132.97,At risk
17850,56600.08,155,2009-12-05 12:28:00,2010-12-02 15:27:00,362,365.1618064516129,At risk
17851,1563.34,6,2009-12-03 17:46:00,2010-10-13 15:13:00,313,260.5566666666667,At risk
17852,663.21,5,2009-12-08 12:51:00,2011-11-28 12:36:00,719,132.642,Champions
17853,1608.19,3,2009-12-03 15:09:00,2010-10-28 15:29:00,329,536.0633333333334,At risk
17854,1071.45,6,2009-12-08 11:13:00,2011-06-07 16:21:00,546,178.57500000000002,Loyal
17855,417.94,1,2010-12-02 09:44:00,2010-12-02 09:44:00,1,417.94,Lost
17856,1142.63,3,2011-03-03 11:40:00,2011-04-20 13:13:00,48,380.8766666666667,At risk
17857,25702.64,22,2010-03-08 12:09:00,2011-11-22 15:22:00,624,1168.3018181818181,Champions
17858,12797.65,30,2009-12-06 15:41:00,2011-12-04 11:56:00,727,426.5883333333333,Champions
17859,148.21,1,2011-02-08 10:32:00,2011-02-08 10:32:00,1,148.21,Lost
17860,1015.54,4,2009-12-11 16:48:00,2010-12-06 12:41:00,359,253.885,At risk
17861,4689.11,17,2009-12-10 11:27:00,2011-11-15 13:01:00,705,275.83,Champions
17862,1279.09,4,2010-05-25 17:22:00,2011-01-20 12:23:00,239,319.7725,At risk
17863,5745.2,12,2010-02-25 12:01:00,2011-10-11 13:45:00,593,478.76666666666665,Champions
17864,924.32,5,2010-10-08 11:49:00,2011-11-27 11:15:00,414,184.864,Champions
17865,26374.39,46,2009-12-01 10:49:00,2011-11-09 12:08:00,708,573.356304347826,Champions
17866,1134.95,3,2009-12-14 16:01:00,2011-07-20 11:07:00,582,378.31666666666666,Loyal
17867,1621.2800000000002,15,2009-12-02 13:39:00,2011-11-09 14:15:00,707,108.08533333333335,Champions
17868,234.65,1,2010-11-18 18:55:00,2010-11-18 18:55:00,1,234.65,Lost
17869,1036.16,7,2010-06-10 13:47:00,2011-08-24 16:16:00,440,148.02285714285716,Loyal
17870,2843.24,12,2010-11-23 11:39:00,2011-11-25 11:20:00,366,236.93666666666664,Champions
17871,1118.99,5,2010-01-15 14:48:00,2011-05-19 11:32:00,488,223.798,At risk
17872,235.87,1,2010-11-23 12:02:00,2010-11-23 12:02:00,1,235.87,Lost
17873,6515.88,18,2009-12-16 15:11:00,2011-09-20 16:41:00,643,361.99333333333334,Loyal
17874,683.46,6,2011-03-29 11:25:00,2011-06-07 12:54:00,70,113.91000000000001,Loyal
17875,167.1,1,2010-01-20 15:30:00,2010-01-20 15:30:00,1,167.1,Lost
17876,3424.02,3,2010-02-02 13:00:00,2010-11-05 10:52:00,275,1141.34,At risk
17877,237.61,1,2011-06-22 13:00:00,2011-06-22 13:00:00,1,237.61,Potential loyalists
17878,1412.33,3,2010-11-09 13:50:00,2011-10-27 11:24:00,351,470.77666666666664,Loyal
17879,178.51999999999998,1,2011-06-19 12:36:00,2011-06-19 12:36:00,1,178.51999999999998,Potential loyalists
17880,824.9200000000001,3,2009-12-09 16:13:00,2010-12-10 10:21:00,365,274.97333333333336,At risk
17881,133.35000000000002,1,2011-02-08 17:16:00,2011-02-08 17:16:00,1,133.35000000000002,Lost
17882,313.46,2,2010-11-25 14:35:00,2010-11-25 14:40:00,1,156.73,At risk
17883,810.98,6,2010-02-25 20:07:00,2011-11-25 14:02:00,637,135.16333333333333,Champions
17884,2958.28,19,2009-12-04 16:23:00,2011-02-01 11:08:00,423,155.69894736842107,At risk
17885,190.19,1,2011-11-27 14:40:00,2011-11-27 14:40:00,1,190.19,New customers
17886,1608.38,6,2010-04-29 11:10:00,2011-11-08 10:09:00,557,268.06333333333333,Champions
17887,111.35,1,2011-08-02 17:29:00,2011-08-02 17:29:00,1,111.35,Potential loyalists
17888,1820.44,25,2009-12-21 16:34:00,2011-11-18 13:45:00,696,72.8176,Champions
17889,774.87,7,2010-03-31 10:54:00,2011-05-11 16:26:00,406,110.69571428571429,At risk
17890,602.09,2,2010-12-13 15:12:00,2011-01-21 11:19:00,38,301.045,At risk
17891,203.85999999999999,1,2011-06-30 20:08:00,2011-06-30 20:08:00,1,203.85999999999999,Potential loyalists
17892,244.1,3,2011-07-07 12:56:00,2011-10-14 16:49:00,99,81.36666666666666,Loyal
17893,112.25,1,2011-04-28 13:50:00,2011-04-28 13:50:00,1,112.25,Lost
17894,2453.38,18,2010-08-27 14:13:00,2011-09-29 09:23:00,397,136.29888888888888,Loyal
17895,98.0,1,2011-10-26 17:00:00,2011-10-26 17:00:00,1,98.0,New customers
17896,256.32,1,2011-11-16 13:59:00,2011-11-16 13:59:00,1,256.32,New customers
17897,2585.0,9,2010-05-12 16:03:00,2011-06-20 11:23:00,403,287.22222222222223,Loyal
17898,299.18,4,2010-05-21 17:22:00,2011-09-15 14:56:00,481,74.795,Loyal
17899,155.8,1,2011-07-03 14:58:00,2011-07-03 14:58:00,1,155.8,Potential loyalists
17900,112.19999999999999,2,2011-06-02 14:28:00,2011-06-02 14:38:00,1,56.099999999999994,Loyal
17901,260.08,3,2010-07-06 10:54:00,2011-11-10 17:29:00,492,86.69333333333333,Loyal
17902,216.39999999999998,1,2010-06-11 12:25:00,2010-06-11 12:25:00,1,216.39999999999998,Lost
17903,381.09000000000003,1,2010-11-10 15:39:00,2010-11-10 15:39:00,1,381.09000000000003,Lost
17904,191.67,1,2011-11-18 12:57:00,2011-11-18 12:57:00,1,191.67,New customers
17905,2383.52,13,2010-01-28 17:54:00,2011-09-29 17:33:00,608,183.3476923076923,Loyal
17906,72.9,1,2011-04-06 17:25:00,2011-04-06 17:25:00,1,72.9,Lost
17907,291.76,1,2010-03-09 12:33:00,2010-03-09 12:33:00,1,291.76,Lost
17908,1411.54,5,2009-12-14 12:24:00,2010-12-01 11:45:00,351,282.308,At risk
17909,132.55,1,2009-12-02 13:10:00,2009-12-02 13:10:00,1,132.55,Lost
17910,261.7,1,2009-12-13 16:04:00,2009-12-13 16:04:00,1,261.7,Lost
17911,366.23,1,2011-11-30 14:52:00,2011-11-30 14:52:00,1,366.23,New customers
17912,375.5,6,2010-11-29 13:53:00,2011-02-02 14:25:00,65,62.583333333333336,At risk
17913,3479.64,14,2009-12-03 13:02:00,2011-10-12 10:45:00,677,248.54571428571427,Champions
17915,242.13,1,2010-06-06 13:22:00,2010-06-06 13:22:00,1,242.13,Lost
17916,43.87,2,2009-12-06 14:10:00,2010-03-21 12:26:00,104,21.935,At risk
17917,341.28,3,2010-12-12 12:08:00,2011-10-25 13:20:00,317,113.75999999999999,Loyal
17918,396.39,3,2010-07-22 14:20:00,2010-07-27 11:51:00,4,132.13,At risk
17919,1840.32,2,2010-09-27 10:40:00,2011-09-12 13:41:00,350,920.16,Loyal
17920,24213.170000000002,53,2009-12-06 10:37:00,2011-12-01 16:37:00,725,456.8522641509434,Champions
17921,2423.5,10,2010-07-15 20:05:00,2011-10-06 18:56:00,447,242.35,Champions
17922,170.4,1,2010-06-14 16:32:00,2010-06-14 16:32:00,1,170.4,Lost
17923,497.0,3,2010-06-13 13:58:00,2011-03-02 15:15:00,262,165.66666666666666,At risk
17924,3536.7000000000003,8,2010-10-21 12:17:00,2011-11-28 09:11:00,402,442.08750000000003,Champions
17925,488.16,1,2010-12-02 10:10:00,2010-12-02 10:10:00,1,488.16,Lost
17926,1035.49,5,2010-05-09 14:07:00,2011-07-29 14:39:00,446,207.098,Loyal
17927,294.0,1,2009-12-18 11:03:00,2009-12-18 11:03:00,1,294.0,Lost
17928,341.24,3,2010-05-17 15:30:00,2011-10-25 13:52:00,525,113.74666666666667,Loyal
17929,3082.1,12,2009-12-09 11:40:00,2011-11-28 16:01:00,719,256.84166666666664,Champions
17930,4275.22,13,2010-03-04 10:41:00,2011-11-04 10:23:00,609,328.86307692307696,Champions
17931,3437.29,14,2010-02-16 15:47:00,2011-07-28 18:33:00,527,245.5207142857143,Loyal
17932,1331.57,3,2011-05-12 13:58:00,2011-11-10 19:49:00,182,443.8566666666666,Loyal
17933,114.69,1,2010-03-17 15:11:00,2010-03-17 15:11:00,1,114.69,Lost
17934,1049.15,3,2010-10-29 12:23:00,2011-10-19 11:16:00,354,349.7166666666667,Loyal
17935,686.14,7,2009-12-04 14:33:00,2011-07-24 13:18:00,596,98.02,Loyal
17937,4301.22,7,2010-12-12 14:43:00,2011-12-01 11:45:00,353,614.46,Champions
17938,144.29,1,2010-10-15 14:27:00,2010-10-15 14:27:00,1,144.29,Lost
17939,99.14,1,2011-07-03 12:27:00,2011-07-03 12:27:00,1,99.14,Potential loyalists
17940,30393.19,16,2009-12-03 12:31:00,2011-10-21 13:27:00,687,1899.574375,Champions
17941,1433.28,4,2010-01-06 15:37:00,2011-08-01 08:30:00,571,358.32,Loyal
17942,77.50000000000001,1,2011-12-02 10:45:00,2011-12-02 10:45:00,1,77.50000000000001,New customers
17944,75.41,1,2010-10-12 16:25:00,2010-10-12 16:25:00,1,75.41,Lost
17945,360.35,3,2010-01-12 11:33:00,2010-01-12 11:40:00,1,120.11666666666667,At risk
17946,149.57999999999998,2,2011-03-25 14:34:00,2011-04-20 17:00:00,26,74.78999999999999,At risk
17947,176.68,1,2011-11-02 13:05:00,2011-11-02 13:05:00,1,176.68,New customers
17948,358.56000000000006,1,2011-07-15 12:58:00,2011-07-15 12:58:00,1,358.56000000000006,Potential loyalists
17949,116684.08,116,2009-12-02 11:07:00,2011-12-02 11:43:00,730,1005.8972413793103,Champions
17950,1432.81,7,2010-01-04 17:39:00,2011-09-28 15:18:00,631,204.68714285714285,Loyal
17951,1636.0800000000002,4,2010-10-31 15:15:00,2011-10-31 12:30:00,364,409.02000000000004,Champions
17952,819.61,4,2010-06-16 11:54:00,2010-11-26 13:54:00,163,204.9025,At risk
17953,160.82,1,2010-06-17 15:08:00,2010-06-17 15:08:00,1,160.82,Lost
17954,3673.09,18,2009-12-09 13:22:00,2011-10-02 15:52:00,662,204.06055555555557,Loyal
17955,949.9,6,2010-02-12 16:27:00,2011-05-25 12:00:00,466,158.31666666666666,At risk
17956,12.75,1,2011-04-04 13:47:00,2011-04-04 13:47:00,1,12.75,Lost
17957,111.68,1,2011-10-04 14:58:00,2011-10-04 14:58:00,1,111.68,Potential loyalists
17958,973.88,2,2009-12-11 15:37:00,2011-08-15 12:19:00,611,486.94,Loyal
17959,140.75,1,2010-04-26 14:12:00,2010-04-26 14:12:00,1,140.75,Lost
17960,135.08,3,2010-03-08 12:22:00,2011-06-21 14:15:00,470,45.02666666666667,Loyal
17961,2995.54,100,2009-12-01 14:48:00,2011-11-18 16:55:00,717,29.9554,Champions
17962,687.42,4,2010-01-13 15:24:00,2011-07-20 14:16:00,552,171.855,Loyal
17963,651.51,4,2010-01-19 17:25:00,2010-08-25 15:58:00,217,162.8775,At risk
17964,733.46,2,2010-12-02 13:32:00,2011-11-08 10:44:00,340,366.73,Loyal
17965,7240.9800000000005,29,2009-12-14 13:19:00,2011-11-02 09:31:00,687,249.6889655172414,Champions
17966,1974.42,10,2010-01-18 13:24:00,2011-11-02 10:26:00,652,197.442,Champions
17967,357.28999999999996,2,2010-10-19 13:19:00,2010-12-03 11:19:00,44,178.64499999999998,At risk
17968,888.04,4,2010-07-15 15:01:00,2010-12-01 12:23:00,138,222.01,At risk
17969,2369.94,20,2009-12-06 13:53:00,2011-06-26 13:00:00,566,118.497,Loyal
17970,582.59,1,2011-05-12 20:03:00,2011-05-12 20:03:00,1,582.59,Lost
17971,161.94,1,2010-06-09 14:04:00,2010-06-09 14:04:00,1,161.94,Lost
17972,136.04,1,2011-04-12 12:16:00,2011-04-12 12:16:00,1,136.04,Lost
17973,337.04,1,2011-10-19 10:34:00,2011-10-19 10:34:00,1,337.04,New customers
17974,1858.06,6,2010-10-28 20:03:00,2011-11-15 11:37:00,382,309.6766666666667,Champions
17975,7028.83,24,2010-08-06 11:24:00,2011-11-24 13:27:00,475,292.86791666666664,Champions
17976,706.38,1,2010-12-02 13:49:00,2010-12-02 13:49:00,1,706.38,Lost
17977,1565.6299999999999,2,2010-11-04 14:26:00,2011-11-10 13:28:00,370,782.8149999999999,Loyal
17978,1461.76,4,2009-12-08 13:27:00,2010-12-09 14:05:00,366,365.44,At risk
17979,757.71,4,2011-03-25 11:34:00,2011-11-04 12:05:00,224,189.4275,Champions
17980,1033.42,4,2010-11-11 14:42:00,2011-06-27 12:01:00,227,258.355,Loyal
17981,239.12,1,2010-10-25 10:40:00,2010-10-25 10:40:00,1,239.12,Lost
17982,138.18,1,2010-01-28 09:38:00,2010-01-28 09:38:00,1,138.18,Lost
17983,171.71,1,2010-11-09 13:23:00,2010-11-09 13:24:00,1,171.71,Lost
17984,1191.27,5,2009-12-01 11:51:00,2011-07-17 15:59:00,593,238.254,Loyal
17985,634.95,1,2011-11-17 14:24:00,2011-11-17 14:24:00,1,634.95,New customers
17986,20.8,1,2011-10-14 14:22:00,2011-10-14 14:22:00,1,20.8,New customers
17987,1003.64,5,2010-06-07 11:23:00,2011-06-07 14:22:00,365,200.728,Loyal
17988,489.54,14,2009-12-07 13:35:00,2011-11-28 11:00:00,720,34.96714285714286,Champions
17989,228.82999999999998,1,2010-11-25 13:49:00,2010-11-25 13:49:00,1,228.82999999999998,Lost
17990,1527.6100000000001,6,2009-12-07 15:19:00,2011-04-17 11:44:00,495,254.6016666666667,At risk
17991,320.55,3,2010-04-27 12:46:00,2011-04-28 15:58:00,366,106.85000000000001,At risk
17992,254.13,1,2010-11-15 13:04:00,2010-11-15 13:04:00,1,254.13,Lost
17993,235.19,1,2010-04-01 14:23:00,2010-04-01 14:23:00,1,235.19,Lost
17994,2313.32,11,2010-03-29 10:37:00,2011-08-10 11:41:00,499,210.3018181818182,Loyal
17995,495.48,3,2010-11-17 17:01:00,2011-03-03 12:30:00,105,165.16,At risk
17996,482.33,3,2010-06-11 11:48:00,2010-11-25 11:00:00,166,160.77666666666667,At risk
17997,1970.6699999999998,8,2011-06-28 17:28:00,2011-09-26 16:13:00,89,246.33374999999998,Loyal
17998,639.24,3,2009-12-01 13:07:00,2010-11-24 15:31:00,358,213.08,At risk
17999,730.9,3,2010-11-26 13:16:00,2011-11-02 15:56:00,341,243.63333333333333,Loyal
18000,124.25,1,2010-05-24 17:34:00,2010-05-24 17:34:00,1,124.25,Lost
18001,953.84,6,2009-12-02 15:38:00,2011-11-27 16:02:00,725,158.97333333333333,Champions
18002,249.92,4,2009-12-08 11:07:00,2010-11-29 10:57:00,355,62.48,At risk
18003,358.61,1,2010-11-28 15:09:00,2010-11-28 15:09:00,1,358.61,Lost
18004,169.47,1,2010-12-12 13:47:00,2010-12-12 13:47:00,1,169.47,Lost
18005,139.97,1,2011-10-23 14:40:00,2011-10-23 14:40:00,1,139.97,New customers
18006,997.86,4,2009-12-17 12:27:00,2011-11-16 16:52:00,699,249.465,Champions
18007,220.32,1,2010-11-12 11:08:00,2010-11-12 11:08:00,1,220.32,Lost
18008,19787.13,23,2010-01-06 12:35:00,2011-09-30 15:17:00,632,860.3100000000001,Loyal
18009,2155.83,8,2010-02-25 11:49:00,2011-04-18 13:36:00,417,269.47875,At risk
18010,174.8,1,2011-03-28 12:27:00,2011-03-28 12:27:00,1,174.8,Lost
18011,527.03,2,2010-05-21 13:28:00,2010-12-01 17:35:00,194,263.515,At risk
18012,115.3,1,2009-12-16 13:16:00,2009-12-16 13:16:00,1,115.3,Lost
18013,187.29,2,2011-07-07 14:08:00,2011-07-07 14:11:00,1,93.645,Loyal
18014,166.42,1,2011-11-11 15:28:00,2011-11-11 15:28:00,1,166.42,New customers
18016,1960.46,7,2010-01-27 16:00:00,2011-11-07 13:25:00,648,280.0657142857143,Champions
18017,688.0,4,2010-10-04 15:11:00,2011-09-19 16:15:00,350,172.0,Loyal
18018,297.99,4,2010-10-15 11:05:00,2011-08-23 17:37:00,312,74.4975,Loyal
18019,38.45,1,2011-10-19 12:10:00,2011-10-19 12:10:00,1,38.45,New customers
18020,190.48000000000002,1,2010-06-14 12:31:00,2010-06-14 12:31:00,1,190.48000000000002,Lost
18021,227.06,2,2010-07-15 18:47:00,2010-07-18 10:52:00,2,113.53,At risk
18022,1651.79,5,2010-06-11 13:59:00,2011-11-04 12:45:00,510,330.358,Champions
18024,389.78,2,2011-07-10 12:28:00,2011-07-10 12:40:00,1,194.89,Loyal
18025,1177.72,6,2010-03-30 17:33:00,2010-11-25 12:37:00,239,196.28666666666666,At risk
18026,2074.07,2,2010-07-22 16:21:00,2010-07-27 10:37:00,4,1037.035,At risk
18027,115.31,1,2011-09-02 10:38:00,2011-09-02 10:38:00,1,115.31,Potential loyalists
18028,192.05,1,2010-05-05 13:28:00,2010-05-05 13:28:00,1,192.05,Lost
18029,433.77,1,2010-03-07 15:30:00,2010-03-07 15:30:00,1,433.77,Lost
18030,121.1,1,2011-10-28 13:55:00,2011-10-28 13:55:00,1,121.1,New customers
18031,462.09999999999997,1,2010-11-26 11:00:00,2010-11-26 11:00:00,1,462.09999999999997,Lost
18032,73.5,1,2011-01-09 15:32:00,2011-01-09 15:32:00,1,73.5,Lost
18033,97.97,1,2011-10-05 17:28:00,2011-10-05 17:28:00,1,97.97,Potential loyalists
18034,793.7,3,2010-11-29 12:36:00,2011-11-18 12:22:00,353,264.56666666666666,Loyal
18035,1276.74,5,2010-11-19 13:42:00,2011-11-04 12:39:00,349,255.348,Champions
18036,1563.6399999999999,11,2009-12-18 12:04:00,2011-11-07 14:40:00,689,142.1490909090909,Champions
18037,167.42,15,2009-12-01 13:48:00,2011-07-08 13:39:00,583,11.161333333333333,Loyal
18038,149.41,1,2010-06-01 15:59:00,2010-06-01 15:59:00,1,149.41,Lost
18039,579.17,4,2010-03-09 11:19:00,2010-11-30 13:07:00,266,144.7925,At risk
18040,357.20000000000005,2,2011-04-08 08:27:00,2011-11-20 14:20:00,226,178.60000000000002,Loyal
18041,8752.38,38,2010-01-14 10:04:00,2011-11-28 11:39:00,683,230.32578947368418,Champions
18042,281.15,2,2010-06-16 10:53:00,2011-10-17 11:49:00,488,140.575,Loyal
18043,875.97,3,2010-12-08 12:35:00,2011-11-15 12:48:00,342,291.99,Loyal
18044,3294.71,17,2010-05-28 15:31:00,2011-11-03 08:56:00,523,193.8064705882353,Champions
18045,189.4,1,2011-10-25 13:07:00,2011-10-25 13:07:00,1,189.4,New customers
18046,189.63,1,2010-02-28 11:36:00,2010-02-28 11:36:00,1,189.63,Lost
18047,342.69,2,2010-11-23 12:57:00,2010-11-23 13:11:00,1,171.345,At risk
18048,401.73,3,2010-08-03 13:03:00,2011-05-20 14:58:00,290,133.91,At risk
18049,556.52,2,2010-04-28 13:24:00,2010-09-28 14:26:00,153,278.26,At risk
18050,412.06,2,2010-11-11 15:51:00,2010-12-15 14:25:00,33,206.03,At risk
18051,2282.28,7,2009-12-09 12:17:00,2010-03-15 13:58:00,96,326.04,At risk
18052,10877.18,1,2010-05-24 11:11:00,2010-05-24 11:11:00,1,10877.18,Lost
18053,571.07,3,2010-06-30 12:36:00,2011-09-30 09:05:00,456,190.35666666666668,Loyal
18054,176.5,1,2010-11-12 08:18:00,2010-11-12 08:18:00,1,176.5,Lost
18055,11195.57,14,2010-10-22 13:27:00,2011-12-02 14:25:00,406,799.6835714285714,Champions
18056,554.6,2,2010-03-31 12:29:00,2011-02-24 14:27:00,330,277.3,At risk
18057,1203.56,3,2010-01-18 12:42:00,2010-11-11 16:55:00,297,401.18666666666667,At risk
18058,774.06,3,2010-02-10 09:38:00,2011-11-30 08:38:00,657,258.02,Loyal
18059,306.46,3,2011-10-03 09:30:00,2011-11-16 16:49:00,44,102.15333333333332,Loyal
18060,1185.46,2,2010-05-24 08:34:00,2010-10-27 16:41:00,156,592.73,At risk
18061,6488.97,28,2009-12-04 11:36:00,2011-11-18 11:20:00,713,231.7489285714286,Champions
18062,1632.67,6,2010-04-21 08:55:00,2011-06-19 14:47:00,424,272.1116666666667,Loyal
18063,186.60000000000002,2,2010-03-16 13:05:00,2010-11-14 10:46:00,242,93.30000000000001,At risk
18064,4495.03,11,2010-02-01 15:01:00,2011-07-29 16:39:00,543,408.6390909090909,Loyal
18065,5866.63,29,2009-12-09 16:00:00,2011-12-04 10:30:00,724,202.29758620689657,Champions
18066,1440.4,3,2010-10-20 11:42:00,2011-09-25 15:30:00,340,480.1333333333334,Loyal
18067,396.33,1,2011-10-30 15:58:00,2011-10-30 15:58:00,1,396.33,New customers
18068,101.69999999999999,1,2011-02-23 14:50:00,2011-02-23 14:50:00,1,101.69999999999999,Lost
18069,4540.56,11,2010-02-28 16:14:00,2011-11-13 16:03:00,622,412.77818181818185,Champions
18070,314.1,1,2010-02-08 13:28:00,2010-02-08 13:28:00,1,314.1,Lost
18071,1428.63,6,2009-12-05 10:31:00,2011-03-27 11:59:00,477,238.10500000000002,At risk
18072,247.44,1,2011-06-07 10:44:00,2011-06-07 10:44:00,1,247.44,Potential loyalists
18073,3877.5200000000004,12,2011-05-26 19:38:00,2011-08-17 14:02:00,82,323.1266666666667,Loyal
18074,1509.04,2,2010-07-22 10:31:00,2010-12-01 09:53:00,131,754.52,At risk
18075,5783.29,20,2010-07-29 11:47:00,2011-11-16 15:21:00,475,289.1645,Champions
18076,151.49,1,2010-11-24 14:02:00,2010-11-24 14:02:00,1,151.49,Lost
18077,4338.56,18,2009-12-07 11:40:00,2011-12-01 13:32:00,724,241.03111111111113,Champions
18078,844.6,4,2010-03-21 15:50:00,2011-05-06 14:32:00,410,211.15,At risk
18079,4242.75,5,2010-08-05 12:19:00,2011-10-25 15:27:00,446,848.55,Champions
18080,1231.5,2,2011-04-11 10:10:00,2011-11-21 08:02:00,223,615.75,Loyal
18081,343.45,3,2011-07-29 11:56:00,2011-11-03 16:30:00,97,114.48333333333333,Loyal
18082,703.37,1,2011-11-14 12:45:00,2011-11-14 12:45:00,1,703.37,New customers
18083,470.72999999999996,1,2010-11-07 11:44:00,2010-11-07 11:44:00,1,470.72999999999996,Lost
18084,812.93,3,2010-11-16 08:09:00,2011-11-23 13:57:00,372,270.97666666666663,Loyal
18085,1645.75,4,2010-03-21 11:57:00,2011-01-13 15:17:00,298,411.4375,At risk
18086,101.34,1,2011-03-10 13:34:00,2011-03-10 13:34:00,1,101.34,Lost
18087,14761.519999999999,17,2009-12-01 09:43:00,2011-09-02 15:12:00,640,868.3247058823529,Loyal
18088,167.67000000000002,1,2011-10-09 13:41:00,2011-10-09 13:41:00,1,167.67000000000002,New customers
18089,428.45,1,2010-09-19 11:57:00,2010-09-19 11:57:00,1,428.45,Lost
18090,349.4,1,2010-10-14 12:32:00,2010-10-14 12:32:00,1,349.4,Lost
18091,360.85,1,2010-04-25 13:18:00,2010-04-25 13:18:00,1,360.85,Lost
18092,15617.6,17,2009-12-04 12:37:00,2011-11-01 10:56:00,696,918.6823529411765,Champions
18093,4452.71,8,2010-03-31 10:27:00,2011-09-07 15:43:00,525,556.58875,Loyal
18094,6391.52,13,2010-01-07 11:16:00,2011-09-19 09:28:00,619,491.65538461538466,Loyal
18095,2303.09,5,2010-04-19 14:09:00,2011-01-31 12:50:00,286,460.61800000000005,At risk
18096,1805.28,6,2010-07-14 14:30:00,2011-11-28 12:44:00,501,300.88,Champions
18097,4663.32,11,2009-12-17 11:06:00,2011-12-02 11:16:00,715,423.9381818181818,Champions
18098,550.84,1,2010-11-08 16:31:00,2010-11-08 16:31:00,1,550.84,Lost
18099,168.31,1,2011-08-04 15:52:00,2011-08-04 15:52:00,1,168.31,Potential loyalists
18100,451.56,1,2010-06-07 14:19:00,2010-06-07 14:19:00,1,451.56,Lost
18101,629.16,5,2010-02-03 13:52:00,2011-11-28 13:37:00,662,125.832,Champions
18102,597336.11,142,2009-12-01 09:24:00,2011-11-28 12:55:00,727,4206.5923239436615,Champions
18103,105.8,1,2010-06-08 13:36:00,2010-06-08 13:36:00,1,105.8,Lost
18104,754.64,1,2011-11-02 14:07:00,2011-11-02 14:07:00,1,754.64,New customers
18105,113.48000000000002,1,2011-11-02 12:04:00,2011-11-02 12:04:00,1,113.48000000000002,New customers
18106,1461.46,6,2010-01-15 11:36:00,2011-01-14 12:23:00,364,243.57666666666668,At risk
18107,167.13,1,2010-09-23 13:03:00,2010-09-23 13:03:00,1,167.13,Lost
18108,848.8100000000001,3,2009-12-02 12:47:00,2011-03-30 13:56:00,483,282.93666666666667,At risk
18109,9201.29,37,2010-07-01 12:13:00,2011-12-02 16:06:00,519,248.68351351351353,Champions
18110,435.43,2,2010-10-24 14:21:00,2011-11-20 12:34:00,391,217.715,Loyal
18111,405.85,1,2010-04-29 12:58:00,2010-04-29 12:58:00,1,405.85,Lost
18112,775.96,4,2010-06-06 12:40:00,2011-11-27 14:43:00,539,193.99,Champions
18113,152.64000000000001,1,2010-12-06 12:31:00,2010-12-06 12:31:00,1,152.64000000000001,Lost
18114,220.1,1,2011-02-22 13:20:00,2011-02-22 13:20:00,1,220.1,Lost
18115,9.700000000000001,1,2010-01-11 11:57:00,2010-01-11 11:57:00,1,9.700000000000001,Lost
18116,2154.3,13,2010-10-24 15:29:00,2011-10-03 11:00:00,343,165.71538461538464,Loyal
18117,320.72,1,2011-11-14 12:47:00,2011-11-14 12:47:00,1,320.72,New customers
18118,6733.22,29,2010-11-23 13:36:00,2011-11-29 11:32:00,370,232.18,Champions
18119,362.24,1,2010-12-07 11:59:00,2010-12-07 11:59:00,1,362.24,Lost
18120,111.15,1,2011-05-09 13:45:00,2011-05-09 13:45:00,1,111.15,Lost
18121,673.1,2,2011-07-08 12:14:00,2011-07-13 12:53:00,5,336.55,Loyal
18122,1826.21,6,2011-07-12 11:37:00,2011-12-01 13:08:00,142,304.36833333333334,Champions
18123,684.59,3,2010-07-14 12:47:00,2011-11-15 14:23:00,489,228.1966666666667,Loyal
18124,111.53,1,2010-08-24 17:21:00,2010-08-24 17:21:00,1,111.53,Lost
18125,1142.99,4,2011-01-27 15:02:00,2011-11-10 12:29:00,286,285.7475,Champions
18126,206.82999999999998,1,2011-10-10 12:19:00,2011-10-10 12:19:00,1,206.82999999999998,New customers
18127,561.53,4,2010-11-01 13:56:00,2011-11-20 14:05:00,384,140.3825,Champions
18128,420.04,1,2010-06-20 13:19:00,2010-06-20 13:19:00,1,420.04,Lost
18129,112.55000000000001,1,2011-04-10 14:16:00,2011-04-10 14:16:00,1,112.55000000000001,Lost
18130,1059.39,3,2011-10-13 15:58:00,2011-11-24 14:40:00,41,353.13000000000005,Loyal
18131,222.95999999999998,1,2010-03-18 08:48:00,2010-03-18 08:48:00,1,222.95999999999998,Lost
18132,226.9,1,2010-07-23 16:54:00,2010-07-23 16:54:00,1,226.9,Lost
18133,931.4999999999999,1,2011-05-11 14:14:00,2011-05-11 14:14:00,1,931.4999999999999,Lost
18134,445.0,2,2010-01-14 11:59:00,2010-04-20 14:02:00,96,222.5,At risk
18135,1249.6200000000001,10,2010-03-15 13:55:00,2011-11-10 19:32:00,605,124.96200000000002,Champions
18136,1631.3600000000001,5,2010-09-14 15:50:00,2011-10-07 15:40:00,387,326.27200000000005,Champions
18137,145.99,2,2010-06-06 13:45:00,2010-06-06 14:18:00,1,72.995,At risk
18138,152.65,1,2011-02-17 14:51:00,2011-02-17 14:51:00,1,152.65,Lost
18139,8438.34,6,2011-11-21 14:06:00,2011-11-22 10:44:00,1,1406.39,Champions
18140,536.41,1,2010-08-23 11:58:00,2010-08-23 11:58:00,1,536.41,Lost
18141,882.47,2,2010-04-29 15:32:00,2010-11-03 11:44:00,187,441.235,At risk
18142,1019.52,2,2011-05-08 12:31:00,2011-07-05 13:19:00,58,509.76,Loyal
18143,1000.16,2,2011-07-21 10:44:00,2011-08-15 12:07:00,25,500.08,Loyal
18144,5058.0,19,2009-12-16 15:57:00,2011-12-02 12:46:00,715,266.2105263157895,Champions
18145,5617.79,11,2009-12-08 12:30:00,2011-11-27 11:22:00,718,510.7081818181818,Champions
18146,160.35000000000002,2,2011-05-03 16:35:00,2011-07-22 12:08:00,79,80.17500000000001,Loyal
18147,179.33999999999997,2,2011-08-23 12:22:00,2011-10-25 11:46:00,62,89.66999999999999,Loyal
18148,114.10000000000001,1,2010-03-03 11:40:00,2010-03-03 11:40:00,1,114.10000000000001,Lost
18149,1624.71,7,2010-03-14 12:41:00,2011-10-20 12:04:00,584,232.10142857142858,Champions
18150,566.58,3,2011-05-22 10:47:00,2011-11-07 16:49:00,169,188.86,Loyal
18151,1879.44,6,2010-03-04 10:47:00,2011-07-28 11:35:00,511,313.24,Loyal
18152,426.69,1,2010-03-03 15:26:00,2010-03-03 15:26:00,1,426.69,Lost
18153,246.22,1,2010-02-18 15:50:00,2010-02-18 15:50:00,1,246.22,Lost
18154,753.9,4,2010-08-06 09:18:00,2011-10-27 10:40:00,447,188.475,Champions
18155,371.62,3,2011-02-21 10:36:00,2011-09-25 13:32:00,216,123.87333333333333,Loyal
18156,941.1700000000001,2,2010-12-05 12:29:00,2011-11-27 12:24:00,356,470.58500000000004,Loyal
18157,215.35,1,2010-05-17 14:09:00,2010-05-17 14:09:00,1,215.35,Lost
18158,453.4,2,2011-09-12 09:03:00,2011-11-30 16:19:00,79,226.7,Loyal
18159,530.15,1,2011-02-11 14:26:00,2011-02-11 14:26:00,1,530.15,Lost
18160,1003.88,3,2010-11-18 16:33:00,2011-10-13 15:50:00,328,334.62666666666667,Loyal
18161,1803.1000000000001,6,2010-11-25 15:55:00,2011-11-24 16:40:00,364,300.5166666666667,Champions
18162,379.16,1,2009-12-07 13:24:00,2009-12-07 13:24:00,1,379.16,Lost
18163,728.84,1,2010-05-04 14:51:00,2010-05-04 14:51:00,1,728.84,Lost
18164,399.65000000000003,1,2011-11-02 12:56:00,2011-11-02 12:56:00,1,399.65000000000003,New customers
18165,302.46000000000004,1,2011-06-15 13:23:00,2011-06-15 13:23:00,1,302.46000000000004,Potential loyalists
18166,175.5,1,2010-03-26 12:26:00,2010-03-26 12:26:00,1,175.5,Lost
18167,1384.8600000000001,3,2011-08-26 11:40:00,2011-11-16 15:56:00,82,461.62000000000006,Loyal
18168,3770.27,16,2009-12-03 17:29:00,2011-06-16 19:21:00,560,235.641875,Loyal
18169,202.65,1,2011-10-10 12:18:00,2011-10-10 12:18:00,1,202.65,New customers
18170,2878.0,9,2010-01-08 14:10:00,2011-11-06 14:35:00,667,319.77777777777777,Champions
18171,2437.31,9,2010-01-05 10:46:00,2011-10-12 09:13:00,644,270.8122222222222,Champions
18172,17479.84,52,2009-12-11 09:58:00,2011-11-25 11:12:00,714,336.15076923076924,Champions
18173,2696.36,5,2010-04-06 10:43:00,2011-09-14 11:26:00,526,539.272,Loyal
18174,162.5,2,2010-04-15 12:17:00,2011-12-02 16:56:00,596,81.25,Loyal
18175,176.1,1,2010-02-02 10:25:00,2010-02-02 10:25:00,1,176.1,Lost
18176,476.35,1,2010-12-16 15:45:00,2010-12-16 15:45:00,1,476.35,Lost
18177,2216.87,9,2009-12-15 18:57:00,2011-11-08 14:44:00,692,246.31888888888886,Champions
18178,6103.74,11,2010-02-18 14:25:00,2011-08-03 09:30:00,530,554.8854545454545,Loyal
18179,2547.55,8,2010-02-14 15:51:00,2011-11-30 16:23:00,654,318.44375,Champions
18180,1533.02,5,2011-07-20 08:59:00,2011-10-11 11:38:00,83,306.604,Champions
18181,1205.94,5,2009-12-04 15:30:00,2011-11-15 15:08:00,710,241.18800000000002,Champions
18182,291.13,1,2010-09-02 14:25:00,2010-09-02 14:25:00,1,291.13,Lost
18183,632.07,2,2011-03-10 10:08:00,2011-04-26 15:26:00,47,316.035,At risk
18184,49.8,1,2011-11-24 15:28:00,2011-11-24 15:28:00,1,49.8,New customers
18185,304.25,1,2011-04-04 13:42:00,2011-04-04 13:42:00,1,304.25,Lost
18186,329.58,1,2009-12-17 10:22:00,2009-12-17 10:22:00,1,329.58,Lost
18187,724.89,1,2010-03-18 09:49:00,2010-03-18 09:49:00,1,724.89,Lost
18188,3280.59,6,2010-03-26 11:37:00,2011-11-24 16:46:00,608,546.765,Champions
18189,1403.73,3,2010-03-24 09:57:00,2011-09-23 12:40:00,548,467.91,Loyal
18190,745.62,5,2009-12-22 12:05:00,2011-05-31 14:48:00,525,149.124,Loyal
18191,529.4,2,2010-08-19 17:42:00,2011-03-23 12:08:00,215,264.7,At risk
18192,957.97,1,2011-09-29 09:53:00,2011-09-29 09:53:00,1,957.97,Potential loyalists
18193,1207.35,3,2010-09-23 13:33:00,2011-06-27 13:58:00,277,402.45,Loyal
18194,4162.04,6,2010-01-28 15:30:00,2011-09-18 13:29:00,597,693.6733333333333,Loyal
18195,101.16,1,2010-11-17 15:03:00,2010-11-17 15:03:00,1,101.16,Lost
18196,1464.31,4,2010-03-17 14:55:00,2011-09-05 16:22:00,537,366.0775,Loyal
18197,230.1,1,2010-05-13 10:46:00,2010-05-13 10:46:00,1,230.1,Lost
18198,5107.110000000001,16,2011-01-07 13:39:00,2011-11-08 15:35:00,305,319.19437500000004,Champions
18199,344.75,1,2010-01-25 11:32:00,2010-01-25 11:32:00,1,344.75,Lost
18200,163.8,1,2011-08-25 18:45:00,2011-08-25 18:45:00,1,163.8,Potential loyalists
18201,447.53000000000003,1,2009-12-17 08:55:00,2009-12-17 08:55:00,1,447.53000000000003,Lost
18202,1396.99,3,2011-02-01 13:36:00,2011-05-24 12:12:00,111,465.66333333333336,At risk
18203,504.42,4,2009-12-08 13:19:00,2011-07-05 13:07:00,573,126.105,Loyal
18204,1993.7,3,2011-05-31 15:26:00,2011-09-29 16:44:00,121,664.5666666666667,Loyal
18205,517.36,2,2011-09-26 12:02:00,2011-11-03 13:22:00,38,258.68,Loyal
18206,314.65999999999997,1,2010-06-04 13:47:00,2010-06-04 13:47:00,1,314.65999999999997,Lost
18207,544.47,1,2010-07-28 14:26:00,2010-07-28 14:26:00,1,544.47,Lost
18208,360.08,1,2010-05-23 11:54:00,2010-05-23 11:54:00,1,360.08,Lost
18209,139.10000000000002,1,2011-11-11 12:07:00,2011-11-11 12:07:00,1,139.10000000000002,New customers
18210,2590.93,6,2010-11-22 09:39:00,2011-11-30 08:43:00,372,431.82166666666666,Champions
18211,600.07,5,2011-03-06 12:09:00,2011-11-14 08:10:00,252,120.01400000000001,Champions
18212,546.72,2,2010-01-31 14:42:00,2011-01-17 16:14:00,351,273.36,At risk
18213,232.48000000000002,1,2011-04-17 10:21:00,2011-04-17 10:21:00,1,232.48000000000002,Lost
18214,1780.34,4,2010-06-03 19:47:00,2010-06-27 11:21:00,23,445.085,At risk
18215,2247.4900000000002,5,2010-03-26 13:03:00,2011-09-11 16:05:00,534,449.49800000000005,Loyal
18216,481.75,1,2011-11-08 16:55:00,2011-11-08 16:55:00,1,481.75,New customers
18217,945.04,4,2010-07-01 15:39:00,2011-11-10 13:18:00,496,236.26,Champions
18218,1142.0,4,2010-02-17 15:11:00,2011-05-12 12:53:00,448,285.5,At risk
18219,3320.52,16,2009-12-07 13:17:00,2011-10-27 18:02:00,689,207.5325,Champions
18220,1921.76,6,2009-12-15 11:42:00,2011-04-27 09:03:00,497,320.29333333333335,At risk
18221,1424.94,6,2010-11-14 15:46:00,2011-11-17 14:40:00,367,237.49,Champions
18222,443.0,1,2011-09-08 10:45:00,2011-09-08 10:45:00,1,443.0,Potential loyalists
18223,13422.130000000001,25,2009-12-04 12:20:00,2011-10-31 09:48:00,695,536.8852,Champions
18224,158.95000000000002,1,2011-03-21 10:30:00,2011-03-21 10:30:00,1,158.95000000000002,Lost
18225,12723.98,25,2009-12-04 16:52:00,2011-11-18 13:16:00,713,508.9592,Champions
18226,11878.88,26,2010-03-05 10:05:00,2011-10-26 13:36:00,600,456.88,Champions
18227,388.75,2,2010-08-12 16:45:00,2011-05-06 12:23:00,266,194.375,At risk
18228,779.9,2,2011-09-21 10:48:00,2011-10-14 09:21:00,22,389.95,Loyal
18229,10803.710000000001,28,2009-12-03 14:42:00,2011-11-28 09:48:00,724,385.8467857142858,Champions
18230,4291.06,9,2010-07-02 10:01:00,2011-11-30 13:22:00,516,476.7844444444445,Champions
18231,6880.97,28,2010-01-10 12:13:00,2011-05-31 14:18:00,506,245.7489285714286,Loyal
18232,592.97,4,2011-05-26 16:30:00,2011-09-19 11:49:00,115,148.2425,Loyal
18233,440.0,1,2011-01-18 08:44:00,2011-01-18 08:44:00,1,440.0,Lost
18234,179.6,1,2010-06-06 11:22:00,2010-06-06 11:22:00,1,179.6,Lost
18235,1796.48,3,2011-05-06 13:35:00,2011-09-29 08:27:00,145,598.8266666666667,Loyal
18236,1795.3500000000001,12,2010-04-15 13:39:00,2011-11-10 08:06:00,573,149.6125,Champions
18237,861.35,4,2011-07-28 13:05:00,2011-10-05 13:33:00,69,215.3375,Loyal
18238,270.92,1,2010-07-12 12:51:00,2010-07-12 12:51:00,1,270.92,Lost
18239,2150.36,6,2010-10-13 10:11:00,2011-05-05 12:38:00,204,358.3933333333334,At risk
18240,422.58,1,2011-10-24 13:06:00,2011-10-24 13:06:00,1,422.58,New customers
18241,2986.9900000000002,21,2010-04-01 11:55:00,2011-11-30 12:10:00,608,142.23761904761906,Champions
18242,3605.21,8,2010-01-11 08:49:00,2011-09-28 13:43:00,625,450.65125,Loyal
18243,515.78,1,2010-10-21 14:29:00,2010-10-21 14:29:00,1,515.78,Lost
18244,568.64,2,2010-07-25 10:30:00,2010-10-05 11:15:00,72,284.32,At risk
18245,6324.9800000000005,20,2010-03-08 15:26:00,2011-12-02 14:48:00,633,316.249,Champions
18246,758.8199999999999,3,2010-04-09 10:19:00,2011-11-16 11:49:00,586,252.93999999999997,Loyal
18247,839.73,3,2010-03-18 15:52:00,2010-10-21 09:49:00,216,279.91,At risk
18248,804.02,2,2011-06-06 13:18:00,2011-08-09 10:19:00,63,402.01,Loyal
18249,95.34,1,2011-11-22 15:07:00,2011-11-22 15:07:00,1,95.34,New customers
18250,349.27,1,2011-02-02 13:16:00,2011-02-02 13:16:00,1,349.27,Lost
18251,26278.86,9,2009-12-22 12:01:00,2011-09-13 15:03:00,630,2919.8733333333334,Loyal
18252,1542.09,7,2009-12-18 16:13:00,2011-10-20 12:43:00,670,220.29857142857142,Champions
18253,317.88,1,2010-03-07 12:38:00,2010-03-07 12:38:00,1,317.88,Lost
18254,267.9,1,2010-05-07 14:37:00,2010-05-07 14:37:00,1,267.9,Lost
18255,303.15,2,2010-09-09 16:31:00,2011-09-11 13:16:00,366,151.575,Loyal
18256,110.7,1,2010-11-17 08:53:00,2010-11-17 08:53:00,1,110.7,Lost
18257,4600.15,12,2010-02-18 16:20:00,2011-10-31 14:48:00,619,383.3458333333333,Champions
18258,2059.67,6,2010-05-16 11:35:00,2010-09-01 14:20:00,108,343.27833333333336,At risk
18259,4318.200000000001,7,2009-12-08 08:38:00,2011-11-15 12:34:00,707,616.8857142857144,Champions
18260,9962.11,23,2009-12-15 13:50:00,2011-06-20 12:37:00,551,433.13521739130437,Loyal
18261,324.24,2,2011-09-05 09:34:00,2011-10-27 15:36:00,52,162.12,Loyal
18262,577.54,3,2010-04-16 09:05:00,2011-07-22 16:04:00,462,192.51333333333332,Loyal
18263,1213.1599999999999,3,2011-04-01 11:48:00,2011-11-14 09:00:00,226,404.3866666666666,Loyal
18264,603.25,1,2010-07-29 10:02:00,2010-07-29 10:02:00,1,603.25,Lost
18265,801.51,2,2011-07-04 15:26:00,2011-09-28 14:10:00,85,400.755,Loyal
18266,251.1,1,2010-10-01 15:33:00,2010-10-01 15:33:00,1,251.1,Lost
18267,269.37,1,2010-02-05 08:43:00,2010-02-05 08:43:00,1,269.37,Lost
18268,1490.23,6,2009-12-11 10:27:00,2011-07-28 19:13:00,594,248.37166666666667,Loyal
18269,337.2,1,2010-12-08 13:53:00,2010-12-08 13:53:00,1,337.2,Lost
18270,444.55,3,2010-10-03 10:49:00,2011-11-01 13:57:00,394,148.18333333333334,Loyal
18271,680.85,2,2009-12-08 11:27:00,2010-04-09 09:26:00,121,340.425,At risk
18272,4018.1,8,2010-03-04 12:53:00,2011-10-25 11:52:00,599,502.2625,Champions
18273,306.0,3,2010-04-28 12:24:00,2011-09-05 11:27:00,494,102.0,Loyal
18274,175.92,1,2011-11-09 17:03:00,2011-11-09 17:03:00,1,175.92,New customers
18275,741.85,2,2009-12-08 16:23:00,2010-05-10 15:46:00,152,370.925,At risk
18276,1656.52,6,2009-12-10 17:14:00,2011-10-27 10:54:00,685,276.08666666666664,Champions
18277,1180.05,5,2010-08-02 10:26:00,2011-10-12 15:22:00,436,236.01,Champions
18278,414.20000000000005,2,2010-10-31 12:13:00,2011-09-27 11:58:00,330,207.10000000000002,Loyal
18279,231.33999999999997,1,2010-07-08 14:48:00,2010-07-08 14:48:00,1,231.33999999999997,Lost
18280,488.15000000000003,2,2010-11-10 15:51:00,2011-03-07 09:52:00,116,244.07500000000002,At risk
18281,201.14,2,2010-05-11 10:49:00,2011-06-12 10:53:00,397,100.57,Loyal
18282,178.05,2,2011-08-05 13:35:00,2011-12-02 11:43:00,118,89.025,Loyal
18283,2528.65,21,2010-02-19 17:16:00,2011-11-30 12:59:00,648,120.41190476190476,Champions
18284,461.68,1,2010-10-04 11:33:00,2010-10-04 11:33:00,1,461.68,Lost
18285,427.0,1,2010-02-17 10:24:00,2010-02-17 10:24:00,1,427.0,Lost
18286,1296.43,2,2009-12-16 10:45:00,2010-08-20 11:57:00,247,648.215,At risk
18287,4182.99,7,2010-05-17 11:55:00,2011-10-28 09:29:00,528,597.5699999999999,Champions
